country_code,indicator_code,date,value,source_organization,source_dataset,source_status,release_status,observation_type
AR,CPI_YOY_A,2027,15.667,IMF,World Economic Outlook,official,final,forecast
AR,CPI_YOY_A,2028,9.554,IMF,World Economic Outlook,official,final,forecast
AR,CPI_YOY_A,2029,7.5,IMF,World Economic Outlook,official,final,forecast
AR,CPI_YOY_A,2030,7.5,IMF,World Economic Outlook,official,final,forecast
AR,CPI_YOY_A,2031,7.5,IMF,World Economic Outlook,official,final,forecast
AR,CURRENT_ACCOUNT_GDP_A,2027,-0.578,IMF,World Economic Outlook,official,final,forecast
AR,CURRENT_ACCOUNT_GDP_A,2028,-0.607,IMF,World Economic Outlook,official,final,forecast
AR,CURRENT_ACCOUNT_GDP_A,2029,-0.468,IMF,World Economic Outlook,official,final,forecast
AR,CURRENT_ACCOUNT_GDP_A,2030,-0.388,IMF,World Economic Outlook,official,final,forecast
AR,CURRENT_ACCOUNT_GDP_A,2031,-0.337,IMF,World Economic Outlook,official,final,forecast
AR,GDP_CURRENT_LCU_A,2027,1400412606000000.0,IMF,World Economic Outlook,official,final,forecast
AR,GDP_CURRENT_LCU_A,2028,1592133224000000.0,IMF,World Economic Outlook,official,final,forecast
AR,GDP_CURRENT_LCU_A,2029,1771639906000000.0,IMF,World Economic Outlook,official,final,forecast
AR,GDP_CURRENT_LCU_A,2030,1964690785000000.0,IMF,World Economic Outlook,official,final,forecast
AR,GDP_CURRENT_LCU_A,2031,2176096937000000.0,IMF,World Economic Outlook,official,final,forecast
AR,GDP_DEFLATOR_INDEX_A,2027,176031.616,IMF,World Economic Outlook,official,final,forecast
AR,GDP_DEFLATOR_INDEX_A,2028,192863.961,IMF,World Economic Outlook,official,final,forecast
AR,GDP_DEFLATOR_INDEX_A,2029,207277.072,IMF,World Economic Outlook,official,final,forecast
AR,GDP_DEFLATOR_INDEX_A,2030,222842.225,IMF,World Economic Outlook,official,final,forecast
AR,GDP_DEFLATOR_INDEX_A,2031,239539.066,IMF,World Economic Outlook,official,final,forecast
AR,GDP_NOMINAL_USD_A,2027,703668000000.0,IMF,World Economic Outlook,official,final,forecast
AR,GDP_NOMINAL_USD_A,2028,746843000000.0,IMF,World Economic Outlook,official,final,forecast
AR,GDP_NOMINAL_USD_A,2029,789967000000.0,IMF,World Economic Outlook,official,final,forecast
AR,GDP_NOMINAL_USD_A,2030,833284000000.0,IMF,World Economic Outlook,official,final,forecast
AR,GDP_NOMINAL_USD_A,2031,878051000000.0,IMF,World Economic Outlook,official,final,forecast
AR,GDP_PER_CAPITA_USD_A,2027,14530.185,IMF,World Economic Outlook,official,final,forecast
AR,GDP_PER_CAPITA_USD_A,2028,15269.025,IMF,World Economic Outlook,official,final,forecast
AR,GDP_PER_CAPITA_USD_A,2029,15990.781,IMF,World Economic Outlook,official,final,forecast
AR,GDP_PER_CAPITA_USD_A,2030,16700.625,IMF,World Economic Outlook,official,final,forecast
AR,GDP_PER_CAPITA_USD_A,2031,17423.59,IMF,World Economic Outlook,official,final,forecast
AR,GDP_REAL_GROWTH_YOY_A,2027,4.003,IMF,World Economic Outlook,official,final,forecast
AR,GDP_REAL_GROWTH_YOY_A,2028,3.768,IMF,World Economic Outlook,official,final,forecast
AR,GDP_REAL_GROWTH_YOY_A,2029,3.537,IMF,World Economic Outlook,official,final,forecast
AR,GDP_REAL_GROWTH_YOY_A,2030,3.151,IMF,World Economic Outlook,official,final,forecast
AR,GDP_REAL_GROWTH_YOY_A,2031,3.04,IMF,World Economic Outlook,official,final,forecast
AR,GDP_REAL_LCU_A,2027,795546000000.0,IMF,World Economic Outlook,official,final,forecast
AR,GDP_REAL_LCU_A,2028,825521000000.0,IMF,World Economic Outlook,official,final,forecast
AR,GDP_REAL_LCU_A,2029,854721000000.0,IMF,World Economic Outlook,official,final,forecast
AR,GDP_REAL_LCU_A,2030,881651000000.0,IMF,World Economic Outlook,official,final,forecast
AR,GDP_REAL_LCU_A,2031,908452000000.0,IMF,World Economic Outlook,official,final,forecast
AR,GOV_DEBT_GDP_A,2027,68.062,IMF,World Economic Outlook,official,final,forecast
AR,GOV_DEBT_GDP_A,2028,63.035,IMF,World Economic Outlook,official,final,forecast
AR,GOV_DEBT_GDP_A,2029,59.32,IMF,World Economic Outlook,official,final,forecast
AR,GOV_DEBT_GDP_A,2030,55.366,IMF,World Economic Outlook,official,final,forecast
AR,GOV_DEBT_GDP_A,2031,52.158,IMF,World Economic Outlook,official,final,forecast
AR,GOV_EXPENSE_GDP_A,2027,31.817,IMF,World Economic Outlook,official,final,forecast
AR,GOV_EXPENSE_GDP_A,2028,31.949,IMF,World Economic Outlook,official,final,forecast
AR,GOV_EXPENSE_GDP_A,2029,32.118,IMF,World Economic Outlook,official,final,forecast
AR,GOV_EXPENSE_GDP_A,2030,32.142,IMF,World Economic Outlook,official,final,forecast
AR,GOV_EXPENSE_GDP_A,2031,32.124,IMF,World Economic Outlook,official,final,forecast
AR,GOV_NET_LENDING_GDP_A,2027,0.374,IMF,World Economic Outlook,official,final,forecast
AR,GOV_NET_LENDING_GDP_A,2028,0.28,IMF,World Economic Outlook,official,final,forecast
AR,GOV_NET_LENDING_GDP_A,2029,0.824,IMF,World Economic Outlook,official,final,forecast
AR,GOV_NET_LENDING_GDP_A,2030,1.144,IMF,World Economic Outlook,official,final,forecast
AR,GOV_NET_LENDING_GDP_A,2031,1.28,IMF,World Economic Outlook,official,final,forecast
AR,GOV_REVENUE_GDP_A,2027,32.19,IMF,World Economic Outlook,official,final,forecast
AR,GOV_REVENUE_GDP_A,2028,32.229,IMF,World Economic Outlook,official,final,forecast
AR,GOV_REVENUE_GDP_A,2029,32.942,IMF,World Economic Outlook,official,final,forecast
AR,GOV_REVENUE_GDP_A,2030,33.287,IMF,World Economic Outlook,official,final,forecast
AR,GOV_REVENUE_GDP_A,2031,33.404,IMF,World Economic Outlook,official,final,forecast
AR,GROSS_CAPITAL_FORMATION_GDP_A,2027,17.551,IMF,World Economic Outlook,official,final,forecast
AR,GROSS_CAPITAL_FORMATION_GDP_A,2028,18.659,IMF,World Economic Outlook,official,final,forecast
AR,GROSS_CAPITAL_FORMATION_GDP_A,2029,19.465,IMF,World Economic Outlook,official,final,forecast
AR,GROSS_CAPITAL_FORMATION_GDP_A,2030,20.043,IMF,World Economic Outlook,official,final,forecast
AR,GROSS_CAPITAL_FORMATION_GDP_A,2031,20.554,IMF,World Economic Outlook,official,final,forecast
AR,GROSS_SAVINGS_GDP_A,2027,16.973,IMF,World Economic Outlook,official,final,forecast
AR,GROSS_SAVINGS_GDP_A,2028,18.052,IMF,World Economic Outlook,official,final,forecast
AR,GROSS_SAVINGS_GDP_A,2029,18.997,IMF,World Economic Outlook,official,final,forecast
AR,GROSS_SAVINGS_GDP_A,2030,19.655,IMF,World Economic Outlook,official,final,forecast
AR,GROSS_SAVINGS_GDP_A,2031,20.218,IMF,World Economic Outlook,official,final,forecast
AR,POPULATION_TOTAL_A,2027,48428000.0,IMF,World Economic Outlook,official,final,forecast
AR,POPULATION_TOTAL_A,2028,48912000.0,IMF,World Economic Outlook,official,final,forecast
AR,POPULATION_TOTAL_A,2029,49401000.0,IMF,World Economic Outlook,official,final,forecast
AR,POPULATION_TOTAL_A,2030,49895000.0,IMF,World Economic Outlook,official,final,forecast
AR,POPULATION_TOTAL_A,2031,50394000.0,IMF,World Economic Outlook,official,final,forecast
AR,UNEMPLOYMENT_RATE_A,2027,6.875,IMF,World Economic Outlook,official,final,forecast
AR,UNEMPLOYMENT_RATE_A,2028,6.5,IMF,World Economic Outlook,official,final,forecast
AR,UNEMPLOYMENT_RATE_A,2029,6.5,IMF,World Economic Outlook,official,final,forecast
AR,UNEMPLOYMENT_RATE_A,2030,6.5,IMF,World Economic Outlook,official,final,forecast
AR,UNEMPLOYMENT_RATE_A,2031,6.5,IMF,World Economic Outlook,official,final,forecast
BR,CPI_YOY_A,2027,3.353,IMF,World Economic Outlook,official,final,forecast
BR,CPI_YOY_A,2028,2.996,IMF,World Economic Outlook,official,final,forecast
BR,CPI_YOY_A,2029,2.989,IMF,World Economic Outlook,official,final,forecast
BR,CPI_YOY_A,2030,3.0,IMF,World Economic Outlook,official,final,forecast
BR,CPI_YOY_A,2031,2.995,IMF,World Economic Outlook,official,final,forecast
BR,CURRENT_ACCOUNT_GDP_A,2027,-2.406,IMF,World Economic Outlook,official,final,forecast
BR,CURRENT_ACCOUNT_GDP_A,2028,-2.042,IMF,World Economic Outlook,official,final,forecast
BR,CURRENT_ACCOUNT_GDP_A,2029,-1.866,IMF,World Economic Outlook,official,final,forecast
BR,CURRENT_ACCOUNT_GDP_A,2030,-1.95,IMF,World Economic Outlook,official,final,forecast
BR,CURRENT_ACCOUNT_GDP_A,2031,-1.846,IMF,World Economic Outlook,official,final,forecast
BR,GDP_CURRENT_LCU_A,2027,14450326000000.0,IMF,World Economic Outlook,official,final,forecast
BR,GDP_CURRENT_LCU_A,2028,15322670000000.0,IMF,World Economic Outlook,official,final,forecast
BR,GDP_CURRENT_LCU_A,2029,16271585000000.0,IMF,World Economic Outlook,official,final,forecast
BR,GDP_CURRENT_LCU_A,2030,17279264000000.0,IMF,World Economic Outlook,official,final,forecast
BR,GDP_CURRENT_LCU_A,2031,18349348000000.0,IMF,World Economic Outlook,official,final,forecast
BR,GDP_DEFLATOR_INDEX_A,2027,1013.022,IMF,World Economic Outlook,official,final,forecast
BR,GDP_DEFLATOR_INDEX_A,2028,1049.49,IMF,World Economic Outlook,official,final,forecast
BR,GDP_DEFLATOR_INDEX_A,2029,1087.268,IMF,World Economic Outlook,official,final,forecast
BR,GDP_DEFLATOR_INDEX_A,2030,1126.405,IMF,World Economic Outlook,official,final,forecast
BR,GDP_DEFLATOR_INDEX_A,2031,1166.952,IMF,World Economic Outlook,official,final,forecast
BR,GDP_NOMINAL_USD_A,2027,2766558000000.0,IMF,World Economic Outlook,official,final,forecast
BR,GDP_NOMINAL_USD_A,2028,2879420000000.0,IMF,World Economic Outlook,official,final,forecast
BR,GDP_NOMINAL_USD_A,2029,3037171000000.0,IMF,World Economic Outlook,official,final,forecast
BR,GDP_NOMINAL_USD_A,2030,3203508000000.0,IMF,World Economic Outlook,official,final,forecast
BR,GDP_NOMINAL_USD_A,2031,3378877000000.0,IMF,World Economic Outlook,official,final,forecast
BR,GDP_PER_CAPITA_USD_A,2027,12882.254,IMF,World Economic Outlook,official,final,forecast
BR,GDP_PER_CAPITA_USD_A,2028,13368.879,IMF,World Economic Outlook,official,final,forecast
BR,GDP_PER_CAPITA_USD_A,2029,14063.335,IMF,World Economic Outlook,official,final,forecast
BR,GDP_PER_CAPITA_USD_A,2030,14796.844,IMF,World Economic Outlook,official,final,forecast
BR,GDP_PER_CAPITA_USD_A,2031,15571.673,IMF,World Economic Outlook,official,final,forecast
BR,GDP_REAL_GROWTH_YOY_A,2027,1.961,IMF,World Economic Outlook,official,final,forecast
BR,GDP_REAL_GROWTH_YOY_A,2028,2.352,IMF,World Economic Outlook,official,final,forecast
BR,GDP_REAL_GROWTH_YOY_A,2029,2.503,IMF,World Economic Outlook,official,final,forecast
BR,GDP_REAL_GROWTH_YOY_A,2030,2.503,IMF,World Economic Outlook,official,final,forecast
BR,GDP_REAL_GROWTH_YOY_A,2031,2.503,IMF,World Economic Outlook,official,final,forecast
BR,GDP_REAL_LCU_A,2027,1426457000000.0,IMF,World Economic Outlook,official,final,forecast
BR,GDP_REAL_LCU_A,2028,1460011000000.0,IMF,World Economic Outlook,official,final,forecast
BR,GDP_REAL_LCU_A,2029,1496557000000.0,IMF,World Economic Outlook,official,final,forecast
BR,GDP_REAL_LCU_A,2030,1534018000000.0,IMF,World Economic Outlook,official,final,forecast
BR,GDP_REAL_LCU_A,2031,1572417000000.0,IMF,World Economic Outlook,official,final,forecast
BR,GOV_DEBT_GDP_A,2027,99.997,IMF,World Economic Outlook,official,final,forecast
BR,GOV_DEBT_GDP_A,2028,102.288,IMF,World Economic Outlook,official,final,forecast
BR,GOV_DEBT_GDP_A,2029,104.142,IMF,World Economic Outlook,official,final,forecast
BR,GOV_DEBT_GDP_A,2030,105.505,IMF,World Economic Outlook,official,final,forecast
BR,GOV_DEBT_GDP_A,2031,106.52,IMF,World Economic Outlook,official,final,forecast
BR,GOV_EXPENSE_GDP_A,2027,46.69,IMF,World Economic Outlook,official,final,forecast
BR,GOV_EXPENSE_GDP_A,2028,46.222,IMF,World Economic Outlook,official,final,forecast
BR,GOV_EXPENSE_GDP_A,2029,46.106,IMF,World Economic Outlook,official,final,forecast
BR,GOV_EXPENSE_GDP_A,2030,46.143,IMF,World Economic Outlook,official,final,forecast
BR,GOV_EXPENSE_GDP_A,2031,46.194,IMF,World Economic Outlook,official,final,forecast
BR,GOV_NET_LENDING_GDP_A,2027,-6.871,IMF,World Economic Outlook,official,final,forecast
BR,GOV_NET_LENDING_GDP_A,2028,-6.169,IMF,World Economic Outlook,official,final,forecast
BR,GOV_NET_LENDING_GDP_A,2029,-6.041,IMF,World Economic Outlook,official,final,forecast
BR,GOV_NET_LENDING_GDP_A,2030,-6.086,IMF,World Economic Outlook,official,final,forecast
BR,GOV_NET_LENDING_GDP_A,2031,-6.109,IMF,World Economic Outlook,official,final,forecast
BR,GOV_REVENUE_GDP_A,2027,39.818,IMF,World Economic Outlook,official,final,forecast
BR,GOV_REVENUE_GDP_A,2028,40.052,IMF,World Economic Outlook,official,final,forecast
BR,GOV_REVENUE_GDP_A,2029,40.065,IMF,World Economic Outlook,official,final,forecast
BR,GOV_REVENUE_GDP_A,2030,40.057,IMF,World Economic Outlook,official,final,forecast
BR,GOV_REVENUE_GDP_A,2031,40.086,IMF,World Economic Outlook,official,final,forecast
BR,GROSS_CAPITAL_FORMATION_GDP_A,2027,16.746,IMF,World Economic Outlook,official,final,forecast
BR,GROSS_CAPITAL_FORMATION_GDP_A,2028,16.676,IMF,World Economic Outlook,official,final,forecast
BR,GROSS_CAPITAL_FORMATION_GDP_A,2029,16.606,IMF,World Economic Outlook,official,final,forecast
BR,GROSS_CAPITAL_FORMATION_GDP_A,2030,16.543,IMF,World Economic Outlook,official,final,forecast
BR,GROSS_CAPITAL_FORMATION_GDP_A,2031,16.48,IMF,World Economic Outlook,official,final,forecast
BR,GROSS_SAVINGS_GDP_A,2027,14.34,IMF,World Economic Outlook,official,final,forecast
BR,GROSS_SAVINGS_GDP_A,2028,14.634,IMF,World Economic Outlook,official,final,forecast
BR,GROSS_SAVINGS_GDP_A,2029,14.74,IMF,World Economic Outlook,official,final,forecast
BR,GROSS_SAVINGS_GDP_A,2030,14.592,IMF,World Economic Outlook,official,final,forecast
BR,GROSS_SAVINGS_GDP_A,2031,14.634,IMF,World Economic Outlook,official,final,forecast
BR,POPULATION_TOTAL_A,2027,214757000.0,IMF,World Economic Outlook,official,final,forecast
BR,POPULATION_TOTAL_A,2028,215382000.0,IMF,World Economic Outlook,official,final,forecast
BR,POPULATION_TOTAL_A,2029,215964000.0,IMF,World Economic Outlook,official,final,forecast
BR,POPULATION_TOTAL_A,2030,216499000.0,IMF,World Economic Outlook,official,final,forecast
BR,POPULATION_TOTAL_A,2031,216989000.0,IMF,World Economic Outlook,official,final,forecast
BR,UNEMPLOYMENT_RATE_A,2027,7.381,IMF,World Economic Outlook,official,final,forecast
BR,UNEMPLOYMENT_RATE_A,2028,7.397,IMF,World Economic Outlook,official,final,forecast
BR,UNEMPLOYMENT_RATE_A,2029,7.396,IMF,World Economic Outlook,official,final,forecast
BR,UNEMPLOYMENT_RATE_A,2030,7.4,IMF,World Economic Outlook,official,final,forecast
BR,UNEMPLOYMENT_RATE_A,2031,7.4,IMF,World Economic Outlook,official,final,forecast
CN,CPI_YOY_A,2027,1.514,IMF,World Economic Outlook,official,final,forecast
CN,CPI_YOY_A,2028,1.805,IMF,World Economic Outlook,official,final,forecast
CN,CPI_YOY_A,2029,1.902,IMF,World Economic Outlook,official,final,forecast
CN,CPI_YOY_A,2030,1.997,IMF,World Economic Outlook,official,final,forecast
CN,CPI_YOY_A,2031,1.992,IMF,World Economic Outlook,official,final,forecast
CN,CURRENT_ACCOUNT_GDP_A,2027,3.267,IMF,World Economic Outlook,official,final,forecast
CN,CURRENT_ACCOUNT_GDP_A,2028,2.983,IMF,World Economic Outlook,official,final,forecast
CN,CURRENT_ACCOUNT_GDP_A,2029,2.914,IMF,World Economic Outlook,official,final,forecast
CN,CURRENT_ACCOUNT_GDP_A,2030,2.877,IMF,World Economic Outlook,official,final,forecast
CN,CURRENT_ACCOUNT_GDP_A,2031,2.843,IMF,World Economic Outlook,official,final,forecast
CN,GDP_CURRENT_LCU_A,2027,152948420000000.0,IMF,World Economic Outlook,official,final,forecast
CN,GDP_CURRENT_LCU_A,2028,161420262000000.0,IMF,World Economic Outlook,official,final,forecast
CN,GDP_CURRENT_LCU_A,2029,170568392000000.0,IMF,World Economic Outlook,official,final,forecast
CN,GDP_CURRENT_LCU_A,2030,179755064000000.0,IMF,World Economic Outlook,official,final,forecast
CN,GDP_CURRENT_LCU_A,2031,189463029000000.0,IMF,World Economic Outlook,official,final,forecast
CN,GDP_DEFLATOR_INDEX_A,2027,116.307,IMF,World Economic Outlook,official,final,forecast
CN,GDP_DEFLATOR_INDEX_A,2028,118.028,IMF,World Economic Outlook,official,final,forecast
CN,GDP_DEFLATOR_INDEX_A,2029,120.308,IMF,World Economic Outlook,official,final,forecast
CN,GDP_DEFLATOR_INDEX_A,2030,122.68,IMF,World Economic Outlook,official,final,forecast
CN,GDP_DEFLATOR_INDEX_A,2031,125.186,IMF,World Economic Outlook,official,final,forecast
CN,GDP_NOMINAL_USD_A,2027,21928979000000.0,IMF,World Economic Outlook,official,final,forecast
CN,GDP_NOMINAL_USD_A,2028,23259956000000.0,IMF,World Economic Outlook,official,final,forecast
CN,GDP_NOMINAL_USD_A,2029,24662788000000.0,IMF,World Economic Outlook,official,final,forecast
CN,GDP_NOMINAL_USD_A,2030,26046793000000.0,IMF,World Economic Outlook,official,final,forecast
CN,GDP_NOMINAL_USD_A,2031,27496670000000.0,IMF,World Economic Outlook,official,final,forecast
CN,GDP_PER_CAPITA_USD_A,2027,15677.967,IMF,World Economic Outlook,official,final,forecast
CN,GDP_PER_CAPITA_USD_A,2028,16671.437,IMF,World Economic Outlook,official,final,forecast
CN,GDP_PER_CAPITA_USD_A,2029,17725.491,IMF,World Economic Outlook,official,final,forecast
CN,GDP_PER_CAPITA_USD_A,2030,18775.478,IMF,World Economic Outlook,official,final,forecast
CN,GDP_PER_CAPITA_USD_A,2031,19883.249,IMF,World Economic Outlook,official,final,forecast
CN,GDP_REAL_GROWTH_YOY_A,2027,4.033,IMF,World Economic Outlook,official,final,forecast
CN,GDP_REAL_GROWTH_YOY_A,2028,4.0,IMF,World Economic Outlook,official,final,forecast
CN,GDP_REAL_GROWTH_YOY_A,2029,3.665,IMF,World Economic Outlook,official,final,forecast
CN,GDP_REAL_GROWTH_YOY_A,2030,3.348,IMF,World Economic Outlook,official,final,forecast
CN,GDP_REAL_GROWTH_YOY_A,2031,3.291,IMF,World Economic Outlook,official,final,forecast
CN,GDP_REAL_LCU_A,2027,131503712999999.98,IMF,World Economic Outlook,official,final,forecast
CN,GDP_REAL_LCU_A,2028,136763862000000.0,IMF,World Economic Outlook,official,final,forecast
CN,GDP_REAL_LCU_A,2029,141776931000000.0,IMF,World Economic Outlook,official,final,forecast
CN,GDP_REAL_LCU_A,2030,146523629000000.0,IMF,World Economic Outlook,official,final,forecast
CN,GDP_REAL_LCU_A,2031,151345048000000.0,IMF,World Economic Outlook,official,final,forecast
CN,GOV_DEBT_GDP_A,2027,112.475,IMF,World Economic Outlook,official,final,forecast
CN,GOV_DEBT_GDP_A,2028,116.742,IMF,World Economic Outlook,official,final,forecast
CN,GOV_DEBT_GDP_A,2029,120.348,IMF,World Economic Outlook,official,final,forecast
CN,GOV_DEBT_GDP_A,2030,123.789,IMF,World Economic Outlook,official,final,forecast
CN,GOV_DEBT_GDP_A,2031,126.786,IMF,World Economic Outlook,official,final,forecast
CN,GOV_EXPENSE_GDP_A,2027,33.22,IMF,World Economic Outlook,official,final,forecast
CN,GOV_EXPENSE_GDP_A,2028,33.224,IMF,World Economic Outlook,official,final,forecast
CN,GOV_EXPENSE_GDP_A,2029,33.135,IMF,World Economic Outlook,official,final,forecast
CN,GOV_EXPENSE_GDP_A,2030,33.164,IMF,World Economic Outlook,official,final,forecast
CN,GOV_EXPENSE_GDP_A,2031,33.202,IMF,World Economic Outlook,official,final,forecast
CN,GOV_NET_LENDING_GDP_A,2027,-8.358,IMF,World Economic Outlook,official,final,forecast
CN,GOV_NET_LENDING_GDP_A,2028,-8.208,IMF,World Economic Outlook,official,final,forecast
CN,GOV_NET_LENDING_GDP_A,2029,-8.031,IMF,World Economic Outlook,official,final,forecast
CN,GOV_NET_LENDING_GDP_A,2030,-7.976,IMF,World Economic Outlook,official,final,forecast
CN,GOV_NET_LENDING_GDP_A,2031,-8.014,IMF,World Economic Outlook,official,final,forecast
CN,GOV_REVENUE_GDP_A,2027,24.862,IMF,World Economic Outlook,official,final,forecast
CN,GOV_REVENUE_GDP_A,2028,25.016,IMF,World Economic Outlook,official,final,forecast
CN,GOV_REVENUE_GDP_A,2029,25.104,IMF,World Economic Outlook,official,final,forecast
CN,GOV_REVENUE_GDP_A,2030,25.188,IMF,World Economic Outlook,official,final,forecast
CN,GOV_REVENUE_GDP_A,2031,25.188,IMF,World Economic Outlook,official,final,forecast
CN,GROSS_CAPITAL_FORMATION_GDP_A,2027,38.824,IMF,World Economic Outlook,official,final,forecast
CN,GROSS_CAPITAL_FORMATION_GDP_A,2028,39.287,IMF,World Economic Outlook,official,final,forecast
CN,GROSS_CAPITAL_FORMATION_GDP_A,2029,39.593,IMF,World Economic Outlook,official,final,forecast
CN,GROSS_CAPITAL_FORMATION_GDP_A,2030,39.625,IMF,World Economic Outlook,official,final,forecast
CN,GROSS_CAPITAL_FORMATION_GDP_A,2031,39.614,IMF,World Economic Outlook,official,final,forecast
CN,GROSS_SAVINGS_GDP_A,2027,42.091,IMF,World Economic Outlook,official,final,forecast
CN,GROSS_SAVINGS_GDP_A,2028,42.27,IMF,World Economic Outlook,official,final,forecast
CN,GROSS_SAVINGS_GDP_A,2029,42.507,IMF,World Economic Outlook,official,final,forecast
CN,GROSS_SAVINGS_GDP_A,2030,42.502,IMF,World Economic Outlook,official,final,forecast
CN,GROSS_SAVINGS_GDP_A,2031,42.457,IMF,World Economic Outlook,official,final,forecast
CN,POPULATION_TOTAL_A,2027,1398713000.0,IMF,World Economic Outlook,official,final,forecast
CN,POPULATION_TOTAL_A,2028,1395198000.0,IMF,World Economic Outlook,official,final,forecast
CN,POPULATION_TOTAL_A,2029,1391374000.0,IMF,World Economic Outlook,official,final,forecast
CN,POPULATION_TOTAL_A,2030,1387277000.0,IMF,World Economic Outlook,official,final,forecast
CN,POPULATION_TOTAL_A,2031,1382906000.0,IMF,World Economic Outlook,official,final,forecast
CN,UNEMPLOYMENT_RATE_A,2027,5.1,IMF,World Economic Outlook,official,final,forecast
CN,UNEMPLOYMENT_RATE_A,2028,5.1,IMF,World Economic Outlook,official,final,forecast
CN,UNEMPLOYMENT_RATE_A,2029,5.1,IMF,World Economic Outlook,official,final,forecast
CN,UNEMPLOYMENT_RATE_A,2030,5.1,IMF,World Economic Outlook,official,final,forecast
CN,UNEMPLOYMENT_RATE_A,2031,5.1,IMF,World Economic Outlook,official,final,forecast
DE,CPI_YOY_A,2027,2.295,IMF,World Economic Outlook,official,final,forecast
DE,CPI_YOY_A,2028,1.965,IMF,World Economic Outlook,official,final,forecast
DE,CPI_YOY_A,2029,2.157,IMF,World Economic Outlook,official,final,forecast
DE,CPI_YOY_A,2030,2.187,IMF,World Economic Outlook,official,final,forecast
DE,CPI_YOY_A,2031,2.097,IMF,World Economic Outlook,official,final,forecast
DE,CURRENT_ACCOUNT_GDP_A,2027,3.84,IMF,World Economic Outlook,official,final,forecast
DE,CURRENT_ACCOUNT_GDP_A,2028,3.838,IMF,World Economic Outlook,official,final,forecast
DE,CURRENT_ACCOUNT_GDP_A,2029,3.841,IMF,World Economic Outlook,official,final,forecast
DE,CURRENT_ACCOUNT_GDP_A,2030,3.844,IMF,World Economic Outlook,official,final,forecast
DE,CURRENT_ACCOUNT_GDP_A,2031,3.835,IMF,World Economic Outlook,official,final,forecast
DE,GDP_CURRENT_LCU_A,2027,4795695000000.0,IMF,World Economic Outlook,official,final,forecast
DE,GDP_CURRENT_LCU_A,2028,4959317000000.0,IMF,World Economic Outlook,official,final,forecast
DE,GDP_CURRENT_LCU_A,2029,5119060000000.0,IMF,World Economic Outlook,official,final,forecast
DE,GDP_CURRENT_LCU_A,2030,5269259000000.0,IMF,World Economic Outlook,official,final,forecast
DE,GDP_CURRENT_LCU_A,2031,5418259000000.0,IMF,World Economic Outlook,official,final,forecast
DE,GDP_DEFLATOR_INDEX_A,2027,130.285,IMF,World Economic Outlook,official,final,forecast
DE,GDP_DEFLATOR_INDEX_A,2028,133.137,IMF,World Economic Outlook,official,final,forecast
DE,GDP_DEFLATOR_INDEX_A,2029,136.14,IMF,World Economic Outlook,official,final,forecast
DE,GDP_DEFLATOR_INDEX_A,2030,139.223,IMF,World Economic Outlook,official,final,forecast
DE,GDP_DEFLATOR_INDEX_A,2031,142.273,IMF,World Economic Outlook,official,final,forecast
DE,GDP_NOMINAL_USD_A,2027,5642156000000.0,IMF,World Economic Outlook,official,final,forecast
DE,GDP_NOMINAL_USD_A,2028,5818884000000.0,IMF,World Economic Outlook,official,final,forecast
DE,GDP_NOMINAL_USD_A,2029,6003131000000.0,IMF,World Economic Outlook,official,final,forecast
DE,GDP_NOMINAL_USD_A,2030,6178303000000.0,IMF,World Economic Outlook,official,final,forecast
DE,GDP_NOMINAL_USD_A,2031,6351962000000.0,IMF,World Economic Outlook,official,final,forecast
DE,GDP_PER_CAPITA_USD_A,2027,67613.107,IMF,World Economic Outlook,official,final,forecast
DE,GDP_PER_CAPITA_USD_A,2028,69804.854,IMF,World Economic Outlook,official,final,forecast
DE,GDP_PER_CAPITA_USD_A,2029,72087.756,IMF,World Economic Outlook,official,final,forecast
DE,GDP_PER_CAPITA_USD_A,2030,74263.697,IMF,World Economic Outlook,official,final,forecast
DE,GDP_PER_CAPITA_USD_A,2031,76425.902,IMF,World Economic Outlook,official,final,forecast
DE,GDP_REAL_GROWTH_YOY_A,2027,1.183,IMF,World Economic Outlook,official,final,forecast
DE,GDP_REAL_GROWTH_YOY_A,2028,1.196,IMF,World Economic Outlook,official,final,forecast
DE,GDP_REAL_GROWTH_YOY_A,2029,0.944,IMF,World Economic Outlook,official,final,forecast
DE,GDP_REAL_GROWTH_YOY_A,2030,0.655,IMF,World Economic Outlook,official,final,forecast
DE,GDP_REAL_GROWTH_YOY_A,2031,0.623,IMF,World Economic Outlook,official,final,forecast
DE,GDP_REAL_LCU_A,2027,3680937000000.0,IMF,World Economic Outlook,official,final,forecast
DE,GDP_REAL_LCU_A,2028,3724971000000.0,IMF,World Economic Outlook,official,final,forecast
DE,GDP_REAL_LCU_A,2029,3760139000000.0,IMF,World Economic Outlook,official,final,forecast
DE,GDP_REAL_LCU_A,2030,3784769000000.0,IMF,World Economic Outlook,official,final,forecast
DE,GDP_REAL_LCU_A,2031,3808349000000.0,IMF,World Economic Outlook,official,final,forecast
DE,GOV_DEBT_GDP_A,2027,66.527,IMF,World Economic Outlook,official,final,forecast
DE,GOV_DEBT_GDP_A,2028,68.393,IMF,World Economic Outlook,official,final,forecast
DE,GOV_DEBT_GDP_A,2029,70.157,IMF,World Economic Outlook,official,final,forecast
DE,GOV_DEBT_GDP_A,2030,71.991,IMF,World Economic Outlook,official,final,forecast
DE,GOV_DEBT_GDP_A,2031,73.671,IMF,World Economic Outlook,official,final,forecast
DE,GOV_EXPENSE_GDP_A,2027,52.073,IMF,World Economic Outlook,official,final,forecast
DE,GOV_EXPENSE_GDP_A,2028,51.853,IMF,World Economic Outlook,official,final,forecast
DE,GOV_EXPENSE_GDP_A,2029,51.922,IMF,World Economic Outlook,official,final,forecast
DE,GOV_EXPENSE_GDP_A,2030,51.813,IMF,World Economic Outlook,official,final,forecast
DE,GOV_EXPENSE_GDP_A,2031,51.642,IMF,World Economic Outlook,official,final,forecast
DE,GOV_NET_LENDING_GDP_A,2027,-4.229,IMF,World Economic Outlook,official,final,forecast
DE,GOV_NET_LENDING_GDP_A,2028,-4.061,IMF,World Economic Outlook,official,final,forecast
DE,GOV_NET_LENDING_GDP_A,2029,-3.898,IMF,World Economic Outlook,official,final,forecast
DE,GOV_NET_LENDING_GDP_A,2030,-3.834,IMF,World Economic Outlook,official,final,forecast
DE,GOV_NET_LENDING_GDP_A,2031,-3.66,IMF,World Economic Outlook,official,final,forecast
DE,GOV_REVENUE_GDP_A,2027,47.844,IMF,World Economic Outlook,official,final,forecast
DE,GOV_REVENUE_GDP_A,2028,47.792,IMF,World Economic Outlook,official,final,forecast
DE,GOV_REVENUE_GDP_A,2029,48.023,IMF,World Economic Outlook,official,final,forecast
DE,GOV_REVENUE_GDP_A,2030,47.98,IMF,World Economic Outlook,official,final,forecast
DE,GOV_REVENUE_GDP_A,2031,47.982,IMF,World Economic Outlook,official,final,forecast
DE,GROSS_CAPITAL_FORMATION_GDP_A,2027,21.577,IMF,World Economic Outlook,official,final,forecast
DE,GROSS_CAPITAL_FORMATION_GDP_A,2028,21.719,IMF,World Economic Outlook,official,final,forecast
DE,GROSS_CAPITAL_FORMATION_GDP_A,2029,21.767,IMF,World Economic Outlook,official,final,forecast
DE,GROSS_CAPITAL_FORMATION_GDP_A,2030,21.825,IMF,World Economic Outlook,official,final,forecast
DE,GROSS_CAPITAL_FORMATION_GDP_A,2031,21.802,IMF,World Economic Outlook,official,final,forecast
DE,GROSS_SAVINGS_GDP_A,2027,25.417,IMF,World Economic Outlook,official,final,forecast
DE,GROSS_SAVINGS_GDP_A,2028,25.556,IMF,World Economic Outlook,official,final,forecast
DE,GROSS_SAVINGS_GDP_A,2029,25.608,IMF,World Economic Outlook,official,final,forecast
DE,GROSS_SAVINGS_GDP_A,2030,25.67,IMF,World Economic Outlook,official,final,forecast
DE,GROSS_SAVINGS_GDP_A,2031,25.637,IMF,World Economic Outlook,official,final,forecast
DE,POPULATION_TOTAL_A,2027,83448000.0,IMF,World Economic Outlook,official,final,forecast
DE,POPULATION_TOTAL_A,2028,83359000.0,IMF,World Economic Outlook,official,final,forecast
DE,POPULATION_TOTAL_A,2029,83275000.0,IMF,World Economic Outlook,official,final,forecast
DE,POPULATION_TOTAL_A,2030,83194000.0,IMF,World Economic Outlook,official,final,forecast
DE,POPULATION_TOTAL_A,2031,83113000.0,IMF,World Economic Outlook,official,final,forecast
DE,UNEMPLOYMENT_RATE_A,2027,3.458,IMF,World Economic Outlook,official,final,forecast
DE,UNEMPLOYMENT_RATE_A,2028,3.17,IMF,World Economic Outlook,official,final,forecast
DE,UNEMPLOYMENT_RATE_A,2029,2.96,IMF,World Economic Outlook,official,final,forecast
DE,UNEMPLOYMENT_RATE_A,2030,2.874,IMF,World Economic Outlook,official,final,forecast
DE,UNEMPLOYMENT_RATE_A,2031,2.868,IMF,World Economic Outlook,official,final,forecast
ES,CPI_YOY_A,2027,2.259,IMF,World Economic Outlook,official,final,forecast
ES,CPI_YOY_A,2028,2.5,IMF,World Economic Outlook,official,final,forecast
ES,CPI_YOY_A,2029,2.0,IMF,World Economic Outlook,official,final,forecast
ES,CPI_YOY_A,2030,2.0,IMF,World Economic Outlook,official,final,forecast
ES,CPI_YOY_A,2031,2.0,IMF,World Economic Outlook,official,final,forecast
ES,CURRENT_ACCOUNT_GDP_A,2027,1.948,IMF,World Economic Outlook,official,final,forecast
ES,CURRENT_ACCOUNT_GDP_A,2028,1.685,IMF,World Economic Outlook,official,final,forecast
ES,CURRENT_ACCOUNT_GDP_A,2029,1.502,IMF,World Economic Outlook,official,final,forecast
ES,CURRENT_ACCOUNT_GDP_A,2030,1.545,IMF,World Economic Outlook,official,final,forecast
ES,CURRENT_ACCOUNT_GDP_A,2031,1.468,IMF,World Economic Outlook,official,final,forecast
ES,GDP_CURRENT_LCU_A,2027,1858489000000.0,IMF,World Economic Outlook,official,final,forecast
ES,GDP_CURRENT_LCU_A,2028,1947248000000.0,IMF,World Economic Outlook,official,final,forecast
ES,GDP_CURRENT_LCU_A,2029,2025751000000.0,IMF,World Economic Outlook,official,final,forecast
ES,GDP_CURRENT_LCU_A,2030,2108456000000.0,IMF,World Economic Outlook,official,final,forecast
ES,GDP_CURRENT_LCU_A,2031,2194309000000.0,IMF,World Economic Outlook,official,final,forecast
ES,GDP_DEFLATOR_INDEX_A,2027,128.084,IMF,World Economic Outlook,official,final,forecast
ES,GDP_DEFLATOR_INDEX_A,2028,131.796,IMF,World Economic Outlook,official,final,forecast
ES,GDP_DEFLATOR_INDEX_A,2029,134.814,IMF,World Economic Outlook,official,final,forecast
ES,GDP_DEFLATOR_INDEX_A,2030,137.97,IMF,World Economic Outlook,official,final,forecast
ES,GDP_DEFLATOR_INDEX_A,2031,141.188,IMF,World Economic Outlook,official,final,forecast
ES,GDP_NOMINAL_USD_A,2027,2186521000000.0,IMF,World Economic Outlook,official,final,forecast
ES,GDP_NOMINAL_USD_A,2028,2284752000000.0,IMF,World Economic Outlook,official,final,forecast
ES,GDP_NOMINAL_USD_A,2029,2375602000000.0,IMF,World Economic Outlook,official,final,forecast
ES,GDP_NOMINAL_USD_A,2030,2472203000000.0,IMF,World Economic Outlook,official,final,forecast
ES,GDP_NOMINAL_USD_A,2031,2572443000000.0,IMF,World Economic Outlook,official,final,forecast
ES,GDP_PER_CAPITA_USD_A,2027,43007.744,IMF,World Economic Outlook,official,final,forecast
ES,GDP_PER_CAPITA_USD_A,2028,44542.406,IMF,World Economic Outlook,official,final,forecast
ES,GDP_PER_CAPITA_USD_A,2029,45968.345,IMF,World Economic Outlook,official,final,forecast
ES,GDP_PER_CAPITA_USD_A,2030,47538.508,IMF,World Economic Outlook,official,final,forecast
ES,GDP_PER_CAPITA_USD_A,2031,49205.447,IMF,World Economic Outlook,official,final,forecast
ES,GDP_REAL_GROWTH_YOY_A,2027,1.819,IMF,World Economic Outlook,official,final,forecast
ES,GDP_REAL_GROWTH_YOY_A,2028,1.825,IMF,World Economic Outlook,official,final,forecast
ES,GDP_REAL_GROWTH_YOY_A,2029,1.702,IMF,World Economic Outlook,official,final,forecast
ES,GDP_REAL_GROWTH_YOY_A,2030,1.702,IMF,World Economic Outlook,official,final,forecast
ES,GDP_REAL_GROWTH_YOY_A,2031,1.7,IMF,World Economic Outlook,official,final,forecast
ES,GDP_REAL_LCU_A,2027,1450988000000.0,IMF,World Economic Outlook,official,final,forecast
ES,GDP_REAL_LCU_A,2028,1477471000000.0,IMF,World Economic Outlook,official,final,forecast
ES,GDP_REAL_LCU_A,2029,1502622000000.0,IMF,World Economic Outlook,official,final,forecast
ES,GDP_REAL_LCU_A,2030,1528202000000.0,IMF,World Economic Outlook,official,final,forecast
ES,GDP_REAL_LCU_A,2031,1554177000000.0,IMF,World Economic Outlook,official,final,forecast
ES,GOV_DEBT_GDP_A,2027,96.189,IMF,World Economic Outlook,official,final,forecast
ES,GOV_DEBT_GDP_A,2028,94.21,IMF,World Economic Outlook,official,final,forecast
ES,GOV_DEBT_GDP_A,2029,92.943,IMF,World Economic Outlook,official,final,forecast
ES,GOV_DEBT_GDP_A,2030,91.668,IMF,World Economic Outlook,official,final,forecast
ES,GOV_DEBT_GDP_A,2031,90.443,IMF,World Economic Outlook,official,final,forecast
ES,GOV_EXPENSE_GDP_A,2027,45.414,IMF,World Economic Outlook,official,final,forecast
ES,GOV_EXPENSE_GDP_A,2028,44.993,IMF,World Economic Outlook,official,final,forecast
ES,GOV_EXPENSE_GDP_A,2029,45.267,IMF,World Economic Outlook,official,final,forecast
ES,GOV_EXPENSE_GDP_A,2030,45.422,IMF,World Economic Outlook,official,final,forecast
ES,GOV_EXPENSE_GDP_A,2031,45.519,IMF,World Economic Outlook,official,final,forecast
ES,GOV_NET_LENDING_GDP_A,2027,-2.264,IMF,World Economic Outlook,official,final,forecast
ES,GOV_NET_LENDING_GDP_A,2028,-2.171,IMF,World Economic Outlook,official,final,forecast
ES,GOV_NET_LENDING_GDP_A,2029,-2.158,IMF,World Economic Outlook,official,final,forecast
ES,GOV_NET_LENDING_GDP_A,2030,-2.155,IMF,World Economic Outlook,official,final,forecast
ES,GOV_NET_LENDING_GDP_A,2031,-2.153,IMF,World Economic Outlook,official,final,forecast
ES,GOV_REVENUE_GDP_A,2027,43.15,IMF,World Economic Outlook,official,final,forecast
ES,GOV_REVENUE_GDP_A,2028,42.822,IMF,World Economic Outlook,official,final,forecast
ES,GOV_REVENUE_GDP_A,2029,43.108,IMF,World Economic Outlook,official,final,forecast
ES,GOV_REVENUE_GDP_A,2030,43.267,IMF,World Economic Outlook,official,final,forecast
ES,GOV_REVENUE_GDP_A,2031,43.366,IMF,World Economic Outlook,official,final,forecast
ES,GROSS_CAPITAL_FORMATION_GDP_A,2027,21.665,IMF,World Economic Outlook,official,final,forecast
ES,GROSS_CAPITAL_FORMATION_GDP_A,2028,21.55,IMF,World Economic Outlook,official,final,forecast
ES,GROSS_CAPITAL_FORMATION_GDP_A,2029,21.536,IMF,World Economic Outlook,official,final,forecast
ES,GROSS_CAPITAL_FORMATION_GDP_A,2030,21.501,IMF,World Economic Outlook,official,final,forecast
ES,GROSS_CAPITAL_FORMATION_GDP_A,2031,21.465,IMF,World Economic Outlook,official,final,forecast
ES,GROSS_SAVINGS_GDP_A,2027,23.614,IMF,World Economic Outlook,official,final,forecast
ES,GROSS_SAVINGS_GDP_A,2028,23.234,IMF,World Economic Outlook,official,final,forecast
ES,GROSS_SAVINGS_GDP_A,2029,23.039,IMF,World Economic Outlook,official,final,forecast
ES,GROSS_SAVINGS_GDP_A,2030,23.046,IMF,World Economic Outlook,official,final,forecast
ES,GROSS_SAVINGS_GDP_A,2031,22.933,IMF,World Economic Outlook,official,final,forecast
ES,POPULATION_TOTAL_A,2027,50840000.0,IMF,World Economic Outlook,official,final,forecast
ES,POPULATION_TOTAL_A,2028,51294000.0,IMF,World Economic Outlook,official,final,forecast
ES,POPULATION_TOTAL_A,2029,51679000.0,IMF,World Economic Outlook,official,final,forecast
ES,POPULATION_TOTAL_A,2030,52004000.0,IMF,World Economic Outlook,official,final,forecast
ES,POPULATION_TOTAL_A,2031,52280000.0,IMF,World Economic Outlook,official,final,forecast
ES,UNEMPLOYMENT_RATE_A,2027,9.842,IMF,World Economic Outlook,official,final,forecast
ES,UNEMPLOYMENT_RATE_A,2028,9.882,IMF,World Economic Outlook,official,final,forecast
ES,UNEMPLOYMENT_RATE_A,2029,9.922,IMF,World Economic Outlook,official,final,forecast
ES,UNEMPLOYMENT_RATE_A,2030,9.962,IMF,World Economic Outlook,official,final,forecast
ES,UNEMPLOYMENT_RATE_A,2031,9.962,IMF,World Economic Outlook,official,final,forecast
FR,CPI_YOY_A,2027,1.721,IMF,World Economic Outlook,official,final,forecast
FR,CPI_YOY_A,2028,1.855,IMF,World Economic Outlook,official,final,forecast
FR,CPI_YOY_A,2029,1.871,IMF,World Economic Outlook,official,final,forecast
FR,CPI_YOY_A,2030,1.91,IMF,World Economic Outlook,official,final,forecast
FR,CPI_YOY_A,2031,1.814,IMF,World Economic Outlook,official,final,forecast
FR,CURRENT_ACCOUNT_GDP_A,2027,-0.204,IMF,World Economic Outlook,official,final,forecast
FR,CURRENT_ACCOUNT_GDP_A,2028,0.222,IMF,World Economic Outlook,official,final,forecast
FR,CURRENT_ACCOUNT_GDP_A,2029,0.351,IMF,World Economic Outlook,official,final,forecast
FR,CURRENT_ACCOUNT_GDP_A,2030,0.51,IMF,World Economic Outlook,official,final,forecast
FR,CURRENT_ACCOUNT_GDP_A,2031,0.425,IMF,World Economic Outlook,official,final,forecast
FR,GDP_CURRENT_LCU_A,2027,3121172000000.0,IMF,World Economic Outlook,official,final,forecast
FR,GDP_CURRENT_LCU_A,2028,3217959000000.0,IMF,World Economic Outlook,official,final,forecast
FR,GDP_CURRENT_LCU_A,2029,3315953000000.0,IMF,World Economic Outlook,official,final,forecast
FR,GDP_CURRENT_LCU_A,2030,3414972000000.0,IMF,World Economic Outlook,official,final,forecast
FR,GDP_CURRENT_LCU_A,2031,3511710000000.0,IMF,World Economic Outlook,official,final,forecast
FR,GDP_DEFLATOR_INDEX_A,2027,116.289,IMF,World Economic Outlook,official,final,forecast
FR,GDP_DEFLATOR_INDEX_A,2028,118.454,IMF,World Economic Outlook,official,final,forecast
FR,GDP_DEFLATOR_INDEX_A,2029,120.661,IMF,World Economic Outlook,official,final,forecast
FR,GDP_DEFLATOR_INDEX_A,2030,122.905,IMF,World Economic Outlook,official,final,forecast
FR,GDP_DEFLATOR_INDEX_A,2031,125.064,IMF,World Economic Outlook,official,final,forecast
FR,GDP_NOMINAL_USD_A,2027,3672073000000.0,IMF,World Economic Outlook,official,final,forecast
FR,GDP_NOMINAL_USD_A,2028,3775707000000.0,IMF,World Economic Outlook,official,final,forecast
FR,GDP_NOMINAL_USD_A,2029,3888624000000.0,IMF,World Economic Outlook,official,final,forecast
FR,GDP_NOMINAL_USD_A,2030,4004118000000.0,IMF,World Economic Outlook,official,final,forecast
FR,GDP_NOMINAL_USD_A,2031,4116865000000.0,IMF,World Economic Outlook,official,final,forecast
FR,GDP_PER_CAPITA_USD_A,2027,53035.067,IMF,World Economic Outlook,official,final,forecast
FR,GDP_PER_CAPITA_USD_A,2028,54379.394,IMF,World Economic Outlook,official,final,forecast
FR,GDP_PER_CAPITA_USD_A,2029,55849.105,IMF,World Economic Outlook,official,final,forecast
FR,GDP_PER_CAPITA_USD_A,2030,57347.075,IMF,World Economic Outlook,official,final,forecast
FR,GDP_PER_CAPITA_USD_A,2031,58797.018,IMF,World Economic Outlook,official,final,forecast
FR,GDP_REAL_GROWTH_YOY_A,2027,0.876,IMF,World Economic Outlook,official,final,forecast
FR,GDP_REAL_GROWTH_YOY_A,2028,1.217,IMF,World Economic Outlook,official,final,forecast
FR,GDP_REAL_GROWTH_YOY_A,2029,1.16,IMF,World Economic Outlook,official,final,forecast
FR,GDP_REAL_GROWTH_YOY_A,2030,1.106,IMF,World Economic Outlook,official,final,forecast
FR,GDP_REAL_GROWTH_YOY_A,2031,1.058,IMF,World Economic Outlook,official,final,forecast
FR,GDP_REAL_LCU_A,2027,2683968000000.0,IMF,World Economic Outlook,official,final,forecast
FR,GDP_REAL_LCU_A,2028,2716626000000.0,IMF,World Economic Outlook,official,final,forecast
FR,GDP_REAL_LCU_A,2029,2748147000000.0,IMF,World Economic Outlook,official,final,forecast
FR,GDP_REAL_LCU_A,2030,2778541000000.0,IMF,World Economic Outlook,official,final,forecast
FR,GDP_REAL_LCU_A,2031,2807926000000.0,IMF,World Economic Outlook,official,final,forecast
FR,GOV_DEBT_GDP_A,2027,120.476,IMF,World Economic Outlook,official,final,forecast
FR,GOV_DEBT_GDP_A,2028,121.113,IMF,World Economic Outlook,official,final,forecast
FR,GOV_DEBT_GDP_A,2029,121.342,IMF,World Economic Outlook,official,final,forecast
FR,GOV_DEBT_GDP_A,2030,121.18,IMF,World Economic Outlook,official,final,forecast
FR,GOV_DEBT_GDP_A,2031,120.736,IMF,World Economic Outlook,official,final,forecast
FR,GOV_EXPENSE_GDP_A,2027,57.402,IMF,World Economic Outlook,official,final,forecast
FR,GOV_EXPENSE_GDP_A,2028,57.063,IMF,World Economic Outlook,official,final,forecast
FR,GOV_EXPENSE_GDP_A,2029,56.776,IMF,World Economic Outlook,official,final,forecast
FR,GOV_EXPENSE_GDP_A,2030,56.434,IMF,World Economic Outlook,official,final,forecast
FR,GOV_EXPENSE_GDP_A,2031,56.083,IMF,World Economic Outlook,official,final,forecast
FR,GOV_NET_LENDING_GDP_A,2027,-4.789,IMF,World Economic Outlook,official,final,forecast
FR,GOV_NET_LENDING_GDP_A,2028,-4.26,IMF,World Economic Outlook,official,final,forecast
FR,GOV_NET_LENDING_GDP_A,2029,-3.809,IMF,World Economic Outlook,official,final,forecast
FR,GOV_NET_LENDING_GDP_A,2030,-3.356,IMF,World Economic Outlook,official,final,forecast
FR,GOV_NET_LENDING_GDP_A,2031,-2.895,IMF,World Economic Outlook,official,final,forecast
FR,GOV_REVENUE_GDP_A,2027,52.613,IMF,World Economic Outlook,official,final,forecast
FR,GOV_REVENUE_GDP_A,2028,52.803,IMF,World Economic Outlook,official,final,forecast
FR,GOV_REVENUE_GDP_A,2029,52.968,IMF,World Economic Outlook,official,final,forecast
FR,GOV_REVENUE_GDP_A,2030,53.078,IMF,World Economic Outlook,official,final,forecast
FR,GOV_REVENUE_GDP_A,2031,53.189,IMF,World Economic Outlook,official,final,forecast
FR,GROSS_CAPITAL_FORMATION_GDP_A,2027,21.083,IMF,World Economic Outlook,official,final,forecast
FR,GROSS_CAPITAL_FORMATION_GDP_A,2028,20.994,IMF,World Economic Outlook,official,final,forecast
FR,GROSS_CAPITAL_FORMATION_GDP_A,2029,20.943,IMF,World Economic Outlook,official,final,forecast
FR,GROSS_CAPITAL_FORMATION_GDP_A,2030,20.891,IMF,World Economic Outlook,official,final,forecast
FR,GROSS_CAPITAL_FORMATION_GDP_A,2031,20.844,IMF,World Economic Outlook,official,final,forecast
FR,GROSS_SAVINGS_GDP_A,2027,20.88,IMF,World Economic Outlook,official,final,forecast
FR,GROSS_SAVINGS_GDP_A,2028,21.216,IMF,World Economic Outlook,official,final,forecast
FR,GROSS_SAVINGS_GDP_A,2029,21.294,IMF,World Economic Outlook,official,final,forecast
FR,GROSS_SAVINGS_GDP_A,2030,21.401,IMF,World Economic Outlook,official,final,forecast
FR,GROSS_SAVINGS_GDP_A,2031,21.298,IMF,World Economic Outlook,official,final,forecast
FR,POPULATION_TOTAL_A,2027,69239000.0,IMF,World Economic Outlook,official,final,forecast
FR,POPULATION_TOTAL_A,2028,69433000.0,IMF,World Economic Outlook,official,final,forecast
FR,POPULATION_TOTAL_A,2029,69627000.0,IMF,World Economic Outlook,official,final,forecast
FR,POPULATION_TOTAL_A,2030,69823000.0,IMF,World Economic Outlook,official,final,forecast
FR,POPULATION_TOTAL_A,2031,70018000.0,IMF,World Economic Outlook,official,final,forecast
FR,UNEMPLOYMENT_RATE_A,2027,7.905,IMF,World Economic Outlook,official,final,forecast
FR,UNEMPLOYMENT_RATE_A,2028,7.724,IMF,World Economic Outlook,official,final,forecast
FR,UNEMPLOYMENT_RATE_A,2029,7.533,IMF,World Economic Outlook,official,final,forecast
FR,UNEMPLOYMENT_RATE_A,2030,7.393,IMF,World Economic Outlook,official,final,forecast
FR,UNEMPLOYMENT_RATE_A,2031,7.293,IMF,World Economic Outlook,official,final,forecast
GB,CPI_YOY_A,2027,2.418,IMF,World Economic Outlook,official,final,forecast
GB,CPI_YOY_A,2028,2.0,IMF,World Economic Outlook,official,final,forecast
GB,CPI_YOY_A,2029,2.0,IMF,World Economic Outlook,official,final,forecast
GB,CPI_YOY_A,2030,2.0,IMF,World Economic Outlook,official,final,forecast
GB,CPI_YOY_A,2031,2.0,IMF,World Economic Outlook,official,final,forecast
GB,CURRENT_ACCOUNT_GDP_A,2027,-3.144,IMF,World Economic Outlook,official,final,forecast
GB,CURRENT_ACCOUNT_GDP_A,2028,-2.868,IMF,World Economic Outlook,official,final,forecast
GB,CURRENT_ACCOUNT_GDP_A,2029,-2.565,IMF,World Economic Outlook,official,final,forecast
GB,CURRENT_ACCOUNT_GDP_A,2030,-2.167,IMF,World Economic Outlook,official,final,forecast
GB,CURRENT_ACCOUNT_GDP_A,2031,-2.218,IMF,World Economic Outlook,official,final,forecast
GB,GDP_CURRENT_LCU_A,2027,3245141000000.0,IMF,World Economic Outlook,official,final,forecast
GB,GDP_CURRENT_LCU_A,2028,3364044000000.0,IMF,World Economic Outlook,official,final,forecast
GB,GDP_CURRENT_LCU_A,2029,3478241000000.0,IMF,World Economic Outlook,official,final,forecast
GB,GDP_CURRENT_LCU_A,2030,3595406000000.0,IMF,World Economic Outlook,official,final,forecast
GB,GDP_CURRENT_LCU_A,2031,3710076000000.0,IMF,World Economic Outlook,official,final,forecast
GB,GDP_DEFLATOR_INDEX_A,2027,112.748,IMF,World Economic Outlook,official,final,forecast
GB,GDP_DEFLATOR_INDEX_A,2028,115.0,IMF,World Economic Outlook,official,final,forecast
GB,GDP_DEFLATOR_INDEX_A,2029,117.015,IMF,World Economic Outlook,official,final,forecast
GB,GDP_DEFLATOR_INDEX_A,2030,119.123,IMF,World Economic Outlook,official,final,forecast
GB,GDP_DEFLATOR_INDEX_A,2031,121.212,IMF,World Economic Outlook,official,final,forecast
GB,GDP_NOMINAL_USD_A,2027,4466076000000.0,IMF,World Economic Outlook,official,final,forecast
GB,GDP_NOMINAL_USD_A,2028,4675048000000.0,IMF,World Economic Outlook,official,final,forecast
GB,GDP_NOMINAL_USD_A,2029,4898448000000.0,IMF,World Economic Outlook,official,final,forecast
GB,GDP_NOMINAL_USD_A,2030,5148434000000.0,IMF,World Economic Outlook,official,final,forecast
GB,GDP_NOMINAL_USD_A,2031,5403155000000.0,IMF,World Economic Outlook,official,final,forecast
GB,GDP_PER_CAPITA_USD_A,2027,63704.119,IMF,World Economic Outlook,official,final,forecast
GB,GDP_PER_CAPITA_USD_A,2028,66419.058,IMF,World Economic Outlook,official,final,forecast
GB,GDP_PER_CAPITA_USD_A,2029,69288.3,IMF,World Economic Outlook,official,final,forecast
GB,GDP_PER_CAPITA_USD_A,2030,72501.327,IMF,World Economic Outlook,official,final,forecast
GB,GDP_PER_CAPITA_USD_A,2031,75760.754,IMF,World Economic Outlook,official,final,forecast
GB,GDP_REAL_GROWTH_YOY_A,2027,1.297,IMF,World Economic Outlook,official,final,forecast
GB,GDP_REAL_GROWTH_YOY_A,2028,1.633,IMF,World Economic Outlook,official,final,forecast
GB,GDP_REAL_GROWTH_YOY_A,2029,1.615,IMF,World Economic Outlook,official,final,forecast
GB,GDP_REAL_GROWTH_YOY_A,2030,1.539,IMF,World Economic Outlook,official,final,forecast
GB,GDP_REAL_GROWTH_YOY_A,2031,1.411,IMF,World Economic Outlook,official,final,forecast
GB,GDP_REAL_LCU_A,2027,2878236000000.0,IMF,World Economic Outlook,official,final,forecast
GB,GDP_REAL_LCU_A,2028,2925243000000.0,IMF,World Economic Outlook,official,final,forecast
GB,GDP_REAL_LCU_A,2029,2972485000000.0,IMF,World Economic Outlook,official,final,forecast
GB,GDP_REAL_LCU_A,2030,3018227000000.0,IMF,World Economic Outlook,official,final,forecast
GB,GDP_REAL_LCU_A,2031,3060814000000.0,IMF,World Economic Outlook,official,final,forecast
GB,GOV_DEBT_GDP_A,2027,104.078,IMF,World Economic Outlook,official,final,forecast
GB,GOV_DEBT_GDP_A,2028,103.918,IMF,World Economic Outlook,official,final,forecast
GB,GOV_DEBT_GDP_A,2029,103.499,IMF,World Economic Outlook,official,final,forecast
GB,GOV_DEBT_GDP_A,2030,102.935,IMF,World Economic Outlook,official,final,forecast
GB,GOV_DEBT_GDP_A,2031,102.552,IMF,World Economic Outlook,official,final,forecast
GB,GOV_EXPENSE_GDP_A,2027,44.057,IMF,World Economic Outlook,official,final,forecast
GB,GOV_EXPENSE_GDP_A,2028,43.843,IMF,World Economic Outlook,official,final,forecast
GB,GOV_EXPENSE_GDP_A,2029,43.561,IMF,World Economic Outlook,official,final,forecast
GB,GOV_EXPENSE_GDP_A,2030,43.611,IMF,World Economic Outlook,official,final,forecast
GB,GOV_EXPENSE_GDP_A,2031,43.716,IMF,World Economic Outlook,official,final,forecast
GB,GOV_NET_LENDING_GDP_A,2027,-3.121,IMF,World Economic Outlook,official,final,forecast
GB,GOV_NET_LENDING_GDP_A,2028,-2.624,IMF,World Economic Outlook,official,final,forecast
GB,GOV_NET_LENDING_GDP_A,2029,-1.966,IMF,World Economic Outlook,official,final,forecast
GB,GOV_NET_LENDING_GDP_A,2030,-1.702,IMF,World Economic Outlook,official,final,forecast
GB,GOV_NET_LENDING_GDP_A,2031,-1.605,IMF,World Economic Outlook,official,final,forecast
GB,GOV_REVENUE_GDP_A,2027,40.936,IMF,World Economic Outlook,official,final,forecast
GB,GOV_REVENUE_GDP_A,2028,41.219,IMF,World Economic Outlook,official,final,forecast
GB,GOV_REVENUE_GDP_A,2029,41.595,IMF,World Economic Outlook,official,final,forecast
GB,GOV_REVENUE_GDP_A,2030,41.909,IMF,World Economic Outlook,official,final,forecast
GB,GOV_REVENUE_GDP_A,2031,42.112,IMF,World Economic Outlook,official,final,forecast
GB,GROSS_CAPITAL_FORMATION_GDP_A,2027,19.845,IMF,World Economic Outlook,official,final,forecast
GB,GROSS_CAPITAL_FORMATION_GDP_A,2028,19.941,IMF,World Economic Outlook,official,final,forecast
GB,GROSS_CAPITAL_FORMATION_GDP_A,2029,19.974,IMF,World Economic Outlook,official,final,forecast
GB,GROSS_CAPITAL_FORMATION_GDP_A,2030,20.157,IMF,World Economic Outlook,official,final,forecast
GB,GROSS_CAPITAL_FORMATION_GDP_A,2031,20.385,IMF,World Economic Outlook,official,final,forecast
GB,GROSS_SAVINGS_GDP_A,2027,16.702,IMF,World Economic Outlook,official,final,forecast
GB,GROSS_SAVINGS_GDP_A,2028,17.073,IMF,World Economic Outlook,official,final,forecast
GB,GROSS_SAVINGS_GDP_A,2029,17.409,IMF,World Economic Outlook,official,final,forecast
GB,GROSS_SAVINGS_GDP_A,2030,17.99,IMF,World Economic Outlook,official,final,forecast
GB,GROSS_SAVINGS_GDP_A,2031,18.167,IMF,World Economic Outlook,official,final,forecast
GB,POPULATION_TOTAL_A,2027,70107000.0,IMF,World Economic Outlook,official,final,forecast
GB,POPULATION_TOTAL_A,2028,70387000.0,IMF,World Economic Outlook,official,final,forecast
GB,POPULATION_TOTAL_A,2029,70697000.0,IMF,World Economic Outlook,official,final,forecast
GB,POPULATION_TOTAL_A,2030,71012000.0,IMF,World Economic Outlook,official,final,forecast
GB,POPULATION_TOTAL_A,2031,71319000.0,IMF,World Economic Outlook,official,final,forecast
GB,UNEMPLOYMENT_RATE_A,2027,5.325,IMF,World Economic Outlook,official,final,forecast
GB,UNEMPLOYMENT_RATE_A,2028,4.8,IMF,World Economic Outlook,official,final,forecast
GB,UNEMPLOYMENT_RATE_A,2029,4.5,IMF,World Economic Outlook,official,final,forecast
GB,UNEMPLOYMENT_RATE_A,2030,4.5,IMF,World Economic Outlook,official,final,forecast
GB,UNEMPLOYMENT_RATE_A,2031,4.5,IMF,World Economic Outlook,official,final,forecast
ID,CPI_YOY_A,2027,2.578,IMF,World Economic Outlook,official,final,forecast
ID,CPI_YOY_A,2028,2.517,IMF,World Economic Outlook,official,final,forecast
ID,CPI_YOY_A,2029,2.517,IMF,World Economic Outlook,official,final,forecast
ID,CPI_YOY_A,2030,2.517,IMF,World Economic Outlook,official,final,forecast
ID,CPI_YOY_A,2031,2.517,IMF,World Economic Outlook,official,final,forecast
ID,CURRENT_ACCOUNT_GDP_A,2027,-0.91,IMF,World Economic Outlook,official,final,forecast
ID,CURRENT_ACCOUNT_GDP_A,2028,-0.775,IMF,World Economic Outlook,official,final,forecast
ID,CURRENT_ACCOUNT_GDP_A,2029,-0.785,IMF,World Economic Outlook,official,final,forecast
ID,CURRENT_ACCOUNT_GDP_A,2030,-0.775,IMF,World Economic Outlook,official,final,forecast
ID,CURRENT_ACCOUNT_GDP_A,2031,-0.784,IMF,World Economic Outlook,official,final,forecast
ID,GDP_CURRENT_LCU_A,2027,2.7749649375e+16,IMF,World Economic Outlook,official,final,forecast
ID,GDP_CURRENT_LCU_A,2028,2.9918819137e+16,IMF,World Economic Outlook,official,final,forecast
ID,GDP_CURRENT_LCU_A,2029,3.2262242292e+16,IMF,World Economic Outlook,official,final,forecast
ID,GDP_CURRENT_LCU_A,2030,3.4801877771e+16,IMF,World Economic Outlook,official,final,forecast
ID,GDP_CURRENT_LCU_A,2031,3.7544461863e+16,IMF,World Economic Outlook,official,final,forecast
ID,GDP_DEFLATOR_INDEX_A,2027,185.302,IMF,World Economic Outlook,official,final,forecast
ID,GDP_DEFLATOR_INDEX_A,2028,189.967,IMF,World Economic Outlook,official,final,forecast
ID,GDP_DEFLATOR_INDEX_A,2029,194.749,IMF,World Economic Outlook,official,final,forecast
ID,GDP_DEFLATOR_INDEX_A,2030,199.651,IMF,World Economic Outlook,official,final,forecast
ID,GDP_DEFLATOR_INDEX_A,2031,204.677,IMF,World Economic Outlook,official,final,forecast
ID,GDP_NOMINAL_USD_A,2027,1659491000000.0,IMF,World Economic Outlook,official,final,forecast
ID,GDP_NOMINAL_USD_A,2028,1790060000000.0,IMF,World Economic Outlook,official,final,forecast
ID,GDP_NOMINAL_USD_A,2029,1930127000000.0,IMF,World Economic Outlook,official,final,forecast
ID,GDP_NOMINAL_USD_A,2030,2081911000000.0,IMF,World Economic Outlook,official,final,forecast
ID,GDP_NOMINAL_USD_A,2031,2245812000000.0,IMF,World Economic Outlook,official,final,forecast
ID,GDP_PER_CAPITA_USD_A,2027,5724.751,IMF,World Economic Outlook,official,final,forecast
ID,GDP_PER_CAPITA_USD_A,2028,6120.262,IMF,World Economic Outlook,official,final,forecast
ID,GDP_PER_CAPITA_USD_A,2029,6542.837,IMF,World Economic Outlook,official,final,forecast
ID,GDP_PER_CAPITA_USD_A,2030,6999.65,IMF,World Economic Outlook,official,final,forecast
ID,GDP_PER_CAPITA_USD_A,2031,7491.532,IMF,World Economic Outlook,official,final,forecast
ID,GDP_REAL_GROWTH_YOY_A,2027,5.07,IMF,World Economic Outlook,official,final,forecast
ID,GDP_REAL_GROWTH_YOY_A,2028,5.169,IMF,World Economic Outlook,official,final,forecast
ID,GDP_REAL_GROWTH_YOY_A,2029,5.185,IMF,World Economic Outlook,official,final,forecast
ID,GDP_REAL_GROWTH_YOY_A,2030,5.223,IMF,World Economic Outlook,official,final,forecast
ID,GDP_REAL_GROWTH_YOY_A,2031,5.232,IMF,World Economic Outlook,official,final,forecast
ID,GDP_REAL_LCU_A,2027,1.4975380147e+16,IMF,World Economic Outlook,official,final,forecast
ID,GDP_REAL_LCU_A,2028,1.5749522754e+16,IMF,World Economic Outlook,official,final,forecast
ID,GDP_REAL_LCU_A,2029,1.6566094223e+16,IMF,World Economic Outlook,official,final,forecast
ID,GDP_REAL_LCU_A,2030,1.7431344456999998e+16,IMF,World Economic Outlook,official,final,forecast
ID,GDP_REAL_LCU_A,2031,1.8343268382e+16,IMF,World Economic Outlook,official,final,forecast
ID,GOV_DEBT_GDP_A,2027,41.788,IMF,World Economic Outlook,official,final,forecast
ID,GOV_DEBT_GDP_A,2028,42.002,IMF,World Economic Outlook,official,final,forecast
ID,GOV_DEBT_GDP_A,2029,42.142,IMF,World Economic Outlook,official,final,forecast
ID,GOV_DEBT_GDP_A,2030,42.196,IMF,World Economic Outlook,official,final,forecast
ID,GOV_DEBT_GDP_A,2031,42.217,IMF,World Economic Outlook,official,final,forecast
ID,GOV_EXPENSE_GDP_A,2027,16.708,IMF,World Economic Outlook,official,final,forecast
ID,GOV_EXPENSE_GDP_A,2028,16.769,IMF,World Economic Outlook,official,final,forecast
ID,GOV_EXPENSE_GDP_A,2029,16.881,IMF,World Economic Outlook,official,final,forecast
ID,GOV_EXPENSE_GDP_A,2030,16.966,IMF,World Economic Outlook,official,final,forecast
ID,GOV_EXPENSE_GDP_A,2031,17.063,IMF,World Economic Outlook,official,final,forecast
ID,GOV_NET_LENDING_GDP_A,2027,-2.935,IMF,World Economic Outlook,official,final,forecast
ID,GOV_NET_LENDING_GDP_A,2028,-2.906,IMF,World Economic Outlook,official,final,forecast
ID,GOV_NET_LENDING_GDP_A,2029,-2.877,IMF,World Economic Outlook,official,final,forecast
ID,GOV_NET_LENDING_GDP_A,2030,-2.838,IMF,World Economic Outlook,official,final,forecast
ID,GOV_NET_LENDING_GDP_A,2031,-2.833,IMF,World Economic Outlook,official,final,forecast
ID,GOV_REVENUE_GDP_A,2027,13.773,IMF,World Economic Outlook,official,final,forecast
ID,GOV_REVENUE_GDP_A,2028,13.863,IMF,World Economic Outlook,official,final,forecast
ID,GOV_REVENUE_GDP_A,2029,14.004,IMF,World Economic Outlook,official,final,forecast
ID,GOV_REVENUE_GDP_A,2030,14.128,IMF,World Economic Outlook,official,final,forecast
ID,GOV_REVENUE_GDP_A,2031,14.231,IMF,World Economic Outlook,official,final,forecast
ID,GROSS_CAPITAL_FORMATION_GDP_A,2027,30.852,IMF,World Economic Outlook,official,final,forecast
ID,GROSS_CAPITAL_FORMATION_GDP_A,2028,30.894,IMF,World Economic Outlook,official,final,forecast
ID,GROSS_CAPITAL_FORMATION_GDP_A,2029,30.987,IMF,World Economic Outlook,official,final,forecast
ID,GROSS_CAPITAL_FORMATION_GDP_A,2030,31.073,IMF,World Economic Outlook,official,final,forecast
ID,GROSS_CAPITAL_FORMATION_GDP_A,2031,31.162,IMF,World Economic Outlook,official,final,forecast
ID,GROSS_SAVINGS_GDP_A,2027,29.942,IMF,World Economic Outlook,official,final,forecast
ID,GROSS_SAVINGS_GDP_A,2028,30.119,IMF,World Economic Outlook,official,final,forecast
ID,GROSS_SAVINGS_GDP_A,2029,30.202,IMF,World Economic Outlook,official,final,forecast
ID,GROSS_SAVINGS_GDP_A,2030,30.298,IMF,World Economic Outlook,official,final,forecast
ID,GROSS_SAVINGS_GDP_A,2031,30.378,IMF,World Economic Outlook,official,final,forecast
ID,POPULATION_TOTAL_A,2027,289880000.0,IMF,World Economic Outlook,official,final,forecast
ID,POPULATION_TOTAL_A,2028,292481000.0,IMF,World Economic Outlook,official,final,forecast
ID,POPULATION_TOTAL_A,2029,294998000.0,IMF,World Economic Outlook,official,final,forecast
ID,POPULATION_TOTAL_A,2030,297431000.0,IMF,World Economic Outlook,official,final,forecast
ID,POPULATION_TOTAL_A,2031,299780000.0,IMF,World Economic Outlook,official,final,forecast
ID,UNEMPLOYMENT_RATE_A,2027,4.8,IMF,World Economic Outlook,official,final,forecast
ID,UNEMPLOYMENT_RATE_A,2028,4.7,IMF,World Economic Outlook,official,final,forecast
ID,UNEMPLOYMENT_RATE_A,2029,4.7,IMF,World Economic Outlook,official,final,forecast
ID,UNEMPLOYMENT_RATE_A,2030,4.7,IMF,World Economic Outlook,official,final,forecast
ID,UNEMPLOYMENT_RATE_A,2031,4.7,IMF,World Economic Outlook,official,final,forecast
IN,CPI_YOY_A,2027,4.0,IMF,World Economic Outlook,official,final,forecast
IN,CPI_YOY_A,2028,4.0,IMF,World Economic Outlook,official,final,forecast
IN,CPI_YOY_A,2029,4.0,IMF,World Economic Outlook,official,final,forecast
IN,CPI_YOY_A,2030,4.0,IMF,World Economic Outlook,official,final,forecast
IN,CPI_YOY_A,2031,4.0,IMF,World Economic Outlook,official,final,forecast
IN,CURRENT_ACCOUNT_GDP_A,2027,-1.645,IMF,World Economic Outlook,official,final,forecast
IN,CURRENT_ACCOUNT_GDP_A,2028,-1.461,IMF,World Economic Outlook,official,final,forecast
IN,CURRENT_ACCOUNT_GDP_A,2029,-1.485,IMF,World Economic Outlook,official,final,forecast
IN,CURRENT_ACCOUNT_GDP_A,2030,-1.667,IMF,World Economic Outlook,official,final,forecast
IN,CURRENT_ACCOUNT_GDP_A,2031,-1.946,IMF,World Economic Outlook,official,final,forecast
IN,GDP_CURRENT_LCU_A,2027,426017280000000.0,IMF,World Economic Outlook,official,final,forecast
IN,GDP_CURRENT_LCU_A,2028,471857324000000.0,IMF,World Economic Outlook,official,final,forecast
IN,GDP_CURRENT_LCU_A,2029,522727194000000.0,IMF,World Economic Outlook,official,final,forecast
IN,GDP_CURRENT_LCU_A,2030,578989842000000.0,IMF,World Economic Outlook,official,final,forecast
IN,GDP_CURRENT_LCU_A,2031,641371246000000.0,IMF,World Economic Outlook,official,final,forecast
IN,GDP_DEFLATOR_INDEX_A,2027,116.374,IMF,World Economic Outlook,official,final,forecast
IN,GDP_DEFLATOR_INDEX_A,2028,121.029,IMF,World Economic Outlook,official,final,forecast
IN,GDP_DEFLATOR_INDEX_A,2029,125.869,IMF,World Economic Outlook,official,final,forecast
IN,GDP_DEFLATOR_INDEX_A,2030,130.904,IMF,World Economic Outlook,official,final,forecast
IN,GDP_DEFLATOR_INDEX_A,2031,136.14,IMF,World Economic Outlook,official,final,forecast
IN,GDP_NOMINAL_USD_A,2027,4579083000000.0,IMF,World Economic Outlook,official,final,forecast
IN,GDP_NOMINAL_USD_A,2028,5058754000000.0,IMF,World Economic Outlook,official,final,forecast
IN,GDP_NOMINAL_USD_A,2029,5599432000000.0,IMF,World Economic Outlook,official,final,forecast
IN,GDP_NOMINAL_USD_A,2030,6173385000000.0,IMF,World Economic Outlook,official,final,forecast
IN,GDP_NOMINAL_USD_A,2031,6792432000000.0,IMF,World Economic Outlook,official,final,forecast
IN,GDP_PER_CAPITA_USD_A,2027,3074.934,IMF,World Economic Outlook,official,final,forecast
IN,GDP_PER_CAPITA_USD_A,2028,3369.284,IMF,World Economic Outlook,official,final,forecast
IN,GDP_PER_CAPITA_USD_A,2029,3699.844,IMF,World Economic Outlook,official,final,forecast
IN,GDP_PER_CAPITA_USD_A,2030,4047.753,IMF,World Economic Outlook,official,final,forecast
IN,GDP_PER_CAPITA_USD_A,2031,4420.601,IMF,World Economic Outlook,official,final,forecast
IN,GDP_REAL_GROWTH_YOY_A,2027,6.529,IMF,World Economic Outlook,official,final,forecast
IN,GDP_REAL_GROWTH_YOY_A,2028,6.5,IMF,World Economic Outlook,official,final,forecast
IN,GDP_REAL_GROWTH_YOY_A,2029,6.52,IMF,World Economic Outlook,official,final,forecast
IN,GDP_REAL_GROWTH_YOY_A,2030,6.503,IMF,World Economic Outlook,official,final,forecast
IN,GDP_REAL_GROWTH_YOY_A,2031,6.514,IMF,World Economic Outlook,official,final,forecast
IN,GDP_REAL_LCU_A,2027,366076371000000.0,IMF,World Economic Outlook,official,final,forecast
IN,GDP_REAL_LCU_A,2028,389872384000000.0,IMF,World Economic Outlook,official,final,forecast
IN,GDP_REAL_LCU_A,2029,415293190000000.0,IMF,World Economic Outlook,official,final,forecast
IN,GDP_REAL_LCU_A,2030,442301660000000.0,IMF,World Economic Outlook,official,final,forecast
IN,GDP_REAL_LCU_A,2031,471112898000000.0,IMF,World Economic Outlook,official,final,forecast
IN,GOV_DEBT_GDP_A,2027,82.546,IMF,World Economic Outlook,official,final,forecast
IN,GOV_DEBT_GDP_A,2028,81.663,IMF,World Economic Outlook,official,final,forecast
IN,GOV_DEBT_GDP_A,2029,80.609,IMF,World Economic Outlook,official,final,forecast
IN,GOV_DEBT_GDP_A,2030,79.465,IMF,World Economic Outlook,official,final,forecast
IN,GOV_DEBT_GDP_A,2031,77.689,IMF,World Economic Outlook,official,final,forecast
IN,GOV_EXPENSE_GDP_A,2027,28.667,IMF,World Economic Outlook,official,final,forecast
IN,GOV_EXPENSE_GDP_A,2028,28.6,IMF,World Economic Outlook,official,final,forecast
IN,GOV_EXPENSE_GDP_A,2029,28.525,IMF,World Economic Outlook,official,final,forecast
IN,GOV_EXPENSE_GDP_A,2030,28.49,IMF,World Economic Outlook,official,final,forecast
IN,GOV_EXPENSE_GDP_A,2031,28.438,IMF,World Economic Outlook,official,final,forecast
IN,GOV_NET_LENDING_GDP_A,2027,-7.308,IMF,World Economic Outlook,official,final,forecast
IN,GOV_NET_LENDING_GDP_A,2028,-7.113,IMF,World Economic Outlook,official,final,forecast
IN,GOV_NET_LENDING_GDP_A,2029,-6.907,IMF,World Economic Outlook,official,final,forecast
IN,GOV_NET_LENDING_GDP_A,2030,-6.74,IMF,World Economic Outlook,official,final,forecast
IN,GOV_NET_LENDING_GDP_A,2031,-6.552,IMF,World Economic Outlook,official,final,forecast
IN,GOV_REVENUE_GDP_A,2027,21.358,IMF,World Economic Outlook,official,final,forecast
IN,GOV_REVENUE_GDP_A,2028,21.487,IMF,World Economic Outlook,official,final,forecast
IN,GOV_REVENUE_GDP_A,2029,21.618,IMF,World Economic Outlook,official,final,forecast
IN,GOV_REVENUE_GDP_A,2030,21.751,IMF,World Economic Outlook,official,final,forecast
IN,GOV_REVENUE_GDP_A,2031,21.886,IMF,World Economic Outlook,official,final,forecast
IN,GROSS_CAPITAL_FORMATION_GDP_A,2027,33.978,IMF,World Economic Outlook,official,final,forecast
IN,GROSS_CAPITAL_FORMATION_GDP_A,2028,34.023,IMF,World Economic Outlook,official,final,forecast
IN,GROSS_CAPITAL_FORMATION_GDP_A,2029,34.062,IMF,World Economic Outlook,official,final,forecast
IN,GROSS_CAPITAL_FORMATION_GDP_A,2030,34.107,IMF,World Economic Outlook,official,final,forecast
IN,GROSS_CAPITAL_FORMATION_GDP_A,2031,34.148,IMF,World Economic Outlook,official,final,forecast
IN,GROSS_SAVINGS_GDP_A,2027,32.333,IMF,World Economic Outlook,official,final,forecast
IN,GROSS_SAVINGS_GDP_A,2028,32.562,IMF,World Economic Outlook,official,final,forecast
IN,GROSS_SAVINGS_GDP_A,2029,32.577,IMF,World Economic Outlook,official,final,forecast
IN,GROSS_SAVINGS_GDP_A,2030,32.44,IMF,World Economic Outlook,official,final,forecast
IN,GROSS_SAVINGS_GDP_A,2031,32.201,IMF,World Economic Outlook,official,final,forecast
IN,POPULATION_TOTAL_A,2027,1489165000.0,IMF,World Economic Outlook,official,final,forecast
IN,POPULATION_TOTAL_A,2028,1501433000.0,IMF,World Economic Outlook,official,final,forecast
IN,POPULATION_TOTAL_A,2029,1513424000.0,IMF,World Economic Outlook,official,final,forecast
IN,POPULATION_TOTAL_A,2030,1525139000.0,IMF,World Economic Outlook,official,final,forecast
IN,POPULATION_TOTAL_A,2031,1536541000.0,IMF,World Economic Outlook,official,final,forecast
IN,UNEMPLOYMENT_RATE_A,2027,4.939,IMF,World Economic Outlook,official,final,forecast
IN,UNEMPLOYMENT_RATE_A,2028,4.939,IMF,World Economic Outlook,official,final,forecast
IN,UNEMPLOYMENT_RATE_A,2029,4.939,IMF,World Economic Outlook,official,final,forecast
IN,UNEMPLOYMENT_RATE_A,2030,4.939,IMF,World Economic Outlook,official,final,forecast
IN,UNEMPLOYMENT_RATE_A,2031,4.939,IMF,World Economic Outlook,official,final,forecast
IT,CPI_YOY_A,2027,2.357,IMF,World Economic Outlook,official,final,forecast
IT,CPI_YOY_A,2028,2.3,IMF,World Economic Outlook,official,final,forecast
IT,CPI_YOY_A,2029,2.0,IMF,World Economic Outlook,official,final,forecast
IT,CPI_YOY_A,2030,2.0,IMF,World Economic Outlook,official,final,forecast
IT,CPI_YOY_A,2031,2.0,IMF,World Economic Outlook,official,final,forecast
IT,CURRENT_ACCOUNT_GDP_A,2027,1.134,IMF,World Economic Outlook,official,final,forecast
IT,CURRENT_ACCOUNT_GDP_A,2028,1.46,IMF,World Economic Outlook,official,final,forecast
IT,CURRENT_ACCOUNT_GDP_A,2029,1.826,IMF,World Economic Outlook,official,final,forecast
IT,CURRENT_ACCOUNT_GDP_A,2030,2.024,IMF,World Economic Outlook,official,final,forecast
IT,CURRENT_ACCOUNT_GDP_A,2031,2.172,IMF,World Economic Outlook,official,final,forecast
IT,GDP_CURRENT_LCU_A,2027,2384961000000.0,IMF,World Economic Outlook,official,final,forecast
IT,GDP_CURRENT_LCU_A,2028,2460854000000.0,IMF,World Economic Outlook,official,final,forecast
IT,GDP_CURRENT_LCU_A,2029,2528616000000.0,IMF,World Economic Outlook,official,final,forecast
IT,GDP_CURRENT_LCU_A,2030,2597514000000.0,IMF,World Economic Outlook,official,final,forecast
IT,GDP_CURRENT_LCU_A,2031,2667920000000.0,IMF,World Economic Outlook,official,final,forecast
IT,GDP_DEFLATOR_INDEX_A,2027,121.067,IMF,World Economic Outlook,official,final,forecast
IT,GDP_DEFLATOR_INDEX_A,2028,123.885,IMF,World Economic Outlook,official,final,forecast
IT,GDP_DEFLATOR_INDEX_A,2029,126.363,IMF,World Economic Outlook,official,final,forecast
IT,GDP_DEFLATOR_INDEX_A,2030,128.882,IMF,World Economic Outlook,official,final,forecast
IT,GDP_DEFLATOR_INDEX_A,2031,131.456,IMF,World Economic Outlook,official,final,forecast
IT,GDP_NOMINAL_USD_A,2027,2805918000000.0,IMF,World Economic Outlook,official,final,forecast
IT,GDP_NOMINAL_USD_A,2028,2887378000000.0,IMF,World Economic Outlook,official,final,forecast
IT,GDP_NOMINAL_USD_A,2029,2965313000000.0,IMF,World Economic Outlook,official,final,forecast
IT,GDP_NOMINAL_USD_A,2030,3045633000000.0,IMF,World Economic Outlook,official,final,forecast
IT,GDP_NOMINAL_USD_A,2031,3127670000000.0,IMF,World Economic Outlook,official,final,forecast
IT,GDP_PER_CAPITA_USD_A,2027,47715.179,IMF,World Economic Outlook,official,final,forecast
IT,GDP_PER_CAPITA_USD_A,2028,49175.415,IMF,World Economic Outlook,official,final,forecast
IT,GDP_PER_CAPITA_USD_A,2029,50593.05,IMF,World Economic Outlook,official,final,forecast
IT,GDP_PER_CAPITA_USD_A,2030,52068.428,IMF,World Economic Outlook,official,final,forecast
IT,GDP_PER_CAPITA_USD_A,2031,53588.949,IMF,World Economic Outlook,official,final,forecast
IT,GDP_REAL_GROWTH_YOY_A,2027,0.5,IMF,World Economic Outlook,official,final,forecast
IT,GDP_REAL_GROWTH_YOY_A,2028,0.835,IMF,World Economic Outlook,official,final,forecast
IT,GDP_REAL_GROWTH_YOY_A,2029,0.739,IMF,World Economic Outlook,official,final,forecast
IT,GDP_REAL_GROWTH_YOY_A,2030,0.716,IMF,World Economic Outlook,official,final,forecast
IT,GDP_REAL_GROWTH_YOY_A,2031,0.7,IMF,World Economic Outlook,official,final,forecast
IT,GDP_REAL_LCU_A,2027,1969951000000.0,IMF,World Economic Outlook,official,final,forecast
IT,GDP_REAL_LCU_A,2028,1986403000000.0,IMF,World Economic Outlook,official,final,forecast
IT,GDP_REAL_LCU_A,2029,2001079000000.0,IMF,World Economic Outlook,official,final,forecast
IT,GDP_REAL_LCU_A,2030,2015413000000.0,IMF,World Economic Outlook,official,final,forecast
IT,GDP_REAL_LCU_A,2031,2029516000000.0,IMF,World Economic Outlook,official,final,forecast
IT,GOV_DEBT_GDP_A,2027,138.809,IMF,World Economic Outlook,official,final,forecast
IT,GOV_DEBT_GDP_A,2028,137.611,IMF,World Economic Outlook,official,final,forecast
IT,GOV_DEBT_GDP_A,2029,137.138,IMF,World Economic Outlook,official,final,forecast
IT,GOV_DEBT_GDP_A,2030,136.49,IMF,World Economic Outlook,official,final,forecast
IT,GOV_DEBT_GDP_A,2031,136.1,IMF,World Economic Outlook,official,final,forecast
IT,GOV_EXPENSE_GDP_A,2027,50.383,IMF,World Economic Outlook,official,final,forecast
IT,GOV_EXPENSE_GDP_A,2028,50.127,IMF,World Economic Outlook,official,final,forecast
IT,GOV_EXPENSE_GDP_A,2029,50.219,IMF,World Economic Outlook,official,final,forecast
IT,GOV_EXPENSE_GDP_A,2030,50.138,IMF,World Economic Outlook,official,final,forecast
IT,GOV_EXPENSE_GDP_A,2031,50.274,IMF,World Economic Outlook,official,final,forecast
IT,GOV_NET_LENDING_GDP_A,2027,-2.577,IMF,World Economic Outlook,official,final,forecast
IT,GOV_NET_LENDING_GDP_A,2028,-2.383,IMF,World Economic Outlook,official,final,forecast
IT,GOV_NET_LENDING_GDP_A,2029,-2.515,IMF,World Economic Outlook,official,final,forecast
IT,GOV_NET_LENDING_GDP_A,2030,-2.489,IMF,World Economic Outlook,official,final,forecast
IT,GOV_NET_LENDING_GDP_A,2031,-2.712,IMF,World Economic Outlook,official,final,forecast
IT,GOV_REVENUE_GDP_A,2027,47.806,IMF,World Economic Outlook,official,final,forecast
IT,GOV_REVENUE_GDP_A,2028,47.744,IMF,World Economic Outlook,official,final,forecast
IT,GOV_REVENUE_GDP_A,2029,47.703,IMF,World Economic Outlook,official,final,forecast
IT,GOV_REVENUE_GDP_A,2030,47.649,IMF,World Economic Outlook,official,final,forecast
IT,GOV_REVENUE_GDP_A,2031,47.562,IMF,World Economic Outlook,official,final,forecast
IT,GROSS_CAPITAL_FORMATION_GDP_A,2027,23.172,IMF,World Economic Outlook,official,final,forecast
IT,GROSS_CAPITAL_FORMATION_GDP_A,2028,23.523,IMF,World Economic Outlook,official,final,forecast
IT,GROSS_CAPITAL_FORMATION_GDP_A,2029,23.425,IMF,World Economic Outlook,official,final,forecast
IT,GROSS_CAPITAL_FORMATION_GDP_A,2030,23.566,IMF,World Economic Outlook,official,final,forecast
IT,GROSS_CAPITAL_FORMATION_GDP_A,2031,23.731,IMF,World Economic Outlook,official,final,forecast
IT,GROSS_SAVINGS_GDP_A,2027,24.326,IMF,World Economic Outlook,official,final,forecast
IT,GROSS_SAVINGS_GDP_A,2028,25.0,IMF,World Economic Outlook,official,final,forecast
IT,GROSS_SAVINGS_GDP_A,2029,25.269,IMF,World Economic Outlook,official,final,forecast
IT,GROSS_SAVINGS_GDP_A,2030,25.608,IMF,World Economic Outlook,official,final,forecast
IT,GROSS_SAVINGS_GDP_A,2031,25.921,IMF,World Economic Outlook,official,final,forecast
IT,POPULATION_TOTAL_A,2027,58806000.0,IMF,World Economic Outlook,official,final,forecast
IT,POPULATION_TOTAL_A,2028,58716000.0,IMF,World Economic Outlook,official,final,forecast
IT,POPULATION_TOTAL_A,2029,58611000.0,IMF,World Economic Outlook,official,final,forecast
IT,POPULATION_TOTAL_A,2030,58493000.0,IMF,World Economic Outlook,official,final,forecast
IT,POPULATION_TOTAL_A,2031,58364000.0,IMF,World Economic Outlook,official,final,forecast
IT,UNEMPLOYMENT_RATE_A,2027,6.077,IMF,World Economic Outlook,official,final,forecast
IT,UNEMPLOYMENT_RATE_A,2028,6.034,IMF,World Economic Outlook,official,final,forecast
IT,UNEMPLOYMENT_RATE_A,2029,6.0,IMF,World Economic Outlook,official,final,forecast
IT,UNEMPLOYMENT_RATE_A,2030,6.019,IMF,World Economic Outlook,official,final,forecast
IT,UNEMPLOYMENT_RATE_A,2031,5.989,IMF,World Economic Outlook,official,final,forecast
JP,CPI_YOY_A,2027,2.34,IMF,World Economic Outlook,official,final,forecast
JP,CPI_YOY_A,2028,1.978,IMF,World Economic Outlook,official,final,forecast
JP,CPI_YOY_A,2029,1.979,IMF,World Economic Outlook,official,final,forecast
JP,CPI_YOY_A,2030,1.968,IMF,World Economic Outlook,official,final,forecast
JP,CPI_YOY_A,2031,1.969,IMF,World Economic Outlook,official,final,forecast
JP,CURRENT_ACCOUNT_GDP_A,2027,3.865,IMF,World Economic Outlook,official,final,forecast
JP,CURRENT_ACCOUNT_GDP_A,2028,3.926,IMF,World Economic Outlook,official,final,forecast
JP,CURRENT_ACCOUNT_GDP_A,2029,3.922,IMF,World Economic Outlook,official,final,forecast
JP,CURRENT_ACCOUNT_GDP_A,2030,4.089,IMF,World Economic Outlook,official,final,forecast
JP,CURRENT_ACCOUNT_GDP_A,2031,4.052,IMF,World Economic Outlook,official,final,forecast
JP,GDP_CURRENT_LCU_A,2027,700187666000000.0,IMF,World Economic Outlook,official,final,forecast
JP,GDP_CURRENT_LCU_A,2028,719401985000000.0,IMF,World Economic Outlook,official,final,forecast
JP,GDP_CURRENT_LCU_A,2029,739459855000000.0,IMF,World Economic Outlook,official,final,forecast
JP,GDP_CURRENT_LCU_A,2030,760696660000000.0,IMF,World Economic Outlook,official,final,forecast
JP,GDP_CURRENT_LCU_A,2031,781318572000000.0,IMF,World Economic Outlook,official,final,forecast
JP,GDP_DEFLATOR_INDEX_A,2027,116.816,IMF,World Economic Outlook,official,final,forecast
JP,GDP_DEFLATOR_INDEX_A,2028,119.276,IMF,World Economic Outlook,official,final,forecast
JP,GDP_DEFLATOR_INDEX_A,2029,121.854,IMF,World Economic Outlook,official,final,forecast
JP,GDP_DEFLATOR_INDEX_A,2030,124.588,IMF,World Economic Outlook,official,final,forecast
JP,GDP_DEFLATOR_INDEX_A,2031,127.192,IMF,World Economic Outlook,official,final,forecast
JP,GDP_NOMINAL_USD_A,2027,4561624000000.0,IMF,World Economic Outlook,official,final,forecast
JP,GDP_NOMINAL_USD_A,2028,4744089000000.0,IMF,World Economic Outlook,official,final,forecast
JP,GDP_NOMINAL_USD_A,2029,4872753000000.0,IMF,World Economic Outlook,official,final,forecast
JP,GDP_NOMINAL_USD_A,2030,5002181000000.0,IMF,World Economic Outlook,official,final,forecast
JP,GDP_NOMINAL_USD_A,2031,5128325000000.0,IMF,World Economic Outlook,official,final,forecast
JP,GDP_PER_CAPITA_USD_A,2027,37390.799,IMF,World Economic Outlook,official,final,forecast
JP,GDP_PER_CAPITA_USD_A,2028,39104.224,IMF,World Economic Outlook,official,final,forecast
JP,GDP_PER_CAPITA_USD_A,2029,40397.949,IMF,World Economic Outlook,official,final,forecast
JP,GDP_PER_CAPITA_USD_A,2030,41720.207,IMF,World Economic Outlook,official,final,forecast
JP,GDP_PER_CAPITA_USD_A,2031,43038.105,IMF,World Economic Outlook,official,final,forecast
JP,GDP_REAL_GROWTH_YOY_A,2027,0.623,IMF,World Economic Outlook,official,final,forecast
JP,GDP_REAL_GROWTH_YOY_A,2028,0.625,IMF,World Economic Outlook,official,final,forecast
JP,GDP_REAL_GROWTH_YOY_A,2029,0.614,IMF,World Economic Outlook,official,final,forecast
JP,GDP_REAL_GROWTH_YOY_A,2030,0.614,IMF,World Economic Outlook,official,final,forecast
JP,GDP_REAL_GROWTH_YOY_A,2031,0.608,IMF,World Economic Outlook,official,final,forecast
JP,GDP_REAL_LCU_A,2027,599394907000000.0,IMF,World Economic Outlook,official,final,forecast
JP,GDP_REAL_LCU_A,2028,603141887000000.0,IMF,World Economic Outlook,official,final,forecast
JP,GDP_REAL_LCU_A,2029,606843261000000.0,IMF,World Economic Outlook,official,final,forecast
JP,GDP_REAL_LCU_A,2030,610569635000000.0,IMF,World Economic Outlook,official,final,forecast
JP,GDP_REAL_LCU_A,2031,614284166000000.0,IMF,World Economic Outlook,official,final,forecast
JP,GOV_DEBT_GDP_A,2027,200.125,IMF,World Economic Outlook,official,final,forecast
JP,GOV_DEBT_GDP_A,2028,197.725,IMF,World Economic Outlook,official,final,forecast
JP,GOV_DEBT_GDP_A,2029,195.65,IMF,World Economic Outlook,official,final,forecast
JP,GOV_DEBT_GDP_A,2030,193.883,IMF,World Economic Outlook,official,final,forecast
JP,GOV_DEBT_GDP_A,2031,192.805,IMF,World Economic Outlook,official,final,forecast
JP,GOV_EXPENSE_GDP_A,2027,37.916,IMF,World Economic Outlook,official,final,forecast
JP,GOV_EXPENSE_GDP_A,2028,38.388,IMF,World Economic Outlook,official,final,forecast
JP,GOV_EXPENSE_GDP_A,2029,38.679,IMF,World Economic Outlook,official,final,forecast
JP,GOV_EXPENSE_GDP_A,2030,39.079,IMF,World Economic Outlook,official,final,forecast
JP,GOV_EXPENSE_GDP_A,2031,39.435,IMF,World Economic Outlook,official,final,forecast
JP,GOV_NET_LENDING_GDP_A,2027,-2.365,IMF,World Economic Outlook,official,final,forecast
JP,GOV_NET_LENDING_GDP_A,2028,-2.945,IMF,World Economic Outlook,official,final,forecast
JP,GOV_NET_LENDING_GDP_A,2029,-3.288,IMF,World Economic Outlook,official,final,forecast
JP,GOV_NET_LENDING_GDP_A,2030,-3.695,IMF,World Economic Outlook,official,final,forecast
JP,GOV_NET_LENDING_GDP_A,2031,-4.039,IMF,World Economic Outlook,official,final,forecast
JP,GOV_REVENUE_GDP_A,2027,35.55,IMF,World Economic Outlook,official,final,forecast
JP,GOV_REVENUE_GDP_A,2028,35.442,IMF,World Economic Outlook,official,final,forecast
JP,GOV_REVENUE_GDP_A,2029,35.39,IMF,World Economic Outlook,official,final,forecast
JP,GOV_REVENUE_GDP_A,2030,35.384,IMF,World Economic Outlook,official,final,forecast
JP,GOV_REVENUE_GDP_A,2031,35.396,IMF,World Economic Outlook,official,final,forecast
JP,GROSS_CAPITAL_FORMATION_GDP_A,2027,28.129,IMF,World Economic Outlook,official,final,forecast
JP,GROSS_CAPITAL_FORMATION_GDP_A,2028,28.049,IMF,World Economic Outlook,official,final,forecast
JP,GROSS_CAPITAL_FORMATION_GDP_A,2029,27.965,IMF,World Economic Outlook,official,final,forecast
JP,GROSS_CAPITAL_FORMATION_GDP_A,2030,27.853,IMF,World Economic Outlook,official,final,forecast
JP,GROSS_CAPITAL_FORMATION_GDP_A,2031,27.793,IMF,World Economic Outlook,official,final,forecast
JP,GROSS_SAVINGS_GDP_A,2027,31.994,IMF,World Economic Outlook,official,final,forecast
JP,GROSS_SAVINGS_GDP_A,2028,31.975,IMF,World Economic Outlook,official,final,forecast
JP,GROSS_SAVINGS_GDP_A,2029,31.887,IMF,World Economic Outlook,official,final,forecast
JP,GROSS_SAVINGS_GDP_A,2030,31.942,IMF,World Economic Outlook,official,final,forecast
JP,GROSS_SAVINGS_GDP_A,2031,31.845,IMF,World Economic Outlook,official,final,forecast
JP,POPULATION_TOTAL_A,2027,121999000.0,IMF,World Economic Outlook,official,final,forecast
JP,POPULATION_TOTAL_A,2028,121319000.0,IMF,World Economic Outlook,official,final,forecast
JP,POPULATION_TOTAL_A,2029,120619000.0,IMF,World Economic Outlook,official,final,forecast
JP,POPULATION_TOTAL_A,2030,119898000.0,IMF,World Economic Outlook,official,final,forecast
JP,POPULATION_TOTAL_A,2031,119158000.0,IMF,World Economic Outlook,official,final,forecast
JP,UNEMPLOYMENT_RATE_A,2027,2.533,IMF,World Economic Outlook,official,final,forecast
JP,UNEMPLOYMENT_RATE_A,2028,2.533,IMF,World Economic Outlook,official,final,forecast
JP,UNEMPLOYMENT_RATE_A,2029,2.533,IMF,World Economic Outlook,official,final,forecast
JP,UNEMPLOYMENT_RATE_A,2030,2.533,IMF,World Economic Outlook,official,final,forecast
JP,UNEMPLOYMENT_RATE_A,2031,2.533,IMF,World Economic Outlook,official,final,forecast
MX,CPI_YOY_A,2027,3.421,IMF,World Economic Outlook,official,final,forecast
MX,CPI_YOY_A,2028,3.0,IMF,World Economic Outlook,official,final,forecast
MX,CPI_YOY_A,2029,3.0,IMF,World Economic Outlook,official,final,forecast
MX,CPI_YOY_A,2030,3.0,IMF,World Economic Outlook,official,final,forecast
MX,CPI_YOY_A,2031,3.0,IMF,World Economic Outlook,official,final,forecast
MX,CURRENT_ACCOUNT_GDP_A,2027,-0.53,IMF,World Economic Outlook,official,final,forecast
MX,CURRENT_ACCOUNT_GDP_A,2028,-0.619,IMF,World Economic Outlook,official,final,forecast
MX,CURRENT_ACCOUNT_GDP_A,2029,-0.651,IMF,World Economic Outlook,official,final,forecast
MX,CURRENT_ACCOUNT_GDP_A,2030,-0.684,IMF,World Economic Outlook,official,final,forecast
MX,CURRENT_ACCOUNT_GDP_A,2031,-0.672,IMF,World Economic Outlook,official,final,forecast
MX,GDP_CURRENT_LCU_A,2027,39909254000000.0,IMF,World Economic Outlook,official,final,forecast
MX,GDP_CURRENT_LCU_A,2028,42130770000000.0,IMF,World Economic Outlook,official,final,forecast
MX,GDP_CURRENT_LCU_A,2029,44448022000000.0,IMF,World Economic Outlook,official,final,forecast
MX,GDP_CURRENT_LCU_A,2030,46876710000000.0,IMF,World Economic Outlook,official,final,forecast
MX,GDP_CURRENT_LCU_A,2031,49446876000000.0,IMF,World Economic Outlook,official,final,forecast
MX,GDP_DEFLATOR_INDEX_A,2027,150.644,IMF,World Economic Outlook,official,final,forecast
MX,GDP_DEFLATOR_INDEX_A,2028,155.749,IMF,World Economic Outlook,official,final,forecast
MX,GDP_DEFLATOR_INDEX_A,2029,161.07,IMF,World Economic Outlook,official,final,forecast
MX,GDP_DEFLATOR_INDEX_A,2030,166.516,IMF,World Economic Outlook,official,final,forecast
MX,GDP_DEFLATOR_INDEX_A,2031,172.176,IMF,World Economic Outlook,official,final,forecast
MX,GDP_NOMINAL_USD_A,2027,2222003000000.0,IMF,World Economic Outlook,official,final,forecast
MX,GDP_NOMINAL_USD_A,2028,2327102000000.0,IMF,World Economic Outlook,official,final,forecast
MX,GDP_NOMINAL_USD_A,2029,2435745000000.0,IMF,World Economic Outlook,official,final,forecast
MX,GDP_NOMINAL_USD_A,2030,2548630000000.0,IMF,World Economic Outlook,official,final,forecast
MX,GDP_NOMINAL_USD_A,2031,2667215000000.0,IMF,World Economic Outlook,official,final,forecast
MX,GDP_PER_CAPITA_USD_A,2027,16411.669,IMF,World Economic Outlook,official,final,forecast
MX,GDP_PER_CAPITA_USD_A,2028,17070.678,IMF,World Economic Outlook,official,final,forecast
MX,GDP_PER_CAPITA_USD_A,2029,17753.135,IMF,World Economic Outlook,official,final,forecast
MX,GDP_PER_CAPITA_USD_A,2030,18463.785,IMF,World Economic Outlook,official,final,forecast
MX,GDP_PER_CAPITA_USD_A,2031,19212.67,IMF,World Economic Outlook,official,final,forecast
MX,GDP_REAL_GROWTH_YOY_A,2027,2.186,IMF,World Economic Outlook,official,final,forecast
MX,GDP_REAL_GROWTH_YOY_A,2028,2.106,IMF,World Economic Outlook,official,final,forecast
MX,GDP_REAL_GROWTH_YOY_A,2029,2.015,IMF,World Economic Outlook,official,final,forecast
MX,GDP_REAL_GROWTH_YOY_A,2030,2.015,IMF,World Economic Outlook,official,final,forecast
MX,GDP_REAL_GROWTH_YOY_A,2031,2.015,IMF,World Economic Outlook,official,final,forecast
MX,GDP_REAL_LCU_A,2027,26492491000000.0,IMF,World Economic Outlook,official,final,forecast
MX,GDP_REAL_LCU_A,2028,27050373000000.0,IMF,World Economic Outlook,official,final,forecast
MX,GDP_REAL_LCU_A,2029,27595451000000.0,IMF,World Economic Outlook,official,final,forecast
MX,GDP_REAL_LCU_A,2030,28151514000000.0,IMF,World Economic Outlook,official,final,forecast
MX,GDP_REAL_LCU_A,2031,28718781000000.0,IMF,World Economic Outlook,official,final,forecast
MX,GOV_DEBT_GDP_A,2027,63.112,IMF,World Economic Outlook,official,final,forecast
MX,GOV_DEBT_GDP_A,2028,63.109,IMF,World Economic Outlook,official,final,forecast
MX,GOV_DEBT_GDP_A,2029,63.274,IMF,World Economic Outlook,official,final,forecast
MX,GOV_DEBT_GDP_A,2030,63.377,IMF,World Economic Outlook,official,final,forecast
MX,GOV_DEBT_GDP_A,2031,63.588,IMF,World Economic Outlook,official,final,forecast
MX,GOV_EXPENSE_GDP_A,2027,28.71,IMF,World Economic Outlook,official,final,forecast
MX,GOV_EXPENSE_GDP_A,2028,28.206,IMF,World Economic Outlook,official,final,forecast
MX,GOV_EXPENSE_GDP_A,2029,28.217,IMF,World Economic Outlook,official,final,forecast
MX,GOV_EXPENSE_GDP_A,2030,28.237,IMF,World Economic Outlook,official,final,forecast
MX,GOV_EXPENSE_GDP_A,2031,28.237,IMF,World Economic Outlook,official,final,forecast
MX,GOV_NET_LENDING_GDP_A,2027,-3.5,IMF,World Economic Outlook,official,final,forecast
MX,GOV_NET_LENDING_GDP_A,2028,-3.0,IMF,World Economic Outlook,official,final,forecast
MX,GOV_NET_LENDING_GDP_A,2029,-3.0,IMF,World Economic Outlook,official,final,forecast
MX,GOV_NET_LENDING_GDP_A,2030,-3.0,IMF,World Economic Outlook,official,final,forecast
MX,GOV_NET_LENDING_GDP_A,2031,-3.0,IMF,World Economic Outlook,official,final,forecast
MX,GOV_REVENUE_GDP_A,2027,25.21,IMF,World Economic Outlook,official,final,forecast
MX,GOV_REVENUE_GDP_A,2028,25.206,IMF,World Economic Outlook,official,final,forecast
MX,GOV_REVENUE_GDP_A,2029,25.217,IMF,World Economic Outlook,official,final,forecast
MX,GOV_REVENUE_GDP_A,2030,25.237,IMF,World Economic Outlook,official,final,forecast
MX,GOV_REVENUE_GDP_A,2031,25.237,IMF,World Economic Outlook,official,final,forecast
MX,GROSS_CAPITAL_FORMATION_GDP_A,2027,21.884,IMF,World Economic Outlook,official,final,forecast
MX,GROSS_CAPITAL_FORMATION_GDP_A,2028,22.029,IMF,World Economic Outlook,official,final,forecast
MX,GROSS_CAPITAL_FORMATION_GDP_A,2029,22.186,IMF,World Economic Outlook,official,final,forecast
MX,GROSS_CAPITAL_FORMATION_GDP_A,2030,22.348,IMF,World Economic Outlook,official,final,forecast
MX,GROSS_CAPITAL_FORMATION_GDP_A,2031,22.508,IMF,World Economic Outlook,official,final,forecast
MX,GROSS_SAVINGS_GDP_A,2027,21.332,IMF,World Economic Outlook,official,final,forecast
MX,GROSS_SAVINGS_GDP_A,2028,21.389,IMF,World Economic Outlook,official,final,forecast
MX,GROSS_SAVINGS_GDP_A,2029,21.513,IMF,World Economic Outlook,official,final,forecast
MX,GROSS_SAVINGS_GDP_A,2030,21.643,IMF,World Economic Outlook,official,final,forecast
MX,GROSS_SAVINGS_GDP_A,2031,21.814,IMF,World Economic Outlook,official,final,forecast
MX,POPULATION_TOTAL_A,2027,135392000.0,IMF,World Economic Outlook,official,final,forecast
MX,POPULATION_TOTAL_A,2028,136322000.0,IMF,World Economic Outlook,official,final,forecast
MX,POPULATION_TOTAL_A,2029,137201000.0,IMF,World Economic Outlook,official,final,forecast
MX,POPULATION_TOTAL_A,2030,138034000.0,IMF,World Economic Outlook,official,final,forecast
MX,POPULATION_TOTAL_A,2031,138826000.0,IMF,World Economic Outlook,official,final,forecast
MX,UNEMPLOYMENT_RATE_A,2027,2.752,IMF,World Economic Outlook,official,final,forecast
MX,UNEMPLOYMENT_RATE_A,2028,2.765,IMF,World Economic Outlook,official,final,forecast
MX,UNEMPLOYMENT_RATE_A,2029,2.792,IMF,World Economic Outlook,official,final,forecast
MX,UNEMPLOYMENT_RATE_A,2030,2.798,IMF,World Economic Outlook,official,final,forecast
MX,UNEMPLOYMENT_RATE_A,2031,2.8,IMF,World Economic Outlook,official,final,forecast
SA,CPI_YOY_A,2027,2.114,IMF,World Economic Outlook,official,final,forecast
SA,CPI_YOY_A,2028,2.0,IMF,World Economic Outlook,official,final,forecast
SA,CPI_YOY_A,2029,2.0,IMF,World Economic Outlook,official,final,forecast
SA,CPI_YOY_A,2030,2.0,IMF,World Economic Outlook,official,final,forecast
SA,CPI_YOY_A,2031,2.0,IMF,World Economic Outlook,official,final,forecast
SA,CURRENT_ACCOUNT_GDP_A,2027,-2.953,IMF,World Economic Outlook,official,final,forecast
SA,CURRENT_ACCOUNT_GDP_A,2028,-3.496,IMF,World Economic Outlook,official,final,forecast
SA,CURRENT_ACCOUNT_GDP_A,2029,-3.613,IMF,World Economic Outlook,official,final,forecast
SA,CURRENT_ACCOUNT_GDP_A,2030,-3.655,IMF,World Economic Outlook,official,final,forecast
SA,CURRENT_ACCOUNT_GDP_A,2031,-3.755,IMF,World Economic Outlook,official,final,forecast
SA,GDP_CURRENT_LCU_A,2027,5371304000000.0,IMF,World Economic Outlook,official,final,forecast
SA,GDP_CURRENT_LCU_A,2028,5617603000000.0,IMF,World Economic Outlook,official,final,forecast
SA,GDP_CURRENT_LCU_A,2029,5895467000000.0,IMF,World Economic Outlook,official,final,forecast
SA,GDP_CURRENT_LCU_A,2030,6185651000000.0,IMF,World Economic Outlook,official,final,forecast
SA,GDP_CURRENT_LCU_A,2031,6487780000000.0,IMF,World Economic Outlook,official,final,forecast
SA,GDP_DEFLATOR_INDEX_A,2027,101.734,IMF,World Economic Outlook,official,final,forecast
SA,GDP_DEFLATOR_INDEX_A,2028,102.657,IMF,World Economic Outlook,official,final,forecast
SA,GDP_DEFLATOR_INDEX_A,2029,104.048,IMF,World Economic Outlook,official,final,forecast
SA,GDP_DEFLATOR_INDEX_A,2030,105.457,IMF,World Economic Outlook,official,final,forecast
SA,GDP_DEFLATOR_INDEX_A,2031,106.816,IMF,World Economic Outlook,official,final,forecast
SA,GDP_NOMINAL_USD_A,2027,1432348000000.0,IMF,World Economic Outlook,official,final,forecast
SA,GDP_NOMINAL_USD_A,2028,1498027000000.0,IMF,World Economic Outlook,official,final,forecast
SA,GDP_NOMINAL_USD_A,2029,1572125000000.0,IMF,World Economic Outlook,official,final,forecast
SA,GDP_NOMINAL_USD_A,2030,1649507000000.0,IMF,World Economic Outlook,official,final,forecast
SA,GDP_NOMINAL_USD_A,2031,1730075000000.0,IMF,World Economic Outlook,official,final,forecast
SA,GDP_PER_CAPITA_USD_A,2027,38235.767,IMF,World Economic Outlook,official,final,forecast
SA,GDP_PER_CAPITA_USD_A,2028,39204.951,IMF,World Economic Outlook,official,final,forecast
SA,GDP_PER_CAPITA_USD_A,2029,40337.404,IMF,World Economic Outlook,official,final,forecast
SA,GDP_PER_CAPITA_USD_A,2030,41493.011,IMF,World Economic Outlook,official,final,forecast
SA,GDP_PER_CAPITA_USD_A,2031,42666.35,IMF,World Economic Outlook,official,final,forecast
SA,GDP_REAL_GROWTH_YOY_A,2027,4.454,IMF,World Economic Outlook,official,final,forecast
SA,GDP_REAL_GROWTH_YOY_A,2028,3.645,IMF,World Economic Outlook,official,final,forecast
SA,GDP_REAL_GROWTH_YOY_A,2029,3.543,IMF,World Economic Outlook,official,final,forecast
SA,GDP_REAL_GROWTH_YOY_A,2030,3.52,IMF,World Economic Outlook,official,final,forecast
SA,GDP_REAL_GROWTH_YOY_A,2031,3.55,IMF,World Economic Outlook,official,final,forecast
SA,GDP_REAL_LCU_A,2027,5279761000000.0,IMF,World Economic Outlook,official,final,forecast
SA,GDP_REAL_LCU_A,2028,5472191000000.0,IMF,World Economic Outlook,official,final,forecast
SA,GDP_REAL_LCU_A,2029,5666082000000.0,IMF,World Economic Outlook,official,final,forecast
SA,GDP_REAL_LCU_A,2030,5865548000000.0,IMF,World Economic Outlook,official,final,forecast
SA,GDP_REAL_LCU_A,2031,6073804000000.0,IMF,World Economic Outlook,official,final,forecast
SA,GOV_DEBT_GDP_A,2027,34.769,IMF,World Economic Outlook,official,final,forecast
SA,GOV_DEBT_GDP_A,2028,37.073,IMF,World Economic Outlook,official,final,forecast
SA,GOV_DEBT_GDP_A,2029,38.921,IMF,World Economic Outlook,official,final,forecast
SA,GOV_DEBT_GDP_A,2030,40.63,IMF,World Economic Outlook,official,final,forecast
SA,GOV_DEBT_GDP_A,2031,42.219,IMF,World Economic Outlook,official,final,forecast
SA,GOV_EXPENSE_GDP_A,2027,26.67,IMF,World Economic Outlook,official,final,forecast
SA,GOV_EXPENSE_GDP_A,2028,26.315,IMF,World Economic Outlook,official,final,forecast
SA,GOV_EXPENSE_GDP_A,2029,25.873,IMF,World Economic Outlook,official,final,forecast
SA,GOV_EXPENSE_GDP_A,2030,25.437,IMF,World Economic Outlook,official,final,forecast
SA,GOV_EXPENSE_GDP_A,2031,25.016,IMF,World Economic Outlook,official,final,forecast
SA,GOV_NET_LENDING_GDP_A,2027,-3.401,IMF,World Economic Outlook,official,final,forecast
SA,GOV_NET_LENDING_GDP_A,2028,-3.562,IMF,World Economic Outlook,official,final,forecast
SA,GOV_NET_LENDING_GDP_A,2029,-3.34,IMF,World Economic Outlook,official,final,forecast
SA,GOV_NET_LENDING_GDP_A,2030,-3.211,IMF,World Economic Outlook,official,final,forecast
SA,GOV_NET_LENDING_GDP_A,2031,-3.173,IMF,World Economic Outlook,official,final,forecast
SA,GOV_REVENUE_GDP_A,2027,23.269,IMF,World Economic Outlook,official,final,forecast
SA,GOV_REVENUE_GDP_A,2028,22.753,IMF,World Economic Outlook,official,final,forecast
SA,GOV_REVENUE_GDP_A,2029,22.533,IMF,World Economic Outlook,official,final,forecast
SA,GOV_REVENUE_GDP_A,2030,22.225,IMF,World Economic Outlook,official,final,forecast
SA,GOV_REVENUE_GDP_A,2031,21.843,IMF,World Economic Outlook,official,final,forecast
SA,GROSS_CAPITAL_FORMATION_GDP_A,2027,30.866,IMF,World Economic Outlook,official,final,forecast
SA,GROSS_CAPITAL_FORMATION_GDP_A,2028,30.834,IMF,World Economic Outlook,official,final,forecast
SA,GROSS_CAPITAL_FORMATION_GDP_A,2029,30.69,IMF,World Economic Outlook,official,final,forecast
SA,GROSS_CAPITAL_FORMATION_GDP_A,2030,30.564,IMF,World Economic Outlook,official,final,forecast
SA,GROSS_CAPITAL_FORMATION_GDP_A,2031,30.478,IMF,World Economic Outlook,official,final,forecast
SA,GROSS_SAVINGS_GDP_A,2027,27.913,IMF,World Economic Outlook,official,final,forecast
SA,GROSS_SAVINGS_GDP_A,2028,27.337,IMF,World Economic Outlook,official,final,forecast
SA,GROSS_SAVINGS_GDP_A,2029,27.077,IMF,World Economic Outlook,official,final,forecast
SA,GROSS_SAVINGS_GDP_A,2030,26.909,IMF,World Economic Outlook,official,final,forecast
SA,GROSS_SAVINGS_GDP_A,2031,26.723,IMF,World Economic Outlook,official,final,forecast
SA,POPULATION_TOTAL_A,2027,37461000.0,IMF,World Economic Outlook,official,final,forecast
SA,POPULATION_TOTAL_A,2028,38210000.0,IMF,World Economic Outlook,official,final,forecast
SA,POPULATION_TOTAL_A,2029,38974000.0,IMF,World Economic Outlook,official,final,forecast
SA,POPULATION_TOTAL_A,2030,39754000.0,IMF,World Economic Outlook,official,final,forecast
SA,POPULATION_TOTAL_A,2031,40549000.0,IMF,World Economic Outlook,official,final,forecast
TR,CPI_YOY_A,2027,21.357,IMF,World Economic Outlook,official,final,forecast
TR,CPI_YOY_A,2028,16.986,IMF,World Economic Outlook,official,final,forecast
TR,CPI_YOY_A,2029,15.004,IMF,World Economic Outlook,official,final,forecast
TR,CPI_YOY_A,2030,15.004,IMF,World Economic Outlook,official,final,forecast
TR,CPI_YOY_A,2031,15.004,IMF,World Economic Outlook,official,final,forecast
TR,CURRENT_ACCOUNT_GDP_A,2027,-2.539,IMF,World Economic Outlook,official,final,forecast
TR,CURRENT_ACCOUNT_GDP_A,2028,-2.157,IMF,World Economic Outlook,official,final,forecast
TR,CURRENT_ACCOUNT_GDP_A,2029,-1.797,IMF,World Economic Outlook,official,final,forecast
TR,CURRENT_ACCOUNT_GDP_A,2030,-1.425,IMF,World Economic Outlook,official,final,forecast
TR,CURRENT_ACCOUNT_GDP_A,2031,-1.161,IMF,World Economic Outlook,official,final,forecast
TR,GDP_CURRENT_LCU_A,2027,101749228000000.0,IMF,World Economic Outlook,official,final,forecast
TR,GDP_CURRENT_LCU_A,2028,124635535000000.0,IMF,World Economic Outlook,official,final,forecast
TR,GDP_CURRENT_LCU_A,2029,148445703000000.0,IMF,World Economic Outlook,official,final,forecast
TR,GDP_CURRENT_LCU_A,2030,175317184000000.0,IMF,World Economic Outlook,official,final,forecast
TR,GDP_CURRENT_LCU_A,2031,206935668000000.0,IMF,World Economic Outlook,official,final,forecast
TR,GDP_DEFLATOR_INDEX_A,2027,3928.867,IMF,World Economic Outlook,official,final,forecast
TR,GDP_DEFLATOR_INDEX_A,2028,4634.65,IMF,World Economic Outlook,official,final,forecast
TR,GDP_DEFLATOR_INDEX_A,2029,5307.298,IMF,World Economic Outlook,official,final,forecast
TR,GDP_DEFLATOR_INDEX_A,2030,6025.035,IMF,World Economic Outlook,official,final,forecast
TR,GDP_DEFLATOR_INDEX_A,2031,6836.632,IMF,World Economic Outlook,official,final,forecast
TR,GDP_NOMINAL_USD_A,2027,1629539000000.0,IMF,World Economic Outlook,official,final,forecast
TR,GDP_NOMINAL_USD_A,2028,1741606000000.0,IMF,World Economic Outlook,official,final,forecast
TR,GDP_NOMINAL_USD_A,2029,1842887000000.0,IMF,World Economic Outlook,official,final,forecast
TR,GDP_NOMINAL_USD_A,2030,1933816000000.0,IMF,World Economic Outlook,official,final,forecast
TR,GDP_NOMINAL_USD_A,2031,2027846000000.0,IMF,World Economic Outlook,official,final,forecast
TR,GDP_PER_CAPITA_USD_A,2027,18805.324,IMF,World Economic Outlook,official,final,forecast
TR,GDP_PER_CAPITA_USD_A,2028,20007.395,IMF,World Economic Outlook,official,final,forecast
TR,GDP_PER_CAPITA_USD_A,2029,21078.126,IMF,World Economic Outlook,official,final,forecast
TR,GDP_PER_CAPITA_USD_A,2030,22025.143,IMF,World Economic Outlook,official,final,forecast
TR,GDP_PER_CAPITA_USD_A,2031,22954.739,IMF,World Economic Outlook,official,final,forecast
TR,GDP_REAL_GROWTH_YOY_A,2027,3.472,IMF,World Economic Outlook,official,final,forecast
TR,GDP_REAL_GROWTH_YOY_A,2028,3.839,IMF,World Economic Outlook,official,final,forecast
TR,GDP_REAL_GROWTH_YOY_A,2029,4.009,IMF,World Economic Outlook,official,final,forecast
TR,GDP_REAL_GROWTH_YOY_A,2030,4.033,IMF,World Economic Outlook,official,final,forecast
TR,GDP_REAL_GROWTH_YOY_A,2031,4.023,IMF,World Economic Outlook,official,final,forecast
TR,GDP_REAL_LCU_A,2027,2589786000000.0,IMF,World Economic Outlook,official,final,forecast
TR,GDP_REAL_LCU_A,2028,2689212000000.0,IMF,World Economic Outlook,official,final,forecast
TR,GDP_REAL_LCU_A,2029,2797011000000.0,IMF,World Economic Outlook,official,final,forecast
TR,GDP_REAL_LCU_A,2030,2909812000000.0,IMF,World Economic Outlook,official,final,forecast
TR,GDP_REAL_LCU_A,2031,3026865000000.0,IMF,World Economic Outlook,official,final,forecast
TR,GOV_DEBT_GDP_A,2027,26.894,IMF,World Economic Outlook,official,final,forecast
TR,GOV_DEBT_GDP_A,2028,27.315,IMF,World Economic Outlook,official,final,forecast
TR,GOV_DEBT_GDP_A,2029,27.411,IMF,World Economic Outlook,official,final,forecast
TR,GOV_DEBT_GDP_A,2030,28.042,IMF,World Economic Outlook,official,final,forecast
TR,GOV_DEBT_GDP_A,2031,27.486,IMF,World Economic Outlook,official,final,forecast
TR,GOV_EXPENSE_GDP_A,2027,33.754,IMF,World Economic Outlook,official,final,forecast
TR,GOV_EXPENSE_GDP_A,2028,33.532,IMF,World Economic Outlook,official,final,forecast
TR,GOV_EXPENSE_GDP_A,2029,32.834,IMF,World Economic Outlook,official,final,forecast
TR,GOV_EXPENSE_GDP_A,2030,32.714,IMF,World Economic Outlook,official,final,forecast
TR,GOV_EXPENSE_GDP_A,2031,32.596,IMF,World Economic Outlook,official,final,forecast
TR,GOV_NET_LENDING_GDP_A,2027,-3.666,IMF,World Economic Outlook,official,final,forecast
TR,GOV_NET_LENDING_GDP_A,2028,-3.514,IMF,World Economic Outlook,official,final,forecast
TR,GOV_NET_LENDING_GDP_A,2029,-2.895,IMF,World Economic Outlook,official,final,forecast
TR,GOV_NET_LENDING_GDP_A,2030,-2.788,IMF,World Economic Outlook,official,final,forecast
TR,GOV_NET_LENDING_GDP_A,2031,-2.683,IMF,World Economic Outlook,official,final,forecast
TR,GOV_REVENUE_GDP_A,2027,30.088,IMF,World Economic Outlook,official,final,forecast
TR,GOV_REVENUE_GDP_A,2028,30.019,IMF,World Economic Outlook,official,final,forecast
TR,GOV_REVENUE_GDP_A,2029,29.939,IMF,World Economic Outlook,official,final,forecast
TR,GOV_REVENUE_GDP_A,2030,29.926,IMF,World Economic Outlook,official,final,forecast
TR,GOV_REVENUE_GDP_A,2031,29.913,IMF,World Economic Outlook,official,final,forecast
TR,GROSS_CAPITAL_FORMATION_GDP_A,2027,35.516,IMF,World Economic Outlook,official,final,forecast
TR,GROSS_CAPITAL_FORMATION_GDP_A,2028,35.714,IMF,World Economic Outlook,official,final,forecast
TR,GROSS_CAPITAL_FORMATION_GDP_A,2029,35.288,IMF,World Economic Outlook,official,final,forecast
TR,GROSS_CAPITAL_FORMATION_GDP_A,2030,34.18,IMF,World Economic Outlook,official,final,forecast
TR,GROSS_CAPITAL_FORMATION_GDP_A,2031,33.356,IMF,World Economic Outlook,official,final,forecast
TR,GROSS_SAVINGS_GDP_A,2027,33.083,IMF,World Economic Outlook,official,final,forecast
TR,GROSS_SAVINGS_GDP_A,2028,33.653,IMF,World Economic Outlook,official,final,forecast
TR,GROSS_SAVINGS_GDP_A,2029,33.587,IMF,World Economic Outlook,official,final,forecast
TR,GROSS_SAVINGS_GDP_A,2030,32.851,IMF,World Economic Outlook,official,final,forecast
TR,GROSS_SAVINGS_GDP_A,2031,32.291,IMF,World Economic Outlook,official,final,forecast
TR,POPULATION_TOTAL_A,2027,86653000.0,IMF,World Economic Outlook,official,final,forecast
TR,POPULATION_TOTAL_A,2028,87048000.0,IMF,World Economic Outlook,official,final,forecast
TR,POPULATION_TOTAL_A,2029,87431000.0,IMF,World Economic Outlook,official,final,forecast
TR,POPULATION_TOTAL_A,2030,87800000.0,IMF,World Economic Outlook,official,final,forecast
TR,POPULATION_TOTAL_A,2031,88341000.0,IMF,World Economic Outlook,official,final,forecast
TR,UNEMPLOYMENT_RATE_A,2027,8.665,IMF,World Economic Outlook,official,final,forecast
TR,UNEMPLOYMENT_RATE_A,2028,9.09,IMF,World Economic Outlook,official,final,forecast
TR,UNEMPLOYMENT_RATE_A,2029,9.14,IMF,World Economic Outlook,official,final,forecast
TR,UNEMPLOYMENT_RATE_A,2030,9.14,IMF,World Economic Outlook,official,final,forecast
TR,UNEMPLOYMENT_RATE_A,2031,9.14,IMF,World Economic Outlook,official,final,forecast
US,CPI_YOY_A,2027,2.141,IMF,World Economic Outlook,official,final,forecast
US,CPI_YOY_A,2028,2.184,IMF,World Economic Outlook,official,final,forecast
US,CPI_YOY_A,2029,2.188,IMF,World Economic Outlook,official,final,forecast
US,CPI_YOY_A,2030,2.19,IMF,World Economic Outlook,official,final,forecast
US,CPI_YOY_A,2031,2.184,IMF,World Economic Outlook,official,final,forecast
US,CURRENT_ACCOUNT_GDP_A,2027,-3.634,IMF,World Economic Outlook,official,final,forecast
US,CURRENT_ACCOUNT_GDP_A,2028,-3.567,IMF,World Economic Outlook,official,final,forecast
US,CURRENT_ACCOUNT_GDP_A,2029,-3.619,IMF,World Economic Outlook,official,final,forecast
US,CURRENT_ACCOUNT_GDP_A,2030,-3.553,IMF,World Economic Outlook,official,final,forecast
US,CURRENT_ACCOUNT_GDP_A,2031,-3.558,IMF,World Economic Outlook,official,final,forecast
US,GDP_CURRENT_LCU_A,2027,33790035000000.004,IMF,World Economic Outlook,official,final,forecast
US,GDP_CURRENT_LCU_A,2028,35065900000000.0,IMF,World Economic Outlook,official,final,forecast
US,GDP_CURRENT_LCU_A,2029,36360580000000.0,IMF,World Economic Outlook,official,final,forecast
US,GDP_CURRENT_LCU_A,2030,37677878000000.0,IMF,World Economic Outlook,official,final,forecast
US,GDP_CURRENT_LCU_A,2031,39031262000000.0,IMF,World Economic Outlook,official,final,forecast
US,GDP_DEFLATOR_INDEX_A,2027,135.595,IMF,World Economic Outlook,official,final,forecast
US,GDP_DEFLATOR_INDEX_A,2028,137.821,IMF,World Economic Outlook,official,final,forecast
US,GDP_DEFLATOR_INDEX_A,2029,140.271,IMF,World Economic Outlook,official,final,forecast
US,GDP_DEFLATOR_INDEX_A,2030,142.849,IMF,World Economic Outlook,official,final,forecast
US,GDP_DEFLATOR_INDEX_A,2031,145.428,IMF,World Economic Outlook,official,final,forecast
US,GDP_NOMINAL_USD_A,2027,33790035000000.004,IMF,World Economic Outlook,official,final,forecast
US,GDP_NOMINAL_USD_A,2028,35065900000000.0,IMF,World Economic Outlook,official,final,forecast
US,GDP_NOMINAL_USD_A,2029,36360580000000.0,IMF,World Economic Outlook,official,final,forecast
US,GDP_NOMINAL_USD_A,2030,37677878000000.0,IMF,World Economic Outlook,official,final,forecast
US,GDP_NOMINAL_USD_A,2031,39031262000000.0,IMF,World Economic Outlook,official,final,forecast
US,GDP_PER_CAPITA_USD_A,2027,98277.579,IMF,World Economic Outlook,official,final,forecast
US,GDP_PER_CAPITA_USD_A,2028,101714.787,IMF,World Economic Outlook,official,final,forecast
US,GDP_PER_CAPITA_USD_A,2029,105171.151,IMF,World Economic Outlook,official,final,forecast
US,GDP_PER_CAPITA_USD_A,2030,108659.462,IMF,World Economic Outlook,official,final,forecast
US,GDP_PER_CAPITA_USD_A,2031,112241.909,IMF,World Economic Outlook,official,final,forecast
US,GDP_REAL_GROWTH_YOY_A,2027,2.1,IMF,World Economic Outlook,official,final,forecast
US,GDP_REAL_GROWTH_YOY_A,2028,2.1,IMF,World Economic Outlook,official,final,forecast
US,GDP_REAL_GROWTH_YOY_A,2029,1.881,IMF,World Economic Outlook,official,final,forecast
US,GDP_REAL_GROWTH_YOY_A,2030,1.753,IMF,World Economic Outlook,official,final,forecast
US,GDP_REAL_GROWTH_YOY_A,2031,1.755,IMF,World Economic Outlook,official,final,forecast
US,GDP_REAL_LCU_A,2027,24919824000000.0,IMF,World Economic Outlook,official,final,forecast
US,GDP_REAL_LCU_A,2028,25443140000000.0,IMF,World Economic Outlook,official,final,forecast
US,GDP_REAL_LCU_A,2029,25921621000000.0,IMF,World Economic Outlook,official,final,forecast
US,GDP_REAL_LCU_A,2030,26376061000000.0,IMF,World Economic Outlook,official,final,forecast
US,GDP_REAL_LCU_A,2031,26838961000000.0,IMF,World Economic Outlook,official,final,forecast
US,GOV_DEBT_GDP_A,2027,128.576,IMF,World Economic Outlook,official,final,forecast
US,GOV_DEBT_GDP_A,2028,132.134,IMF,World Economic Outlook,official,final,forecast
US,GOV_DEBT_GDP_A,2029,135.527,IMF,World Economic Outlook,official,final,forecast
US,GOV_DEBT_GDP_A,2030,138.897,IMF,World Economic Outlook,official,final,forecast
US,GOV_DEBT_GDP_A,2031,142.113,IMF,World Economic Outlook,official,final,forecast
US,GOV_EXPENSE_GDP_A,2027,37.904,IMF,World Economic Outlook,official,final,forecast
US,GOV_EXPENSE_GDP_A,2028,37.978,IMF,World Economic Outlook,official,final,forecast
US,GOV_EXPENSE_GDP_A,2029,37.849,IMF,World Economic Outlook,official,final,forecast
US,GOV_EXPENSE_GDP_A,2030,38.114,IMF,World Economic Outlook,official,final,forecast
US,GOV_EXPENSE_GDP_A,2031,38.15,IMF,World Economic Outlook,official,final,forecast
US,GOV_NET_LENDING_GDP_A,2027,-7.374,IMF,World Economic Outlook,official,final,forecast
US,GOV_NET_LENDING_GDP_A,2028,-7.595,IMF,World Economic Outlook,official,final,forecast
US,GOV_NET_LENDING_GDP_A,2029,-7.453,IMF,World Economic Outlook,official,final,forecast
US,GOV_NET_LENDING_GDP_A,2030,-7.465,IMF,World Economic Outlook,official,final,forecast
US,GOV_NET_LENDING_GDP_A,2031,-7.389,IMF,World Economic Outlook,official,final,forecast
US,GOV_REVENUE_GDP_A,2027,30.531,IMF,World Economic Outlook,official,final,forecast
US,GOV_REVENUE_GDP_A,2028,30.383,IMF,World Economic Outlook,official,final,forecast
US,GOV_REVENUE_GDP_A,2029,30.396,IMF,World Economic Outlook,official,final,forecast
US,GOV_REVENUE_GDP_A,2030,30.648,IMF,World Economic Outlook,official,final,forecast
US,GOV_REVENUE_GDP_A,2031,30.761,IMF,World Economic Outlook,official,final,forecast
US,GROSS_CAPITAL_FORMATION_GDP_A,2027,21.487,IMF,World Economic Outlook,official,final,forecast
US,GROSS_CAPITAL_FORMATION_GDP_A,2028,21.347,IMF,World Economic Outlook,official,final,forecast
US,GROSS_CAPITAL_FORMATION_GDP_A,2029,21.16,IMF,World Economic Outlook,official,final,forecast
US,GROSS_CAPITAL_FORMATION_GDP_A,2030,20.964,IMF,World Economic Outlook,official,final,forecast
US,GROSS_CAPITAL_FORMATION_GDP_A,2031,20.783,IMF,World Economic Outlook,official,final,forecast
US,GROSS_SAVINGS_GDP_A,2027,17.857,IMF,World Economic Outlook,official,final,forecast
US,GROSS_SAVINGS_GDP_A,2028,17.786,IMF,World Economic Outlook,official,final,forecast
US,GROSS_SAVINGS_GDP_A,2029,17.547,IMF,World Economic Outlook,official,final,forecast
US,GROSS_SAVINGS_GDP_A,2030,17.412,IMF,World Economic Outlook,official,final,forecast
US,GROSS_SAVINGS_GDP_A,2031,17.23,IMF,World Economic Outlook,official,final,forecast
US,POPULATION_TOTAL_A,2027,343822000.0,IMF,World Economic Outlook,official,final,forecast
US,POPULATION_TOTAL_A,2028,344747000.0,IMF,World Economic Outlook,official,final,forecast
US,POPULATION_TOTAL_A,2029,345728000.0,IMF,World Economic Outlook,official,final,forecast
US,POPULATION_TOTAL_A,2030,346752000.0,IMF,World Economic Outlook,official,final,forecast
US,POPULATION_TOTAL_A,2031,347742000.0,IMF,World Economic Outlook,official,final,forecast
US,UNEMPLOYMENT_RATE_A,2027,4.249,IMF,World Economic Outlook,official,final,forecast
US,UNEMPLOYMENT_RATE_A,2028,4.109,IMF,World Economic Outlook,official,final,forecast
US,UNEMPLOYMENT_RATE_A,2029,3.899,IMF,World Economic Outlook,official,final,forecast
US,UNEMPLOYMENT_RATE_A,2030,3.873,IMF,World Economic Outlook,official,final,forecast
US,UNEMPLOYMENT_RATE_A,2031,3.859,IMF,World Economic Outlook,official,final,forecast
VN,CPI_YOY_A,2027,4.559,IMF,World Economic Outlook,official,final,forecast
VN,CPI_YOY_A,2028,3.663,IMF,World Economic Outlook,official,final,forecast
VN,CPI_YOY_A,2029,3.6,IMF,World Economic Outlook,official,final,forecast
VN,CPI_YOY_A,2030,3.6,IMF,World Economic Outlook,official,final,forecast
VN,CPI_YOY_A,2031,3.6,IMF,World Economic Outlook,official,final,forecast
VN,CURRENT_ACCOUNT_GDP_A,2027,4.373,IMF,World Economic Outlook,official,final,forecast
VN,CURRENT_ACCOUNT_GDP_A,2028,3.238,IMF,World Economic Outlook,official,final,forecast
VN,CURRENT_ACCOUNT_GDP_A,2029,2.266,IMF,World Economic Outlook,official,final,forecast
VN,CURRENT_ACCOUNT_GDP_A,2030,1.405,IMF,World Economic Outlook,official,final,forecast
VN,CURRENT_ACCOUNT_GDP_A,2031,0.564,IMF,World Economic Outlook,official,final,forecast
VN,GDP_CURRENT_LCU_A,2027,1.5324967203e+16,IMF,World Economic Outlook,official,final,forecast
VN,GDP_CURRENT_LCU_A,2028,1.6610514986e+16,IMF,World Economic Outlook,official,final,forecast
VN,GDP_CURRENT_LCU_A,2029,1.7872131162999998e+16,IMF,World Economic Outlook,official,final,forecast
VN,GDP_CURRENT_LCU_A,2030,1.9183468793e+16,IMF,World Economic Outlook,official,final,forecast
VN,GDP_CURRENT_LCU_A,2031,2.0590521626e+16,IMF,World Economic Outlook,official,final,forecast
VN,GDP_DEFLATOR_INDEX_A,2027,198.29,IMF,World Economic Outlook,official,final,forecast
VN,GDP_DEFLATOR_INDEX_A,2028,202.376,IMF,World Economic Outlook,official,final,forecast
VN,GDP_DEFLATOR_INDEX_A,2029,206.2,IMF,World Economic Outlook,official,final,forecast
VN,GDP_DEFLATOR_INDEX_A,2030,210.01,IMF,World Economic Outlook,official,final,forecast
VN,GDP_DEFLATOR_INDEX_A,2031,213.885,IMF,World Economic Outlook,official,final,forecast
VN,GDP_NOMINAL_USD_A,2027,557405000000.0,IMF,World Economic Outlook,official,final,forecast
VN,GDP_NOMINAL_USD_A,2028,594826000000.0,IMF,World Economic Outlook,official,final,forecast
VN,GDP_NOMINAL_USD_A,2029,631081000000.0,IMF,World Economic Outlook,official,final,forecast
VN,GDP_NOMINAL_USD_A,2030,667520000000.0,IMF,World Economic Outlook,official,final,forecast
VN,GDP_NOMINAL_USD_A,2031,705443000000.0,IMF,World Economic Outlook,official,final,forecast
VN,GDP_PER_CAPITA_USD_A,2027,5372.28,IMF,World Economic Outlook,official,final,forecast
VN,GDP_PER_CAPITA_USD_A,2028,5698.382,IMF,World Economic Outlook,official,final,forecast
VN,GDP_PER_CAPITA_USD_A,2029,6010.054,IMF,World Economic Outlook,official,final,forecast
VN,GDP_PER_CAPITA_USD_A,2030,6322.787,IMF,World Economic Outlook,official,final,forecast
VN,GDP_PER_CAPITA_USD_A,2031,6651.955,IMF,World Economic Outlook,official,final,forecast
VN,GDP_REAL_GROWTH_YOY_A,2027,6.7,IMF,World Economic Outlook,official,final,forecast
VN,GDP_REAL_GROWTH_YOY_A,2028,6.2,IMF,World Economic Outlook,official,final,forecast
VN,GDP_REAL_GROWTH_YOY_A,2029,5.6,IMF,World Economic Outlook,official,final,forecast
VN,GDP_REAL_GROWTH_YOY_A,2030,5.39,IMF,World Economic Outlook,official,final,forecast
VN,GDP_REAL_GROWTH_YOY_A,2031,5.39,IMF,World Economic Outlook,official,final,forecast
VN,GDP_REAL_LCU_A,2027,7728577771000000.0,IMF,World Economic Outlook,official,final,forecast
VN,GDP_REAL_LCU_A,2028,8207749592000000.0,IMF,World Economic Outlook,official,final,forecast
VN,GDP_REAL_LCU_A,2029,8667383570000000.0,IMF,World Economic Outlook,official,final,forecast
VN,GDP_REAL_LCU_A,2030,9134555544000000.0,IMF,World Economic Outlook,official,final,forecast
VN,GDP_REAL_LCU_A,2031,9626908088000000.0,IMF,World Economic Outlook,official,final,forecast
VN,GOV_DEBT_GDP_A,2027,29.049,IMF,World Economic Outlook,official,final,forecast
VN,GOV_DEBT_GDP_A,2028,28.277,IMF,World Economic Outlook,official,final,forecast
VN,GOV_DEBT_GDP_A,2029,27.664,IMF,World Economic Outlook,official,final,forecast
VN,GOV_DEBT_GDP_A,2030,27.166,IMF,World Economic Outlook,official,final,forecast
VN,GOV_DEBT_GDP_A,2031,26.634,IMF,World Economic Outlook,official,final,forecast
VN,GOV_EXPENSE_GDP_A,2027,21.329,IMF,World Economic Outlook,official,final,forecast
VN,GOV_EXPENSE_GDP_A,2028,21.214,IMF,World Economic Outlook,official,final,forecast
VN,GOV_EXPENSE_GDP_A,2029,21.147,IMF,World Economic Outlook,official,final,forecast
VN,GOV_EXPENSE_GDP_A,2030,21.169,IMF,World Economic Outlook,official,final,forecast
VN,GOV_EXPENSE_GDP_A,2031,21.175,IMF,World Economic Outlook,official,final,forecast
VN,GOV_NET_LENDING_GDP_A,2027,-1.555,IMF,World Economic Outlook,official,final,forecast
VN,GOV_NET_LENDING_GDP_A,2028,-1.402,IMF,World Economic Outlook,official,final,forecast
VN,GOV_NET_LENDING_GDP_A,2029,-1.316,IMF,World Economic Outlook,official,final,forecast
VN,GOV_NET_LENDING_GDP_A,2030,-1.316,IMF,World Economic Outlook,official,final,forecast
VN,GOV_NET_LENDING_GDP_A,2031,-1.251,IMF,World Economic Outlook,official,final,forecast
VN,GOV_REVENUE_GDP_A,2027,19.773,IMF,World Economic Outlook,official,final,forecast
VN,GOV_REVENUE_GDP_A,2028,19.812,IMF,World Economic Outlook,official,final,forecast
VN,GOV_REVENUE_GDP_A,2029,19.831,IMF,World Economic Outlook,official,final,forecast
VN,GOV_REVENUE_GDP_A,2030,19.853,IMF,World Economic Outlook,official,final,forecast
VN,GOV_REVENUE_GDP_A,2031,19.924,IMF,World Economic Outlook,official,final,forecast
VN,GROSS_CAPITAL_FORMATION_GDP_A,2027,32.449,IMF,World Economic Outlook,official,final,forecast
VN,GROSS_CAPITAL_FORMATION_GDP_A,2028,32.895,IMF,World Economic Outlook,official,final,forecast
VN,GROSS_CAPITAL_FORMATION_GDP_A,2029,33.425,IMF,World Economic Outlook,official,final,forecast
VN,GROSS_CAPITAL_FORMATION_GDP_A,2030,34.005,IMF,World Economic Outlook,official,final,forecast
VN,GROSS_CAPITAL_FORMATION_GDP_A,2031,34.614,IMF,World Economic Outlook,official,final,forecast
VN,GROSS_SAVINGS_GDP_A,2027,36.776,IMF,World Economic Outlook,official,final,forecast
VN,GROSS_SAVINGS_GDP_A,2028,36.1,IMF,World Economic Outlook,official,final,forecast
VN,GROSS_SAVINGS_GDP_A,2029,35.668,IMF,World Economic Outlook,official,final,forecast
VN,GROSS_SAVINGS_GDP_A,2030,35.395,IMF,World Economic Outlook,official,final,forecast
VN,GROSS_SAVINGS_GDP_A,2031,35.171,IMF,World Economic Outlook,official,final,forecast
VN,POPULATION_TOTAL_A,2027,103756000.0,IMF,World Economic Outlook,official,final,forecast
VN,POPULATION_TOTAL_A,2028,104385000.0,IMF,World Economic Outlook,official,final,forecast
VN,POPULATION_TOTAL_A,2029,105004000.0,IMF,World Economic Outlook,official,final,forecast
VN,POPULATION_TOTAL_A,2030,105574000.0,IMF,World Economic Outlook,official,final,forecast
VN,POPULATION_TOTAL_A,2031,106051000.0,IMF,World Economic Outlook,official,final,forecast
VN,UNEMPLOYMENT_RATE_A,2027,2.2,IMF,World Economic Outlook,official,final,forecast
VN,UNEMPLOYMENT_RATE_A,2028,2.21,IMF,World Economic Outlook,official,final,forecast
VN,UNEMPLOYMENT_RATE_A,2029,2.211,IMF,World Economic Outlook,official,final,forecast
VN,UNEMPLOYMENT_RATE_A,2030,2.184,IMF,World Economic Outlook,official,final,forecast
VN,UNEMPLOYMENT_RATE_A,2031,2.184,IMF,World Economic Outlook,official,final,forecast
ZA,CPI_YOY_A,2027,3.401,IMF,World Economic Outlook,official,final,forecast
ZA,CPI_YOY_A,2028,3.001,IMF,World Economic Outlook,official,final,forecast
ZA,CPI_YOY_A,2029,3.0,IMF,World Economic Outlook,official,final,forecast
ZA,CPI_YOY_A,2030,3.0,IMF,World Economic Outlook,official,final,forecast
ZA,CPI_YOY_A,2031,3.0,IMF,World Economic Outlook,official,final,forecast
ZA,CURRENT_ACCOUNT_GDP_A,2027,-1.393,IMF,World Economic Outlook,official,final,forecast
ZA,CURRENT_ACCOUNT_GDP_A,2028,-1.561,IMF,World Economic Outlook,official,final,forecast
ZA,CURRENT_ACCOUNT_GDP_A,2029,-1.746,IMF,World Economic Outlook,official,final,forecast
ZA,CURRENT_ACCOUNT_GDP_A,2030,-1.809,IMF,World Economic Outlook,official,final,forecast
ZA,CURRENT_ACCOUNT_GDP_A,2031,-1.821,IMF,World Economic Outlook,official,final,forecast
ZA,GDP_CURRENT_LCU_A,2027,8390593000000.001,IMF,World Economic Outlook,official,final,forecast
ZA,GDP_CURRENT_LCU_A,2028,8777402000000.0,IMF,World Economic Outlook,official,final,forecast
ZA,GDP_CURRENT_LCU_A,2029,9193729000000.0,IMF,World Economic Outlook,official,final,forecast
ZA,GDP_CURRENT_LCU_A,2030,9645116000000.0,IMF,World Economic Outlook,official,final,forecast
ZA,GDP_CURRENT_LCU_A,2031,10116472000000.0,IMF,World Economic Outlook,official,final,forecast
ZA,GDP_DEFLATOR_INDEX_A,2027,173.875,IMF,World Economic Outlook,official,final,forecast
ZA,GDP_DEFLATOR_INDEX_A,2028,179.116,IMF,World Economic Outlook,official,final,forecast
ZA,GDP_DEFLATOR_INDEX_A,2029,184.53,IMF,World Economic Outlook,official,final,forecast
ZA,GDP_DEFLATOR_INDEX_A,2030,190.111,IMF,World Economic Outlook,official,final,forecast
ZA,GDP_DEFLATOR_INDEX_A,2031,195.861,IMF,World Economic Outlook,official,final,forecast
ZA,GDP_NOMINAL_USD_A,2027,494409000000.0,IMF,World Economic Outlook,official,final,forecast
ZA,GDP_NOMINAL_USD_A,2028,513063000000.0,IMF,World Economic Outlook,official,final,forecast
ZA,GDP_NOMINAL_USD_A,2029,533314000000.0,IMF,World Economic Outlook,official,final,forecast
ZA,GDP_NOMINAL_USD_A,2030,555264000000.0,IMF,World Economic Outlook,official,final,forecast
ZA,GDP_NOMINAL_USD_A,2031,577966000000.0,IMF,World Economic Outlook,official,final,forecast
ZA,GDP_PER_CAPITA_USD_A,2027,7623.795,IMF,World Economic Outlook,official,final,forecast
ZA,GDP_PER_CAPITA_USD_A,2028,7803.973,IMF,World Economic Outlook,official,final,forecast
ZA,GDP_PER_CAPITA_USD_A,2029,8001.807,IMF,World Economic Outlook,official,final,forecast
ZA,GDP_PER_CAPITA_USD_A,2030,8217.982,IMF,World Economic Outlook,official,final,forecast
ZA,GDP_PER_CAPITA_USD_A,2031,8437.791,IMF,World Economic Outlook,official,final,forecast
ZA,GDP_REAL_GROWTH_YOY_A,2027,1.25,IMF,World Economic Outlook,official,final,forecast
ZA,GDP_REAL_GROWTH_YOY_A,2028,1.549,IMF,World Economic Outlook,official,final,forecast
ZA,GDP_REAL_GROWTH_YOY_A,2029,1.67,IMF,World Economic Outlook,official,final,forecast
ZA,GDP_REAL_GROWTH_YOY_A,2030,1.83,IMF,World Economic Outlook,official,final,forecast
ZA,GDP_REAL_GROWTH_YOY_A,2031,1.808,IMF,World Economic Outlook,official,final,forecast
ZA,GDP_REAL_LCU_A,2027,4825654000000.0,IMF,World Economic Outlook,official,final,forecast
ZA,GDP_REAL_LCU_A,2028,4900404000000.0,IMF,World Economic Outlook,official,final,forecast
ZA,GDP_REAL_LCU_A,2029,4982240000000.0,IMF,World Economic Outlook,official,final,forecast
ZA,GDP_REAL_LCU_A,2030,5073415000000.0,IMF,World Economic Outlook,official,final,forecast
ZA,GDP_REAL_LCU_A,2031,5165127000000.0,IMF,World Economic Outlook,official,final,forecast
ZA,GOV_DEBT_GDP_A,2027,79.707,IMF,World Economic Outlook,official,final,forecast
ZA,GOV_DEBT_GDP_A,2028,80.867,IMF,World Economic Outlook,official,final,forecast
ZA,GOV_DEBT_GDP_A,2029,81.674,IMF,World Economic Outlook,official,final,forecast
ZA,GOV_DEBT_GDP_A,2030,82.172,IMF,World Economic Outlook,official,final,forecast
ZA,GOV_DEBT_GDP_A,2031,82.615,IMF,World Economic Outlook,official,final,forecast
ZA,GOV_EXPENSE_GDP_A,2027,32.869,IMF,World Economic Outlook,official,final,forecast
ZA,GOV_EXPENSE_GDP_A,2028,33.028,IMF,World Economic Outlook,official,final,forecast
ZA,GOV_EXPENSE_GDP_A,2029,32.778,IMF,World Economic Outlook,official,final,forecast
ZA,GOV_EXPENSE_GDP_A,2030,32.615,IMF,World Economic Outlook,official,final,forecast
ZA,GOV_EXPENSE_GDP_A,2031,32.592,IMF,World Economic Outlook,official,final,forecast
ZA,GOV_NET_LENDING_GDP_A,2027,-4.338,IMF,World Economic Outlook,official,final,forecast
ZA,GOV_NET_LENDING_GDP_A,2028,-4.362,IMF,World Economic Outlook,official,final,forecast
ZA,GOV_NET_LENDING_GDP_A,2029,-4.089,IMF,World Economic Outlook,official,final,forecast
ZA,GOV_NET_LENDING_GDP_A,2030,-3.932,IMF,World Economic Outlook,official,final,forecast
ZA,GOV_NET_LENDING_GDP_A,2031,-3.915,IMF,World Economic Outlook,official,final,forecast
ZA,GOV_REVENUE_GDP_A,2027,28.531,IMF,World Economic Outlook,official,final,forecast
ZA,GOV_REVENUE_GDP_A,2028,28.666,IMF,World Economic Outlook,official,final,forecast
ZA,GOV_REVENUE_GDP_A,2029,28.689,IMF,World Economic Outlook,official,final,forecast
ZA,GOV_REVENUE_GDP_A,2030,28.682,IMF,World Economic Outlook,official,final,forecast
ZA,GOV_REVENUE_GDP_A,2031,28.677,IMF,World Economic Outlook,official,final,forecast
ZA,GROSS_CAPITAL_FORMATION_GDP_A,2027,13.722,IMF,World Economic Outlook,official,final,forecast
ZA,GROSS_CAPITAL_FORMATION_GDP_A,2028,14.047,IMF,World Economic Outlook,official,final,forecast
ZA,GROSS_CAPITAL_FORMATION_GDP_A,2029,14.228,IMF,World Economic Outlook,official,final,forecast
ZA,GROSS_CAPITAL_FORMATION_GDP_A,2030,14.383,IMF,World Economic Outlook,official,final,forecast
ZA,GROSS_CAPITAL_FORMATION_GDP_A,2031,14.543,IMF,World Economic Outlook,official,final,forecast
ZA,GROSS_SAVINGS_GDP_A,2027,12.329,IMF,World Economic Outlook,official,final,forecast
ZA,GROSS_SAVINGS_GDP_A,2028,12.486,IMF,World Economic Outlook,official,final,forecast
ZA,GROSS_SAVINGS_GDP_A,2029,12.482,IMF,World Economic Outlook,official,final,forecast
ZA,GROSS_SAVINGS_GDP_A,2030,12.575,IMF,World Economic Outlook,official,final,forecast
ZA,GROSS_SAVINGS_GDP_A,2031,12.722,IMF,World Economic Outlook,official,final,forecast
ZA,POPULATION_TOTAL_A,2027,64851000.0,IMF,World Economic Outlook,official,final,forecast
ZA,POPULATION_TOTAL_A,2028,65744000.0,IMF,World Economic Outlook,official,final,forecast
ZA,POPULATION_TOTAL_A,2029,66649000.0,IMF,World Economic Outlook,official,final,forecast
ZA,POPULATION_TOTAL_A,2030,67567000.0,IMF,World Economic Outlook,official,final,forecast
ZA,POPULATION_TOTAL_A,2031,68497000.0,IMF,World Economic Outlook,official,final,forecast
ZA,UNEMPLOYMENT_RATE_A,2027,32.39,IMF,World Economic Outlook,official,final,forecast
ZA,UNEMPLOYMENT_RATE_A,2028,32.234,IMF,World Economic Outlook,official,final,forecast
ZA,UNEMPLOYMENT_RATE_A,2029,32.074,IMF,World Economic Outlook,official,final,forecast
ZA,UNEMPLOYMENT_RATE_A,2030,31.99,IMF,World Economic Outlook,official,final,forecast
ZA,UNEMPLOYMENT_RATE_A,2031,31.855,IMF,World Economic Outlook,official,final,forecast
