series_id,country_code,country_iso2,country_iso3,country_name_zh,country_name_en,indicator_code,indicator_name_zh,indicator_name_en,date,frequency,unit,seasonal_adjustment,calculation,value,source_organization,source_dataset,source_indicator_code,source_indicator_name,source_url,last_updated,status,retrieved_at,data_version
EA.CPI_YOY_M.EUROSTAT,EA,EA,EA20,欧元区,Euro area,CPI_YOY_M,调和居民消费价格指数同比,HICP annual rate of change,2015-01,M,%,NSA,YoY,-0.6,Eurostat,prc_hicp_manr,prc_hicp_manr.CP00,HICP annual rate of change,https://ec.europa.eu/eurostat/databrowser/view/prc_hicp_manr/default/table,2026-02-06T23:00:00+0100,final,2026-08-13 18:04:54,2026-02-06T23:00:00+0100
EA.CPI_YOY_M.EUROSTAT,EA,EA,EA20,欧元区,Euro area,CPI_YOY_M,调和居民消费价格指数同比,HICP annual rate of change,2015-02,M,%,NSA,YoY,-0.3,Eurostat,prc_hicp_manr,prc_hicp_manr.CP00,HICP annual rate of change,https://ec.europa.eu/eurostat/databrowser/view/prc_hicp_manr/default/table,2026-02-06T23:00:00+0100,final,2026-08-13 18:04:54,2026-02-06T23:00:00+0100
EA.CPI_YOY_M.EUROSTAT,EA,EA,EA20,欧元区,Euro area,CPI_YOY_M,调和居民消费价格指数同比,HICP annual rate of change,2015-03,M,%,NSA,YoY,-0.1,Eurostat,prc_hicp_manr,prc_hicp_manr.CP00,HICP annual rate of change,https://ec.europa.eu/eurostat/databrowser/view/prc_hicp_manr/default/table,2026-02-06T23:00:00+0100,final,2026-08-13 18:04:54,2026-02-06T23:00:00+0100
EA.CPI_YOY_M.EUROSTAT,EA,EA,EA20,欧元区,Euro area,CPI_YOY_M,调和居民消费价格指数同比,HICP annual rate of change,2015-04,M,%,NSA,YoY,0.2,Eurostat,prc_hicp_manr,prc_hicp_manr.CP00,HICP annual rate of change,https://ec.europa.eu/eurostat/databrowser/view/prc_hicp_manr/default/table,2026-02-06T23:00:00+0100,final,2026-08-13 18:04:54,2026-02-06T23:00:00+0100
EA.CPI_YOY_M.EUROSTAT,EA,EA,EA20,欧元区,Euro area,CPI_YOY_M,调和居民消费价格指数同比,HICP annual rate of change,2015-05,M,%,NSA,YoY,0.6,Eurostat,prc_hicp_manr,prc_hicp_manr.CP00,HICP annual rate of change,https://ec.europa.eu/eurostat/databrowser/view/prc_hicp_manr/default/table,2026-02-06T23:00:00+0100,final,2026-08-13 18:04:54,2026-02-06T23:00:00+0100
EA.CPI_YOY_M.EUROSTAT,EA,EA,EA20,欧元区,Euro area,CPI_YOY_M,调和居民消费价格指数同比,HICP annual rate of change,2015-06,M,%,NSA,YoY,0.5,Eurostat,prc_hicp_manr,prc_hicp_manr.CP00,HICP annual rate of change,https://ec.europa.eu/eurostat/databrowser/view/prc_hicp_manr/default/table,2026-02-06T23:00:00+0100,final,2026-08-13 18:04:54,2026-02-06T23:00:00+0100
EA.CPI_YOY_M.EUROSTAT,EA,EA,EA20,欧元区,Euro area,CPI_YOY_M,调和居民消费价格指数同比,HICP annual rate of change,2015-07,M,%,NSA,YoY,0.5,Eurostat,prc_hicp_manr,prc_hicp_manr.CP00,HICP annual rate of change,https://ec.europa.eu/eurostat/databrowser/view/prc_hicp_manr/default/table,2026-02-06T23:00:00+0100,final,2026-08-13 18:04:54,2026-02-06T23:00:00+0100
EA.CPI_YOY_M.EUROSTAT,EA,EA,EA20,欧元区,Euro area,CPI_YOY_M,调和居民消费价格指数同比,HICP annual rate of change,2015-08,M,%,NSA,YoY,0.4,Eurostat,prc_hicp_manr,prc_hicp_manr.CP00,HICP annual rate of change,https://ec.europa.eu/eurostat/databrowser/view/prc_hicp_manr/default/table,2026-02-06T23:00:00+0100,final,2026-08-13 18:04:54,2026-02-06T23:00:00+0100
EA.CPI_YOY_M.EUROSTAT,EA,EA,EA20,欧元区,Euro area,CPI_YOY_M,调和居民消费价格指数同比,HICP annual rate of change,2015-09,M,%,NSA,YoY,0.2,Eurostat,prc_hicp_manr,prc_hicp_manr.CP00,HICP annual rate of change,https://ec.europa.eu/eurostat/databrowser/view/prc_hicp_manr/default/table,2026-02-06T23:00:00+0100,final,2026-08-13 18:04:54,2026-02-06T23:00:00+0100
EA.CPI_YOY_M.EUROSTAT,EA,EA,EA20,欧元区,Euro area,CPI_YOY_M,调和居民消费价格指数同比,HICP annual rate of change,2015-10,M,%,NSA,YoY,0.4,Eurostat,prc_hicp_manr,prc_hicp_manr.CP00,HICP annual rate of change,https://ec.europa.eu/eurostat/databrowser/view/prc_hicp_manr/default/table,2026-02-06T23:00:00+0100,final,2026-08-13 18:04:54,2026-02-06T23:00:00+0100
EA.CPI_YOY_M.EUROSTAT,EA,EA,EA20,欧元区,Euro area,CPI_YOY_M,调和居民消费价格指数同比,HICP annual rate of change,2015-11,M,%,NSA,YoY,0.1,Eurostat,prc_hicp_manr,prc_hicp_manr.CP00,HICP annual rate of change,https://ec.europa.eu/eurostat/databrowser/view/prc_hicp_manr/default/table,2026-02-06T23:00:00+0100,final,2026-08-13 18:04:54,2026-02-06T23:00:00+0100
EA.CPI_YOY_M.EUROSTAT,EA,EA,EA20,欧元区,Euro area,CPI_YOY_M,调和居民消费价格指数同比,HICP annual rate of change,2015-12,M,%,NSA,YoY,0.3,Eurostat,prc_hicp_manr,prc_hicp_manr.CP00,HICP annual rate of change,https://ec.europa.eu/eurostat/databrowser/view/prc_hicp_manr/default/table,2026-02-06T23:00:00+0100,final,2026-08-13 18:04:54,2026-02-06T23:00:00+0100
EA.CPI_YOY_M.EUROSTAT,EA,EA,EA20,欧元区,Euro area,CPI_YOY_M,调和居民消费价格指数同比,HICP annual rate of change,2016-01,M,%,NSA,YoY,0.3,Eurostat,prc_hicp_manr,prc_hicp_manr.CP00,HICP annual rate of change,https://ec.europa.eu/eurostat/databrowser/view/prc_hicp_manr/default/table,2026-02-06T23:00:00+0100,final,2026-08-13 18:04:54,2026-02-06T23:00:00+0100
EA.CPI_YOY_M.EUROSTAT,EA,EA,EA20,欧元区,Euro area,CPI_YOY_M,调和居民消费价格指数同比,HICP annual rate of change,2016-02,M,%,NSA,YoY,-0.1,Eurostat,prc_hicp_manr,prc_hicp_manr.CP00,HICP annual rate of change,https://ec.europa.eu/eurostat/databrowser/view/prc_hicp_manr/default/table,2026-02-06T23:00:00+0100,final,2026-08-13 18:04:54,2026-02-06T23:00:00+0100
EA.CPI_YOY_M.EUROSTAT,EA,EA,EA20,欧元区,Euro area,CPI_YOY_M,调和居民消费价格指数同比,HICP annual rate of change,2016-03,M,%,NSA,YoY,0.0,Eurostat,prc_hicp_manr,prc_hicp_manr.CP00,HICP annual rate of change,https://ec.europa.eu/eurostat/databrowser/view/prc_hicp_manr/default/table,2026-02-06T23:00:00+0100,final,2026-08-13 18:04:54,2026-02-06T23:00:00+0100
EA.CPI_YOY_M.EUROSTAT,EA,EA,EA20,欧元区,Euro area,CPI_YOY_M,调和居民消费价格指数同比,HICP annual rate of change,2016-04,M,%,NSA,YoY,-0.3,Eurostat,prc_hicp_manr,prc_hicp_manr.CP00,HICP annual rate of change,https://ec.europa.eu/eurostat/databrowser/view/prc_hicp_manr/default/table,2026-02-06T23:00:00+0100,final,2026-08-13 18:04:54,2026-02-06T23:00:00+0100
EA.CPI_YOY_M.EUROSTAT,EA,EA,EA20,欧元区,Euro area,CPI_YOY_M,调和居民消费价格指数同比,HICP annual rate of change,2016-05,M,%,NSA,YoY,-0.1,Eurostat,prc_hicp_manr,prc_hicp_manr.CP00,HICP annual rate of change,https://ec.europa.eu/eurostat/databrowser/view/prc_hicp_manr/default/table,2026-02-06T23:00:00+0100,final,2026-08-13 18:04:54,2026-02-06T23:00:00+0100
EA.CPI_YOY_M.EUROSTAT,EA,EA,EA20,欧元区,Euro area,CPI_YOY_M,调和居民消费价格指数同比,HICP annual rate of change,2016-06,M,%,NSA,YoY,0.0,Eurostat,prc_hicp_manr,prc_hicp_manr.CP00,HICP annual rate of change,https://ec.europa.eu/eurostat/databrowser/view/prc_hicp_manr/default/table,2026-02-06T23:00:00+0100,final,2026-08-13 18:04:54,2026-02-06T23:00:00+0100
EA.CPI_YOY_M.EUROSTAT,EA,EA,EA20,欧元区,Euro area,CPI_YOY_M,调和居民消费价格指数同比,HICP annual rate of change,2016-07,M,%,NSA,YoY,0.2,Eurostat,prc_hicp_manr,prc_hicp_manr.CP00,HICP annual rate of change,https://ec.europa.eu/eurostat/databrowser/view/prc_hicp_manr/default/table,2026-02-06T23:00:00+0100,final,2026-08-13 18:04:54,2026-02-06T23:00:00+0100
EA.CPI_YOY_M.EUROSTAT,EA,EA,EA20,欧元区,Euro area,CPI_YOY_M,调和居民消费价格指数同比,HICP annual rate of change,2016-08,M,%,NSA,YoY,0.2,Eurostat,prc_hicp_manr,prc_hicp_manr.CP00,HICP annual rate of change,https://ec.europa.eu/eurostat/databrowser/view/prc_hicp_manr/default/table,2026-02-06T23:00:00+0100,final,2026-08-13 18:04:54,2026-02-06T23:00:00+0100
EA.CPI_YOY_M.EUROSTAT,EA,EA,EA20,欧元区,Euro area,CPI_YOY_M,调和居民消费价格指数同比,HICP annual rate of change,2016-09,M,%,NSA,YoY,0.4,Eurostat,prc_hicp_manr,prc_hicp_manr.CP00,HICP annual rate of change,https://ec.europa.eu/eurostat/databrowser/view/prc_hicp_manr/default/table,2026-02-06T23:00:00+0100,final,2026-08-13 18:04:54,2026-02-06T23:00:00+0100
EA.CPI_YOY_M.EUROSTAT,EA,EA,EA20,欧元区,Euro area,CPI_YOY_M,调和居民消费价格指数同比,HICP annual rate of change,2016-10,M,%,NSA,YoY,0.5,Eurostat,prc_hicp_manr,prc_hicp_manr.CP00,HICP annual rate of change,https://ec.europa.eu/eurostat/databrowser/view/prc_hicp_manr/default/table,2026-02-06T23:00:00+0100,final,2026-08-13 18:04:54,2026-02-06T23:00:00+0100
EA.CPI_YOY_M.EUROSTAT,EA,EA,EA20,欧元区,Euro area,CPI_YOY_M,调和居民消费价格指数同比,HICP annual rate of change,2016-11,M,%,NSA,YoY,0.6,Eurostat,prc_hicp_manr,prc_hicp_manr.CP00,HICP annual rate of change,https://ec.europa.eu/eurostat/databrowser/view/prc_hicp_manr/default/table,2026-02-06T23:00:00+0100,final,2026-08-13 18:04:54,2026-02-06T23:00:00+0100
EA.CPI_YOY_M.EUROSTAT,EA,EA,EA20,欧元区,Euro area,CPI_YOY_M,调和居民消费价格指数同比,HICP annual rate of change,2016-12,M,%,NSA,YoY,1.1,Eurostat,prc_hicp_manr,prc_hicp_manr.CP00,HICP annual rate of change,https://ec.europa.eu/eurostat/databrowser/view/prc_hicp_manr/default/table,2026-02-06T23:00:00+0100,final,2026-08-13 18:04:54,2026-02-06T23:00:00+0100
EA.CPI_YOY_M.EUROSTAT,EA,EA,EA20,欧元区,Euro area,CPI_YOY_M,调和居民消费价格指数同比,HICP annual rate of change,2017-01,M,%,NSA,YoY,1.7,Eurostat,prc_hicp_manr,prc_hicp_manr.CP00,HICP annual rate of change,https://ec.europa.eu/eurostat/databrowser/view/prc_hicp_manr/default/table,2026-02-06T23:00:00+0100,final,2026-08-13 18:04:54,2026-02-06T23:00:00+0100
EA.CPI_YOY_M.EUROSTAT,EA,EA,EA20,欧元区,Euro area,CPI_YOY_M,调和居民消费价格指数同比,HICP annual rate of change,2017-02,M,%,NSA,YoY,2.0,Eurostat,prc_hicp_manr,prc_hicp_manr.CP00,HICP annual rate of change,https://ec.europa.eu/eurostat/databrowser/view/prc_hicp_manr/default/table,2026-02-06T23:00:00+0100,final,2026-08-13 18:04:54,2026-02-06T23:00:00+0100
EA.CPI_YOY_M.EUROSTAT,EA,EA,EA20,欧元区,Euro area,CPI_YOY_M,调和居民消费价格指数同比,HICP annual rate of change,2017-03,M,%,NSA,YoY,1.5,Eurostat,prc_hicp_manr,prc_hicp_manr.CP00,HICP annual rate of change,https://ec.europa.eu/eurostat/databrowser/view/prc_hicp_manr/default/table,2026-02-06T23:00:00+0100,final,2026-08-13 18:04:54,2026-02-06T23:00:00+0100
EA.CPI_YOY_M.EUROSTAT,EA,EA,EA20,欧元区,Euro area,CPI_YOY_M,调和居民消费价格指数同比,HICP annual rate of change,2017-04,M,%,NSA,YoY,1.9,Eurostat,prc_hicp_manr,prc_hicp_manr.CP00,HICP annual rate of change,https://ec.europa.eu/eurostat/databrowser/view/prc_hicp_manr/default/table,2026-02-06T23:00:00+0100,final,2026-08-13 18:04:54,2026-02-06T23:00:00+0100
EA.CPI_YOY_M.EUROSTAT,EA,EA,EA20,欧元区,Euro area,CPI_YOY_M,调和居民消费价格指数同比,HICP annual rate of change,2017-05,M,%,NSA,YoY,1.4,Eurostat,prc_hicp_manr,prc_hicp_manr.CP00,HICP annual rate of change,https://ec.europa.eu/eurostat/databrowser/view/prc_hicp_manr/default/table,2026-02-06T23:00:00+0100,final,2026-08-13 18:04:54,2026-02-06T23:00:00+0100
EA.CPI_YOY_M.EUROSTAT,EA,EA,EA20,欧元区,Euro area,CPI_YOY_M,调和居民消费价格指数同比,HICP annual rate of change,2017-06,M,%,NSA,YoY,1.3,Eurostat,prc_hicp_manr,prc_hicp_manr.CP00,HICP annual rate of change,https://ec.europa.eu/eurostat/databrowser/view/prc_hicp_manr/default/table,2026-02-06T23:00:00+0100,final,2026-08-13 18:04:54,2026-02-06T23:00:00+0100
EA.CPI_YOY_M.EUROSTAT,EA,EA,EA20,欧元区,Euro area,CPI_YOY_M,调和居民消费价格指数同比,HICP annual rate of change,2017-07,M,%,NSA,YoY,1.3,Eurostat,prc_hicp_manr,prc_hicp_manr.CP00,HICP annual rate of change,https://ec.europa.eu/eurostat/databrowser/view/prc_hicp_manr/default/table,2026-02-06T23:00:00+0100,final,2026-08-13 18:04:54,2026-02-06T23:00:00+0100
EA.CPI_YOY_M.EUROSTAT,EA,EA,EA20,欧元区,Euro area,CPI_YOY_M,调和居民消费价格指数同比,HICP annual rate of change,2017-08,M,%,NSA,YoY,1.5,Eurostat,prc_hicp_manr,prc_hicp_manr.CP00,HICP annual rate of change,https://ec.europa.eu/eurostat/databrowser/view/prc_hicp_manr/default/table,2026-02-06T23:00:00+0100,final,2026-08-13 18:04:54,2026-02-06T23:00:00+0100
EA.CPI_YOY_M.EUROSTAT,EA,EA,EA20,欧元区,Euro area,CPI_YOY_M,调和居民消费价格指数同比,HICP annual rate of change,2017-09,M,%,NSA,YoY,1.6,Eurostat,prc_hicp_manr,prc_hicp_manr.CP00,HICP annual rate of change,https://ec.europa.eu/eurostat/databrowser/view/prc_hicp_manr/default/table,2026-02-06T23:00:00+0100,final,2026-08-13 18:04:54,2026-02-06T23:00:00+0100
EA.CPI_YOY_M.EUROSTAT,EA,EA,EA20,欧元区,Euro area,CPI_YOY_M,调和居民消费价格指数同比,HICP annual rate of change,2017-10,M,%,NSA,YoY,1.4,Eurostat,prc_hicp_manr,prc_hicp_manr.CP00,HICP annual rate of change,https://ec.europa.eu/eurostat/databrowser/view/prc_hicp_manr/default/table,2026-02-06T23:00:00+0100,final,2026-08-13 18:04:54,2026-02-06T23:00:00+0100
EA.CPI_YOY_M.EUROSTAT,EA,EA,EA20,欧元区,Euro area,CPI_YOY_M,调和居民消费价格指数同比,HICP annual rate of change,2017-11,M,%,NSA,YoY,1.5,Eurostat,prc_hicp_manr,prc_hicp_manr.CP00,HICP annual rate of change,https://ec.europa.eu/eurostat/databrowser/view/prc_hicp_manr/default/table,2026-02-06T23:00:00+0100,final,2026-08-13 18:04:54,2026-02-06T23:00:00+0100
EA.CPI_YOY_M.EUROSTAT,EA,EA,EA20,欧元区,Euro area,CPI_YOY_M,调和居民消费价格指数同比,HICP annual rate of change,2017-12,M,%,NSA,YoY,1.3,Eurostat,prc_hicp_manr,prc_hicp_manr.CP00,HICP annual rate of change,https://ec.europa.eu/eurostat/databrowser/view/prc_hicp_manr/default/table,2026-02-06T23:00:00+0100,final,2026-08-13 18:04:54,2026-02-06T23:00:00+0100
EA.CPI_YOY_M.EUROSTAT,EA,EA,EA20,欧元区,Euro area,CPI_YOY_M,调和居民消费价格指数同比,HICP annual rate of change,2018-01,M,%,NSA,YoY,1.3,Eurostat,prc_hicp_manr,prc_hicp_manr.CP00,HICP annual rate of change,https://ec.europa.eu/eurostat/databrowser/view/prc_hicp_manr/default/table,2026-02-06T23:00:00+0100,final,2026-08-13 18:04:54,2026-02-06T23:00:00+0100
EA.CPI_YOY_M.EUROSTAT,EA,EA,EA20,欧元区,Euro area,CPI_YOY_M,调和居民消费价格指数同比,HICP annual rate of change,2018-02,M,%,NSA,YoY,1.1,Eurostat,prc_hicp_manr,prc_hicp_manr.CP00,HICP annual rate of change,https://ec.europa.eu/eurostat/databrowser/view/prc_hicp_manr/default/table,2026-02-06T23:00:00+0100,final,2026-08-13 18:04:54,2026-02-06T23:00:00+0100
EA.CPI_YOY_M.EUROSTAT,EA,EA,EA20,欧元区,Euro area,CPI_YOY_M,调和居民消费价格指数同比,HICP annual rate of change,2018-03,M,%,NSA,YoY,1.4,Eurostat,prc_hicp_manr,prc_hicp_manr.CP00,HICP annual rate of change,https://ec.europa.eu/eurostat/databrowser/view/prc_hicp_manr/default/table,2026-02-06T23:00:00+0100,final,2026-08-13 18:04:54,2026-02-06T23:00:00+0100
EA.CPI_YOY_M.EUROSTAT,EA,EA,EA20,欧元区,Euro area,CPI_YOY_M,调和居民消费价格指数同比,HICP annual rate of change,2018-04,M,%,NSA,YoY,1.2,Eurostat,prc_hicp_manr,prc_hicp_manr.CP00,HICP annual rate of change,https://ec.europa.eu/eurostat/databrowser/view/prc_hicp_manr/default/table,2026-02-06T23:00:00+0100,final,2026-08-13 18:04:54,2026-02-06T23:00:00+0100
EA.CPI_YOY_M.EUROSTAT,EA,EA,EA20,欧元区,Euro area,CPI_YOY_M,调和居民消费价格指数同比,HICP annual rate of change,2018-05,M,%,NSA,YoY,2.0,Eurostat,prc_hicp_manr,prc_hicp_manr.CP00,HICP annual rate of change,https://ec.europa.eu/eurostat/databrowser/view/prc_hicp_manr/default/table,2026-02-06T23:00:00+0100,final,2026-08-13 18:04:54,2026-02-06T23:00:00+0100
EA.CPI_YOY_M.EUROSTAT,EA,EA,EA20,欧元区,Euro area,CPI_YOY_M,调和居民消费价格指数同比,HICP annual rate of change,2018-06,M,%,NSA,YoY,2.0,Eurostat,prc_hicp_manr,prc_hicp_manr.CP00,HICP annual rate of change,https://ec.europa.eu/eurostat/databrowser/view/prc_hicp_manr/default/table,2026-02-06T23:00:00+0100,final,2026-08-13 18:04:54,2026-02-06T23:00:00+0100
EA.CPI_YOY_M.EUROSTAT,EA,EA,EA20,欧元区,Euro area,CPI_YOY_M,调和居民消费价格指数同比,HICP annual rate of change,2018-07,M,%,NSA,YoY,2.2,Eurostat,prc_hicp_manr,prc_hicp_manr.CP00,HICP annual rate of change,https://ec.europa.eu/eurostat/databrowser/view/prc_hicp_manr/default/table,2026-02-06T23:00:00+0100,final,2026-08-13 18:04:54,2026-02-06T23:00:00+0100
EA.CPI_YOY_M.EUROSTAT,EA,EA,EA20,欧元区,Euro area,CPI_YOY_M,调和居民消费价格指数同比,HICP annual rate of change,2018-08,M,%,NSA,YoY,2.1,Eurostat,prc_hicp_manr,prc_hicp_manr.CP00,HICP annual rate of change,https://ec.europa.eu/eurostat/databrowser/view/prc_hicp_manr/default/table,2026-02-06T23:00:00+0100,final,2026-08-13 18:04:54,2026-02-06T23:00:00+0100
EA.CPI_YOY_M.EUROSTAT,EA,EA,EA20,欧元区,Euro area,CPI_YOY_M,调和居民消费价格指数同比,HICP annual rate of change,2018-09,M,%,NSA,YoY,2.1,Eurostat,prc_hicp_manr,prc_hicp_manr.CP00,HICP annual rate of change,https://ec.europa.eu/eurostat/databrowser/view/prc_hicp_manr/default/table,2026-02-06T23:00:00+0100,final,2026-08-13 18:04:54,2026-02-06T23:00:00+0100
EA.CPI_YOY_M.EUROSTAT,EA,EA,EA20,欧元区,Euro area,CPI_YOY_M,调和居民消费价格指数同比,HICP annual rate of change,2018-10,M,%,NSA,YoY,2.3,Eurostat,prc_hicp_manr,prc_hicp_manr.CP00,HICP annual rate of change,https://ec.europa.eu/eurostat/databrowser/view/prc_hicp_manr/default/table,2026-02-06T23:00:00+0100,final,2026-08-13 18:04:54,2026-02-06T23:00:00+0100
EA.CPI_YOY_M.EUROSTAT,EA,EA,EA20,欧元区,Euro area,CPI_YOY_M,调和居民消费价格指数同比,HICP annual rate of change,2018-11,M,%,NSA,YoY,1.9,Eurostat,prc_hicp_manr,prc_hicp_manr.CP00,HICP annual rate of change,https://ec.europa.eu/eurostat/databrowser/view/prc_hicp_manr/default/table,2026-02-06T23:00:00+0100,final,2026-08-13 18:04:54,2026-02-06T23:00:00+0100
EA.CPI_YOY_M.EUROSTAT,EA,EA,EA20,欧元区,Euro area,CPI_YOY_M,调和居民消费价格指数同比,HICP annual rate of change,2018-12,M,%,NSA,YoY,1.5,Eurostat,prc_hicp_manr,prc_hicp_manr.CP00,HICP annual rate of change,https://ec.europa.eu/eurostat/databrowser/view/prc_hicp_manr/default/table,2026-02-06T23:00:00+0100,final,2026-08-13 18:04:54,2026-02-06T23:00:00+0100
EA.CPI_YOY_M.EUROSTAT,EA,EA,EA20,欧元区,Euro area,CPI_YOY_M,调和居民消费价格指数同比,HICP annual rate of change,2019-01,M,%,NSA,YoY,1.4,Eurostat,prc_hicp_manr,prc_hicp_manr.CP00,HICP annual rate of change,https://ec.europa.eu/eurostat/databrowser/view/prc_hicp_manr/default/table,2026-02-06T23:00:00+0100,final,2026-08-13 18:04:54,2026-02-06T23:00:00+0100
EA.CPI_YOY_M.EUROSTAT,EA,EA,EA20,欧元区,Euro area,CPI_YOY_M,调和居民消费价格指数同比,HICP annual rate of change,2019-02,M,%,NSA,YoY,1.5,Eurostat,prc_hicp_manr,prc_hicp_manr.CP00,HICP annual rate of change,https://ec.europa.eu/eurostat/databrowser/view/prc_hicp_manr/default/table,2026-02-06T23:00:00+0100,final,2026-08-13 18:04:54,2026-02-06T23:00:00+0100
EA.CPI_YOY_M.EUROSTAT,EA,EA,EA20,欧元区,Euro area,CPI_YOY_M,调和居民消费价格指数同比,HICP annual rate of change,2019-03,M,%,NSA,YoY,1.4,Eurostat,prc_hicp_manr,prc_hicp_manr.CP00,HICP annual rate of change,https://ec.europa.eu/eurostat/databrowser/view/prc_hicp_manr/default/table,2026-02-06T23:00:00+0100,final,2026-08-13 18:04:54,2026-02-06T23:00:00+0100
EA.CPI_YOY_M.EUROSTAT,EA,EA,EA20,欧元区,Euro area,CPI_YOY_M,调和居民消费价格指数同比,HICP annual rate of change,2019-04,M,%,NSA,YoY,1.7,Eurostat,prc_hicp_manr,prc_hicp_manr.CP00,HICP annual rate of change,https://ec.europa.eu/eurostat/databrowser/view/prc_hicp_manr/default/table,2026-02-06T23:00:00+0100,final,2026-08-13 18:04:54,2026-02-06T23:00:00+0100
EA.CPI_YOY_M.EUROSTAT,EA,EA,EA20,欧元区,Euro area,CPI_YOY_M,调和居民消费价格指数同比,HICP annual rate of change,2019-05,M,%,NSA,YoY,1.2,Eurostat,prc_hicp_manr,prc_hicp_manr.CP00,HICP annual rate of change,https://ec.europa.eu/eurostat/databrowser/view/prc_hicp_manr/default/table,2026-02-06T23:00:00+0100,final,2026-08-13 18:04:54,2026-02-06T23:00:00+0100
EA.CPI_YOY_M.EUROSTAT,EA,EA,EA20,欧元区,Euro area,CPI_YOY_M,调和居民消费价格指数同比,HICP annual rate of change,2019-06,M,%,NSA,YoY,1.3,Eurostat,prc_hicp_manr,prc_hicp_manr.CP00,HICP annual rate of change,https://ec.europa.eu/eurostat/databrowser/view/prc_hicp_manr/default/table,2026-02-06T23:00:00+0100,final,2026-08-13 18:04:54,2026-02-06T23:00:00+0100
EA.CPI_YOY_M.EUROSTAT,EA,EA,EA20,欧元区,Euro area,CPI_YOY_M,调和居民消费价格指数同比,HICP annual rate of change,2019-07,M,%,NSA,YoY,1.0,Eurostat,prc_hicp_manr,prc_hicp_manr.CP00,HICP annual rate of change,https://ec.europa.eu/eurostat/databrowser/view/prc_hicp_manr/default/table,2026-02-06T23:00:00+0100,final,2026-08-13 18:04:54,2026-02-06T23:00:00+0100
EA.CPI_YOY_M.EUROSTAT,EA,EA,EA20,欧元区,Euro area,CPI_YOY_M,调和居民消费价格指数同比,HICP annual rate of change,2019-08,M,%,NSA,YoY,1.0,Eurostat,prc_hicp_manr,prc_hicp_manr.CP00,HICP annual rate of change,https://ec.europa.eu/eurostat/databrowser/view/prc_hicp_manr/default/table,2026-02-06T23:00:00+0100,final,2026-08-13 18:04:54,2026-02-06T23:00:00+0100
EA.CPI_YOY_M.EUROSTAT,EA,EA,EA20,欧元区,Euro area,CPI_YOY_M,调和居民消费价格指数同比,HICP annual rate of change,2019-09,M,%,NSA,YoY,0.8,Eurostat,prc_hicp_manr,prc_hicp_manr.CP00,HICP annual rate of change,https://ec.europa.eu/eurostat/databrowser/view/prc_hicp_manr/default/table,2026-02-06T23:00:00+0100,final,2026-08-13 18:04:54,2026-02-06T23:00:00+0100
EA.CPI_YOY_M.EUROSTAT,EA,EA,EA20,欧元区,Euro area,CPI_YOY_M,调和居民消费价格指数同比,HICP annual rate of change,2019-10,M,%,NSA,YoY,0.7,Eurostat,prc_hicp_manr,prc_hicp_manr.CP00,HICP annual rate of change,https://ec.europa.eu/eurostat/databrowser/view/prc_hicp_manr/default/table,2026-02-06T23:00:00+0100,final,2026-08-13 18:04:54,2026-02-06T23:00:00+0100
EA.CPI_YOY_M.EUROSTAT,EA,EA,EA20,欧元区,Euro area,CPI_YOY_M,调和居民消费价格指数同比,HICP annual rate of change,2019-11,M,%,NSA,YoY,1.0,Eurostat,prc_hicp_manr,prc_hicp_manr.CP00,HICP annual rate of change,https://ec.europa.eu/eurostat/databrowser/view/prc_hicp_manr/default/table,2026-02-06T23:00:00+0100,final,2026-08-13 18:04:54,2026-02-06T23:00:00+0100
EA.CPI_YOY_M.EUROSTAT,EA,EA,EA20,欧元区,Euro area,CPI_YOY_M,调和居民消费价格指数同比,HICP annual rate of change,2019-12,M,%,NSA,YoY,1.3,Eurostat,prc_hicp_manr,prc_hicp_manr.CP00,HICP annual rate of change,https://ec.europa.eu/eurostat/databrowser/view/prc_hicp_manr/default/table,2026-02-06T23:00:00+0100,final,2026-08-13 18:04:54,2026-02-06T23:00:00+0100
EA.CPI_YOY_M.EUROSTAT,EA,EA,EA20,欧元区,Euro area,CPI_YOY_M,调和居民消费价格指数同比,HICP annual rate of change,2020-01,M,%,NSA,YoY,1.4,Eurostat,prc_hicp_manr,prc_hicp_manr.CP00,HICP annual rate of change,https://ec.europa.eu/eurostat/databrowser/view/prc_hicp_manr/default/table,2026-02-06T23:00:00+0100,final,2026-08-13 18:04:54,2026-02-06T23:00:00+0100
EA.CPI_YOY_M.EUROSTAT,EA,EA,EA20,欧元区,Euro area,CPI_YOY_M,调和居民消费价格指数同比,HICP annual rate of change,2020-02,M,%,NSA,YoY,1.2,Eurostat,prc_hicp_manr,prc_hicp_manr.CP00,HICP annual rate of change,https://ec.europa.eu/eurostat/databrowser/view/prc_hicp_manr/default/table,2026-02-06T23:00:00+0100,final,2026-08-13 18:04:54,2026-02-06T23:00:00+0100
EA.CPI_YOY_M.EUROSTAT,EA,EA,EA20,欧元区,Euro area,CPI_YOY_M,调和居民消费价格指数同比,HICP annual rate of change,2020-03,M,%,NSA,YoY,0.7,Eurostat,prc_hicp_manr,prc_hicp_manr.CP00,HICP annual rate of change,https://ec.europa.eu/eurostat/databrowser/view/prc_hicp_manr/default/table,2026-02-06T23:00:00+0100,final,2026-08-13 18:04:54,2026-02-06T23:00:00+0100
EA.CPI_YOY_M.EUROSTAT,EA,EA,EA20,欧元区,Euro area,CPI_YOY_M,调和居民消费价格指数同比,HICP annual rate of change,2020-04,M,%,NSA,YoY,0.3,Eurostat,prc_hicp_manr,prc_hicp_manr.CP00,HICP annual rate of change,https://ec.europa.eu/eurostat/databrowser/view/prc_hicp_manr/default/table,2026-02-06T23:00:00+0100,final,2026-08-13 18:04:54,2026-02-06T23:00:00+0100
EA.CPI_YOY_M.EUROSTAT,EA,EA,EA20,欧元区,Euro area,CPI_YOY_M,调和居民消费价格指数同比,HICP annual rate of change,2020-05,M,%,NSA,YoY,0.1,Eurostat,prc_hicp_manr,prc_hicp_manr.CP00,HICP annual rate of change,https://ec.europa.eu/eurostat/databrowser/view/prc_hicp_manr/default/table,2026-02-06T23:00:00+0100,final,2026-08-13 18:04:54,2026-02-06T23:00:00+0100
EA.CPI_YOY_M.EUROSTAT,EA,EA,EA20,欧元区,Euro area,CPI_YOY_M,调和居民消费价格指数同比,HICP annual rate of change,2020-06,M,%,NSA,YoY,0.3,Eurostat,prc_hicp_manr,prc_hicp_manr.CP00,HICP annual rate of change,https://ec.europa.eu/eurostat/databrowser/view/prc_hicp_manr/default/table,2026-02-06T23:00:00+0100,final,2026-08-13 18:04:54,2026-02-06T23:00:00+0100
EA.CPI_YOY_M.EUROSTAT,EA,EA,EA20,欧元区,Euro area,CPI_YOY_M,调和居民消费价格指数同比,HICP annual rate of change,2020-07,M,%,NSA,YoY,0.4,Eurostat,prc_hicp_manr,prc_hicp_manr.CP00,HICP annual rate of change,https://ec.europa.eu/eurostat/databrowser/view/prc_hicp_manr/default/table,2026-02-06T23:00:00+0100,final,2026-08-13 18:04:54,2026-02-06T23:00:00+0100
EA.CPI_YOY_M.EUROSTAT,EA,EA,EA20,欧元区,Euro area,CPI_YOY_M,调和居民消费价格指数同比,HICP annual rate of change,2020-08,M,%,NSA,YoY,-0.2,Eurostat,prc_hicp_manr,prc_hicp_manr.CP00,HICP annual rate of change,https://ec.europa.eu/eurostat/databrowser/view/prc_hicp_manr/default/table,2026-02-06T23:00:00+0100,final,2026-08-13 18:04:54,2026-02-06T23:00:00+0100
EA.CPI_YOY_M.EUROSTAT,EA,EA,EA20,欧元区,Euro area,CPI_YOY_M,调和居民消费价格指数同比,HICP annual rate of change,2020-09,M,%,NSA,YoY,-0.3,Eurostat,prc_hicp_manr,prc_hicp_manr.CP00,HICP annual rate of change,https://ec.europa.eu/eurostat/databrowser/view/prc_hicp_manr/default/table,2026-02-06T23:00:00+0100,final,2026-08-13 18:04:54,2026-02-06T23:00:00+0100
EA.CPI_YOY_M.EUROSTAT,EA,EA,EA20,欧元区,Euro area,CPI_YOY_M,调和居民消费价格指数同比,HICP annual rate of change,2020-10,M,%,NSA,YoY,-0.3,Eurostat,prc_hicp_manr,prc_hicp_manr.CP00,HICP annual rate of change,https://ec.europa.eu/eurostat/databrowser/view/prc_hicp_manr/default/table,2026-02-06T23:00:00+0100,final,2026-08-13 18:04:54,2026-02-06T23:00:00+0100
EA.CPI_YOY_M.EUROSTAT,EA,EA,EA20,欧元区,Euro area,CPI_YOY_M,调和居民消费价格指数同比,HICP annual rate of change,2020-11,M,%,NSA,YoY,-0.3,Eurostat,prc_hicp_manr,prc_hicp_manr.CP00,HICP annual rate of change,https://ec.europa.eu/eurostat/databrowser/view/prc_hicp_manr/default/table,2026-02-06T23:00:00+0100,final,2026-08-13 18:04:54,2026-02-06T23:00:00+0100
EA.CPI_YOY_M.EUROSTAT,EA,EA,EA20,欧元区,Euro area,CPI_YOY_M,调和居民消费价格指数同比,HICP annual rate of change,2020-12,M,%,NSA,YoY,-0.3,Eurostat,prc_hicp_manr,prc_hicp_manr.CP00,HICP annual rate of change,https://ec.europa.eu/eurostat/databrowser/view/prc_hicp_manr/default/table,2026-02-06T23:00:00+0100,final,2026-08-13 18:04:54,2026-02-06T23:00:00+0100
EA.CPI_YOY_M.EUROSTAT,EA,EA,EA20,欧元区,Euro area,CPI_YOY_M,调和居民消费价格指数同比,HICP annual rate of change,2021-01,M,%,NSA,YoY,0.9,Eurostat,prc_hicp_manr,prc_hicp_manr.CP00,HICP annual rate of change,https://ec.europa.eu/eurostat/databrowser/view/prc_hicp_manr/default/table,2026-02-06T23:00:00+0100,final,2026-08-13 18:04:54,2026-02-06T23:00:00+0100
EA.CPI_YOY_M.EUROSTAT,EA,EA,EA20,欧元区,Euro area,CPI_YOY_M,调和居民消费价格指数同比,HICP annual rate of change,2021-02,M,%,NSA,YoY,0.9,Eurostat,prc_hicp_manr,prc_hicp_manr.CP00,HICP annual rate of change,https://ec.europa.eu/eurostat/databrowser/view/prc_hicp_manr/default/table,2026-02-06T23:00:00+0100,final,2026-08-13 18:04:54,2026-02-06T23:00:00+0100
EA.CPI_YOY_M.EUROSTAT,EA,EA,EA20,欧元区,Euro area,CPI_YOY_M,调和居民消费价格指数同比,HICP annual rate of change,2021-03,M,%,NSA,YoY,1.3,Eurostat,prc_hicp_manr,prc_hicp_manr.CP00,HICP annual rate of change,https://ec.europa.eu/eurostat/databrowser/view/prc_hicp_manr/default/table,2026-02-06T23:00:00+0100,final,2026-08-13 18:04:54,2026-02-06T23:00:00+0100
EA.CPI_YOY_M.EUROSTAT,EA,EA,EA20,欧元区,Euro area,CPI_YOY_M,调和居民消费价格指数同比,HICP annual rate of change,2021-04,M,%,NSA,YoY,1.6,Eurostat,prc_hicp_manr,prc_hicp_manr.CP00,HICP annual rate of change,https://ec.europa.eu/eurostat/databrowser/view/prc_hicp_manr/default/table,2026-02-06T23:00:00+0100,final,2026-08-13 18:04:54,2026-02-06T23:00:00+0100
EA.CPI_YOY_M.EUROSTAT,EA,EA,EA20,欧元区,Euro area,CPI_YOY_M,调和居民消费价格指数同比,HICP annual rate of change,2021-05,M,%,NSA,YoY,2.0,Eurostat,prc_hicp_manr,prc_hicp_manr.CP00,HICP annual rate of change,https://ec.europa.eu/eurostat/databrowser/view/prc_hicp_manr/default/table,2026-02-06T23:00:00+0100,final,2026-08-13 18:04:54,2026-02-06T23:00:00+0100
EA.CPI_YOY_M.EUROSTAT,EA,EA,EA20,欧元区,Euro area,CPI_YOY_M,调和居民消费价格指数同比,HICP annual rate of change,2021-06,M,%,NSA,YoY,1.9,Eurostat,prc_hicp_manr,prc_hicp_manr.CP00,HICP annual rate of change,https://ec.europa.eu/eurostat/databrowser/view/prc_hicp_manr/default/table,2026-02-06T23:00:00+0100,final,2026-08-13 18:04:54,2026-02-06T23:00:00+0100
EA.CPI_YOY_M.EUROSTAT,EA,EA,EA20,欧元区,Euro area,CPI_YOY_M,调和居民消费价格指数同比,HICP annual rate of change,2021-07,M,%,NSA,YoY,2.2,Eurostat,prc_hicp_manr,prc_hicp_manr.CP00,HICP annual rate of change,https://ec.europa.eu/eurostat/databrowser/view/prc_hicp_manr/default/table,2026-02-06T23:00:00+0100,final,2026-08-13 18:04:54,2026-02-06T23:00:00+0100
EA.CPI_YOY_M.EUROSTAT,EA,EA,EA20,欧元区,Euro area,CPI_YOY_M,调和居民消费价格指数同比,HICP annual rate of change,2021-08,M,%,NSA,YoY,3.0,Eurostat,prc_hicp_manr,prc_hicp_manr.CP00,HICP annual rate of change,https://ec.europa.eu/eurostat/databrowser/view/prc_hicp_manr/default/table,2026-02-06T23:00:00+0100,final,2026-08-13 18:04:54,2026-02-06T23:00:00+0100
EA.CPI_YOY_M.EUROSTAT,EA,EA,EA20,欧元区,Euro area,CPI_YOY_M,调和居民消费价格指数同比,HICP annual rate of change,2021-09,M,%,NSA,YoY,3.4,Eurostat,prc_hicp_manr,prc_hicp_manr.CP00,HICP annual rate of change,https://ec.europa.eu/eurostat/databrowser/view/prc_hicp_manr/default/table,2026-02-06T23:00:00+0100,final,2026-08-13 18:04:54,2026-02-06T23:00:00+0100
EA.CPI_YOY_M.EUROSTAT,EA,EA,EA20,欧元区,Euro area,CPI_YOY_M,调和居民消费价格指数同比,HICP annual rate of change,2021-10,M,%,NSA,YoY,4.1,Eurostat,prc_hicp_manr,prc_hicp_manr.CP00,HICP annual rate of change,https://ec.europa.eu/eurostat/databrowser/view/prc_hicp_manr/default/table,2026-02-06T23:00:00+0100,final,2026-08-13 18:04:54,2026-02-06T23:00:00+0100
EA.CPI_YOY_M.EUROSTAT,EA,EA,EA20,欧元区,Euro area,CPI_YOY_M,调和居民消费价格指数同比,HICP annual rate of change,2021-11,M,%,NSA,YoY,4.9,Eurostat,prc_hicp_manr,prc_hicp_manr.CP00,HICP annual rate of change,https://ec.europa.eu/eurostat/databrowser/view/prc_hicp_manr/default/table,2026-02-06T23:00:00+0100,final,2026-08-13 18:04:54,2026-02-06T23:00:00+0100
EA.CPI_YOY_M.EUROSTAT,EA,EA,EA20,欧元区,Euro area,CPI_YOY_M,调和居民消费价格指数同比,HICP annual rate of change,2021-12,M,%,NSA,YoY,5.0,Eurostat,prc_hicp_manr,prc_hicp_manr.CP00,HICP annual rate of change,https://ec.europa.eu/eurostat/databrowser/view/prc_hicp_manr/default/table,2026-02-06T23:00:00+0100,final,2026-08-13 18:04:54,2026-02-06T23:00:00+0100
EA.CPI_YOY_M.EUROSTAT,EA,EA,EA20,欧元区,Euro area,CPI_YOY_M,调和居民消费价格指数同比,HICP annual rate of change,2022-01,M,%,NSA,YoY,5.1,Eurostat,prc_hicp_manr,prc_hicp_manr.CP00,HICP annual rate of change,https://ec.europa.eu/eurostat/databrowser/view/prc_hicp_manr/default/table,2026-02-06T23:00:00+0100,final,2026-08-13 18:04:54,2026-02-06T23:00:00+0100
EA.CPI_YOY_M.EUROSTAT,EA,EA,EA20,欧元区,Euro area,CPI_YOY_M,调和居民消费价格指数同比,HICP annual rate of change,2022-02,M,%,NSA,YoY,5.9,Eurostat,prc_hicp_manr,prc_hicp_manr.CP00,HICP annual rate of change,https://ec.europa.eu/eurostat/databrowser/view/prc_hicp_manr/default/table,2026-02-06T23:00:00+0100,final,2026-08-13 18:04:54,2026-02-06T23:00:00+0100
EA.CPI_YOY_M.EUROSTAT,EA,EA,EA20,欧元区,Euro area,CPI_YOY_M,调和居民消费价格指数同比,HICP annual rate of change,2022-03,M,%,NSA,YoY,7.4,Eurostat,prc_hicp_manr,prc_hicp_manr.CP00,HICP annual rate of change,https://ec.europa.eu/eurostat/databrowser/view/prc_hicp_manr/default/table,2026-02-06T23:00:00+0100,final,2026-08-13 18:04:54,2026-02-06T23:00:00+0100
EA.CPI_YOY_M.EUROSTAT,EA,EA,EA20,欧元区,Euro area,CPI_YOY_M,调和居民消费价格指数同比,HICP annual rate of change,2022-04,M,%,NSA,YoY,7.5,Eurostat,prc_hicp_manr,prc_hicp_manr.CP00,HICP annual rate of change,https://ec.europa.eu/eurostat/databrowser/view/prc_hicp_manr/default/table,2026-02-06T23:00:00+0100,final,2026-08-13 18:04:54,2026-02-06T23:00:00+0100
EA.CPI_YOY_M.EUROSTAT,EA,EA,EA20,欧元区,Euro area,CPI_YOY_M,调和居民消费价格指数同比,HICP annual rate of change,2022-05,M,%,NSA,YoY,8.1,Eurostat,prc_hicp_manr,prc_hicp_manr.CP00,HICP annual rate of change,https://ec.europa.eu/eurostat/databrowser/view/prc_hicp_manr/default/table,2026-02-06T23:00:00+0100,final,2026-08-13 18:04:54,2026-02-06T23:00:00+0100
EA.CPI_YOY_M.EUROSTAT,EA,EA,EA20,欧元区,Euro area,CPI_YOY_M,调和居民消费价格指数同比,HICP annual rate of change,2022-06,M,%,NSA,YoY,8.7,Eurostat,prc_hicp_manr,prc_hicp_manr.CP00,HICP annual rate of change,https://ec.europa.eu/eurostat/databrowser/view/prc_hicp_manr/default/table,2026-02-06T23:00:00+0100,final,2026-08-13 18:04:54,2026-02-06T23:00:00+0100
EA.CPI_YOY_M.EUROSTAT,EA,EA,EA20,欧元区,Euro area,CPI_YOY_M,调和居民消费价格指数同比,HICP annual rate of change,2022-07,M,%,NSA,YoY,8.9,Eurostat,prc_hicp_manr,prc_hicp_manr.CP00,HICP annual rate of change,https://ec.europa.eu/eurostat/databrowser/view/prc_hicp_manr/default/table,2026-02-06T23:00:00+0100,final,2026-08-13 18:04:54,2026-02-06T23:00:00+0100
EA.CPI_YOY_M.EUROSTAT,EA,EA,EA20,欧元区,Euro area,CPI_YOY_M,调和居民消费价格指数同比,HICP annual rate of change,2022-08,M,%,NSA,YoY,9.2,Eurostat,prc_hicp_manr,prc_hicp_manr.CP00,HICP annual rate of change,https://ec.europa.eu/eurostat/databrowser/view/prc_hicp_manr/default/table,2026-02-06T23:00:00+0100,final,2026-08-13 18:04:54,2026-02-06T23:00:00+0100
EA.CPI_YOY_M.EUROSTAT,EA,EA,EA20,欧元区,Euro area,CPI_YOY_M,调和居民消费价格指数同比,HICP annual rate of change,2022-09,M,%,NSA,YoY,9.9,Eurostat,prc_hicp_manr,prc_hicp_manr.CP00,HICP annual rate of change,https://ec.europa.eu/eurostat/databrowser/view/prc_hicp_manr/default/table,2026-02-06T23:00:00+0100,final,2026-08-13 18:04:54,2026-02-06T23:00:00+0100
EA.CPI_YOY_M.EUROSTAT,EA,EA,EA20,欧元区,Euro area,CPI_YOY_M,调和居民消费价格指数同比,HICP annual rate of change,2022-10,M,%,NSA,YoY,10.6,Eurostat,prc_hicp_manr,prc_hicp_manr.CP00,HICP annual rate of change,https://ec.europa.eu/eurostat/databrowser/view/prc_hicp_manr/default/table,2026-02-06T23:00:00+0100,final,2026-08-13 18:04:54,2026-02-06T23:00:00+0100
EA.CPI_YOY_M.EUROSTAT,EA,EA,EA20,欧元区,Euro area,CPI_YOY_M,调和居民消费价格指数同比,HICP annual rate of change,2022-11,M,%,NSA,YoY,10.1,Eurostat,prc_hicp_manr,prc_hicp_manr.CP00,HICP annual rate of change,https://ec.europa.eu/eurostat/databrowser/view/prc_hicp_manr/default/table,2026-02-06T23:00:00+0100,final,2026-08-13 18:04:54,2026-02-06T23:00:00+0100
EA.CPI_YOY_M.EUROSTAT,EA,EA,EA20,欧元区,Euro area,CPI_YOY_M,调和居民消费价格指数同比,HICP annual rate of change,2022-12,M,%,NSA,YoY,9.2,Eurostat,prc_hicp_manr,prc_hicp_manr.CP00,HICP annual rate of change,https://ec.europa.eu/eurostat/databrowser/view/prc_hicp_manr/default/table,2026-02-06T23:00:00+0100,final,2026-08-13 18:04:54,2026-02-06T23:00:00+0100
EA.CPI_YOY_M.EUROSTAT,EA,EA,EA20,欧元区,Euro area,CPI_YOY_M,调和居民消费价格指数同比,HICP annual rate of change,2023-01,M,%,NSA,YoY,8.7,Eurostat,prc_hicp_manr,prc_hicp_manr.CP00,HICP annual rate of change,https://ec.europa.eu/eurostat/databrowser/view/prc_hicp_manr/default/table,2026-02-06T23:00:00+0100,final,2026-08-13 18:04:54,2026-02-06T23:00:00+0100
EA.CPI_YOY_M.EUROSTAT,EA,EA,EA20,欧元区,Euro area,CPI_YOY_M,调和居民消费价格指数同比,HICP annual rate of change,2023-02,M,%,NSA,YoY,8.5,Eurostat,prc_hicp_manr,prc_hicp_manr.CP00,HICP annual rate of change,https://ec.europa.eu/eurostat/databrowser/view/prc_hicp_manr/default/table,2026-02-06T23:00:00+0100,final,2026-08-13 18:04:54,2026-02-06T23:00:00+0100
EA.CPI_YOY_M.EUROSTAT,EA,EA,EA20,欧元区,Euro area,CPI_YOY_M,调和居民消费价格指数同比,HICP annual rate of change,2023-03,M,%,NSA,YoY,6.9,Eurostat,prc_hicp_manr,prc_hicp_manr.CP00,HICP annual rate of change,https://ec.europa.eu/eurostat/databrowser/view/prc_hicp_manr/default/table,2026-02-06T23:00:00+0100,final,2026-08-13 18:04:54,2026-02-06T23:00:00+0100
EA.CPI_YOY_M.EUROSTAT,EA,EA,EA20,欧元区,Euro area,CPI_YOY_M,调和居民消费价格指数同比,HICP annual rate of change,2023-04,M,%,NSA,YoY,7.0,Eurostat,prc_hicp_manr,prc_hicp_manr.CP00,HICP annual rate of change,https://ec.europa.eu/eurostat/databrowser/view/prc_hicp_manr/default/table,2026-02-06T23:00:00+0100,final,2026-08-13 18:04:54,2026-02-06T23:00:00+0100
EA.CPI_YOY_M.EUROSTAT,EA,EA,EA20,欧元区,Euro area,CPI_YOY_M,调和居民消费价格指数同比,HICP annual rate of change,2023-05,M,%,NSA,YoY,6.1,Eurostat,prc_hicp_manr,prc_hicp_manr.CP00,HICP annual rate of change,https://ec.europa.eu/eurostat/databrowser/view/prc_hicp_manr/default/table,2026-02-06T23:00:00+0100,final,2026-08-13 18:04:54,2026-02-06T23:00:00+0100
EA.CPI_YOY_M.EUROSTAT,EA,EA,EA20,欧元区,Euro area,CPI_YOY_M,调和居民消费价格指数同比,HICP annual rate of change,2023-06,M,%,NSA,YoY,5.5,Eurostat,prc_hicp_manr,prc_hicp_manr.CP00,HICP annual rate of change,https://ec.europa.eu/eurostat/databrowser/view/prc_hicp_manr/default/table,2026-02-06T23:00:00+0100,final,2026-08-13 18:04:54,2026-02-06T23:00:00+0100
EA.CPI_YOY_M.EUROSTAT,EA,EA,EA20,欧元区,Euro area,CPI_YOY_M,调和居民消费价格指数同比,HICP annual rate of change,2023-07,M,%,NSA,YoY,5.3,Eurostat,prc_hicp_manr,prc_hicp_manr.CP00,HICP annual rate of change,https://ec.europa.eu/eurostat/databrowser/view/prc_hicp_manr/default/table,2026-02-06T23:00:00+0100,final,2026-08-13 18:04:54,2026-02-06T23:00:00+0100
EA.CPI_YOY_M.EUROSTAT,EA,EA,EA20,欧元区,Euro area,CPI_YOY_M,调和居民消费价格指数同比,HICP annual rate of change,2023-08,M,%,NSA,YoY,5.2,Eurostat,prc_hicp_manr,prc_hicp_manr.CP00,HICP annual rate of change,https://ec.europa.eu/eurostat/databrowser/view/prc_hicp_manr/default/table,2026-02-06T23:00:00+0100,final,2026-08-13 18:04:54,2026-02-06T23:00:00+0100
EA.CPI_YOY_M.EUROSTAT,EA,EA,EA20,欧元区,Euro area,CPI_YOY_M,调和居民消费价格指数同比,HICP annual rate of change,2023-09,M,%,NSA,YoY,4.3,Eurostat,prc_hicp_manr,prc_hicp_manr.CP00,HICP annual rate of change,https://ec.europa.eu/eurostat/databrowser/view/prc_hicp_manr/default/table,2026-02-06T23:00:00+0100,final,2026-08-13 18:04:54,2026-02-06T23:00:00+0100
EA.CPI_YOY_M.EUROSTAT,EA,EA,EA20,欧元区,Euro area,CPI_YOY_M,调和居民消费价格指数同比,HICP annual rate of change,2023-10,M,%,NSA,YoY,2.9,Eurostat,prc_hicp_manr,prc_hicp_manr.CP00,HICP annual rate of change,https://ec.europa.eu/eurostat/databrowser/view/prc_hicp_manr/default/table,2026-02-06T23:00:00+0100,final,2026-08-13 18:04:54,2026-02-06T23:00:00+0100
EA.CPI_YOY_M.EUROSTAT,EA,EA,EA20,欧元区,Euro area,CPI_YOY_M,调和居民消费价格指数同比,HICP annual rate of change,2023-11,M,%,NSA,YoY,2.4,Eurostat,prc_hicp_manr,prc_hicp_manr.CP00,HICP annual rate of change,https://ec.europa.eu/eurostat/databrowser/view/prc_hicp_manr/default/table,2026-02-06T23:00:00+0100,final,2026-08-13 18:04:54,2026-02-06T23:00:00+0100
EA.CPI_YOY_M.EUROSTAT,EA,EA,EA20,欧元区,Euro area,CPI_YOY_M,调和居民消费价格指数同比,HICP annual rate of change,2023-12,M,%,NSA,YoY,2.9,Eurostat,prc_hicp_manr,prc_hicp_manr.CP00,HICP annual rate of change,https://ec.europa.eu/eurostat/databrowser/view/prc_hicp_manr/default/table,2026-02-06T23:00:00+0100,final,2026-08-13 18:04:54,2026-02-06T23:00:00+0100
EA.CPI_YOY_M.EUROSTAT,EA,EA,EA20,欧元区,Euro area,CPI_YOY_M,调和居民消费价格指数同比,HICP annual rate of change,2024-01,M,%,NSA,YoY,2.8,Eurostat,prc_hicp_manr,prc_hicp_manr.CP00,HICP annual rate of change,https://ec.europa.eu/eurostat/databrowser/view/prc_hicp_manr/default/table,2026-02-06T23:00:00+0100,final,2026-08-13 18:04:54,2026-02-06T23:00:00+0100
EA.CPI_YOY_M.EUROSTAT,EA,EA,EA20,欧元区,Euro area,CPI_YOY_M,调和居民消费价格指数同比,HICP annual rate of change,2024-02,M,%,NSA,YoY,2.6,Eurostat,prc_hicp_manr,prc_hicp_manr.CP00,HICP annual rate of change,https://ec.europa.eu/eurostat/databrowser/view/prc_hicp_manr/default/table,2026-02-06T23:00:00+0100,final,2026-08-13 18:04:54,2026-02-06T23:00:00+0100
EA.CPI_YOY_M.EUROSTAT,EA,EA,EA20,欧元区,Euro area,CPI_YOY_M,调和居民消费价格指数同比,HICP annual rate of change,2024-03,M,%,NSA,YoY,2.4,Eurostat,prc_hicp_manr,prc_hicp_manr.CP00,HICP annual rate of change,https://ec.europa.eu/eurostat/databrowser/view/prc_hicp_manr/default/table,2026-02-06T23:00:00+0100,final,2026-08-13 18:04:54,2026-02-06T23:00:00+0100
EA.CPI_YOY_M.EUROSTAT,EA,EA,EA20,欧元区,Euro area,CPI_YOY_M,调和居民消费价格指数同比,HICP annual rate of change,2024-04,M,%,NSA,YoY,2.4,Eurostat,prc_hicp_manr,prc_hicp_manr.CP00,HICP annual rate of change,https://ec.europa.eu/eurostat/databrowser/view/prc_hicp_manr/default/table,2026-02-06T23:00:00+0100,final,2026-08-13 18:04:54,2026-02-06T23:00:00+0100
EA.CPI_YOY_M.EUROSTAT,EA,EA,EA20,欧元区,Euro area,CPI_YOY_M,调和居民消费价格指数同比,HICP annual rate of change,2024-05,M,%,NSA,YoY,2.6,Eurostat,prc_hicp_manr,prc_hicp_manr.CP00,HICP annual rate of change,https://ec.europa.eu/eurostat/databrowser/view/prc_hicp_manr/default/table,2026-02-06T23:00:00+0100,final,2026-08-13 18:04:54,2026-02-06T23:00:00+0100
EA.CPI_YOY_M.EUROSTAT,EA,EA,EA20,欧元区,Euro area,CPI_YOY_M,调和居民消费价格指数同比,HICP annual rate of change,2024-06,M,%,NSA,YoY,2.5,Eurostat,prc_hicp_manr,prc_hicp_manr.CP00,HICP annual rate of change,https://ec.europa.eu/eurostat/databrowser/view/prc_hicp_manr/default/table,2026-02-06T23:00:00+0100,final,2026-08-13 18:04:54,2026-02-06T23:00:00+0100
EA.CPI_YOY_M.EUROSTAT,EA,EA,EA20,欧元区,Euro area,CPI_YOY_M,调和居民消费价格指数同比,HICP annual rate of change,2024-07,M,%,NSA,YoY,2.6,Eurostat,prc_hicp_manr,prc_hicp_manr.CP00,HICP annual rate of change,https://ec.europa.eu/eurostat/databrowser/view/prc_hicp_manr/default/table,2026-02-06T23:00:00+0100,final,2026-08-13 18:04:54,2026-02-06T23:00:00+0100
EA.CPI_YOY_M.EUROSTAT,EA,EA,EA20,欧元区,Euro area,CPI_YOY_M,调和居民消费价格指数同比,HICP annual rate of change,2024-08,M,%,NSA,YoY,2.2,Eurostat,prc_hicp_manr,prc_hicp_manr.CP00,HICP annual rate of change,https://ec.europa.eu/eurostat/databrowser/view/prc_hicp_manr/default/table,2026-02-06T23:00:00+0100,final,2026-08-13 18:04:54,2026-02-06T23:00:00+0100
EA.CPI_YOY_M.EUROSTAT,EA,EA,EA20,欧元区,Euro area,CPI_YOY_M,调和居民消费价格指数同比,HICP annual rate of change,2024-09,M,%,NSA,YoY,1.7,Eurostat,prc_hicp_manr,prc_hicp_manr.CP00,HICP annual rate of change,https://ec.europa.eu/eurostat/databrowser/view/prc_hicp_manr/default/table,2026-02-06T23:00:00+0100,final,2026-08-13 18:04:54,2026-02-06T23:00:00+0100
EA.CPI_YOY_M.EUROSTAT,EA,EA,EA20,欧元区,Euro area,CPI_YOY_M,调和居民消费价格指数同比,HICP annual rate of change,2024-10,M,%,NSA,YoY,2.0,Eurostat,prc_hicp_manr,prc_hicp_manr.CP00,HICP annual rate of change,https://ec.europa.eu/eurostat/databrowser/view/prc_hicp_manr/default/table,2026-02-06T23:00:00+0100,final,2026-08-13 18:04:54,2026-02-06T23:00:00+0100
EA.CPI_YOY_M.EUROSTAT,EA,EA,EA20,欧元区,Euro area,CPI_YOY_M,调和居民消费价格指数同比,HICP annual rate of change,2024-11,M,%,NSA,YoY,2.2,Eurostat,prc_hicp_manr,prc_hicp_manr.CP00,HICP annual rate of change,https://ec.europa.eu/eurostat/databrowser/view/prc_hicp_manr/default/table,2026-02-06T23:00:00+0100,final,2026-08-13 18:04:54,2026-02-06T23:00:00+0100
EA.CPI_YOY_M.EUROSTAT,EA,EA,EA20,欧元区,Euro area,CPI_YOY_M,调和居民消费价格指数同比,HICP annual rate of change,2024-12,M,%,NSA,YoY,2.4,Eurostat,prc_hicp_manr,prc_hicp_manr.CP00,HICP annual rate of change,https://ec.europa.eu/eurostat/databrowser/view/prc_hicp_manr/default/table,2026-02-06T23:00:00+0100,final,2026-08-13 18:04:54,2026-02-06T23:00:00+0100
EA.CPI_YOY_M.EUROSTAT,EA,EA,EA20,欧元区,Euro area,CPI_YOY_M,调和居民消费价格指数同比,HICP annual rate of change,2025-01,M,%,NSA,YoY,2.5,Eurostat,prc_hicp_manr,prc_hicp_manr.CP00,HICP annual rate of change,https://ec.europa.eu/eurostat/databrowser/view/prc_hicp_manr/default/table,2026-02-06T23:00:00+0100,final,2026-08-13 18:04:54,2026-02-06T23:00:00+0100
EA.CPI_YOY_M.EUROSTAT,EA,EA,EA20,欧元区,Euro area,CPI_YOY_M,调和居民消费价格指数同比,HICP annual rate of change,2025-02,M,%,NSA,YoY,2.3,Eurostat,prc_hicp_manr,prc_hicp_manr.CP00,HICP annual rate of change,https://ec.europa.eu/eurostat/databrowser/view/prc_hicp_manr/default/table,2026-02-06T23:00:00+0100,final,2026-08-13 18:04:54,2026-02-06T23:00:00+0100
EA.CPI_YOY_M.EUROSTAT,EA,EA,EA20,欧元区,Euro area,CPI_YOY_M,调和居民消费价格指数同比,HICP annual rate of change,2025-03,M,%,NSA,YoY,2.2,Eurostat,prc_hicp_manr,prc_hicp_manr.CP00,HICP annual rate of change,https://ec.europa.eu/eurostat/databrowser/view/prc_hicp_manr/default/table,2026-02-06T23:00:00+0100,final,2026-08-13 18:04:54,2026-02-06T23:00:00+0100
EA.CPI_YOY_M.EUROSTAT,EA,EA,EA20,欧元区,Euro area,CPI_YOY_M,调和居民消费价格指数同比,HICP annual rate of change,2025-04,M,%,NSA,YoY,2.2,Eurostat,prc_hicp_manr,prc_hicp_manr.CP00,HICP annual rate of change,https://ec.europa.eu/eurostat/databrowser/view/prc_hicp_manr/default/table,2026-02-06T23:00:00+0100,final,2026-08-13 18:04:54,2026-02-06T23:00:00+0100
EA.CPI_YOY_M.EUROSTAT,EA,EA,EA20,欧元区,Euro area,CPI_YOY_M,调和居民消费价格指数同比,HICP annual rate of change,2025-05,M,%,NSA,YoY,1.9,Eurostat,prc_hicp_manr,prc_hicp_manr.CP00,HICP annual rate of change,https://ec.europa.eu/eurostat/databrowser/view/prc_hicp_manr/default/table,2026-02-06T23:00:00+0100,final,2026-08-13 18:04:54,2026-02-06T23:00:00+0100
EA.CPI_YOY_M.EUROSTAT,EA,EA,EA20,欧元区,Euro area,CPI_YOY_M,调和居民消费价格指数同比,HICP annual rate of change,2025-06,M,%,NSA,YoY,2.0,Eurostat,prc_hicp_manr,prc_hicp_manr.CP00,HICP annual rate of change,https://ec.europa.eu/eurostat/databrowser/view/prc_hicp_manr/default/table,2026-02-06T23:00:00+0100,final,2026-08-13 18:04:54,2026-02-06T23:00:00+0100
EA.CPI_YOY_M.EUROSTAT,EA,EA,EA20,欧元区,Euro area,CPI_YOY_M,调和居民消费价格指数同比,HICP annual rate of change,2025-07,M,%,NSA,YoY,2.0,Eurostat,prc_hicp_manr,prc_hicp_manr.CP00,HICP annual rate of change,https://ec.europa.eu/eurostat/databrowser/view/prc_hicp_manr/default/table,2026-02-06T23:00:00+0100,final,2026-08-13 18:04:54,2026-02-06T23:00:00+0100
EA.CPI_YOY_M.EUROSTAT,EA,EA,EA20,欧元区,Euro area,CPI_YOY_M,调和居民消费价格指数同比,HICP annual rate of change,2025-08,M,%,NSA,YoY,2.0,Eurostat,prc_hicp_manr,prc_hicp_manr.CP00,HICP annual rate of change,https://ec.europa.eu/eurostat/databrowser/view/prc_hicp_manr/default/table,2026-02-06T23:00:00+0100,final,2026-08-13 18:04:54,2026-02-06T23:00:00+0100
EA.CPI_YOY_M.EUROSTAT,EA,EA,EA20,欧元区,Euro area,CPI_YOY_M,调和居民消费价格指数同比,HICP annual rate of change,2025-09,M,%,NSA,YoY,2.2,Eurostat,prc_hicp_manr,prc_hicp_manr.CP00,HICP annual rate of change,https://ec.europa.eu/eurostat/databrowser/view/prc_hicp_manr/default/table,2026-02-06T23:00:00+0100,final,2026-08-13 18:04:54,2026-02-06T23:00:00+0100
EA.CPI_YOY_M.EUROSTAT,EA,EA,EA20,欧元区,Euro area,CPI_YOY_M,调和居民消费价格指数同比,HICP annual rate of change,2025-10,M,%,NSA,YoY,2.1,Eurostat,prc_hicp_manr,prc_hicp_manr.CP00,HICP annual rate of change,https://ec.europa.eu/eurostat/databrowser/view/prc_hicp_manr/default/table,2026-02-06T23:00:00+0100,final,2026-08-13 18:04:54,2026-02-06T23:00:00+0100
EA.CPI_YOY_M.EUROSTAT,EA,EA,EA20,欧元区,Euro area,CPI_YOY_M,调和居民消费价格指数同比,HICP annual rate of change,2025-11,M,%,NSA,YoY,2.1,Eurostat,prc_hicp_manr,prc_hicp_manr.CP00,HICP annual rate of change,https://ec.europa.eu/eurostat/databrowser/view/prc_hicp_manr/default/table,2026-02-06T23:00:00+0100,final,2026-08-13 18:04:54,2026-02-06T23:00:00+0100
EA.CPI_YOY_M.EUROSTAT,EA,EA,EA20,欧元区,Euro area,CPI_YOY_M,调和居民消费价格指数同比,HICP annual rate of change,2025-12,M,%,NSA,YoY,2.0,Eurostat,prc_hicp_manr,prc_hicp_manr.CP00,HICP annual rate of change,https://ec.europa.eu/eurostat/databrowser/view/prc_hicp_manr/default/table,2026-02-06T23:00:00+0100,final,2026-08-13 18:04:54,2026-02-06T23:00:00+0100
DE.CPI_YOY_M.EUROSTAT,DE,DE,DEU,德国,Germany,CPI_YOY_M,调和居民消费价格指数同比,HICP annual rate of change,2015-01,M,%,NSA,YoY,-0.5,Eurostat,prc_hicp_manr,prc_hicp_manr.CP00,HICP annual rate of change,https://ec.europa.eu/eurostat/databrowser/view/prc_hicp_manr/default/table,2026-02-06T23:00:00+0100,final,2026-08-13 18:04:54,2026-02-06T23:00:00+0100
DE.CPI_YOY_M.EUROSTAT,DE,DE,DEU,德国,Germany,CPI_YOY_M,调和居民消费价格指数同比,HICP annual rate of change,2015-02,M,%,NSA,YoY,-0.2,Eurostat,prc_hicp_manr,prc_hicp_manr.CP00,HICP annual rate of change,https://ec.europa.eu/eurostat/databrowser/view/prc_hicp_manr/default/table,2026-02-06T23:00:00+0100,final,2026-08-13 18:04:54,2026-02-06T23:00:00+0100
DE.CPI_YOY_M.EUROSTAT,DE,DE,DEU,德国,Germany,CPI_YOY_M,调和居民消费价格指数同比,HICP annual rate of change,2015-03,M,%,NSA,YoY,0.3,Eurostat,prc_hicp_manr,prc_hicp_manr.CP00,HICP annual rate of change,https://ec.europa.eu/eurostat/databrowser/view/prc_hicp_manr/default/table,2026-02-06T23:00:00+0100,final,2026-08-13 18:04:54,2026-02-06T23:00:00+0100
DE.CPI_YOY_M.EUROSTAT,DE,DE,DEU,德国,Germany,CPI_YOY_M,调和居民消费价格指数同比,HICP annual rate of change,2015-04,M,%,NSA,YoY,1.0,Eurostat,prc_hicp_manr,prc_hicp_manr.CP00,HICP annual rate of change,https://ec.europa.eu/eurostat/databrowser/view/prc_hicp_manr/default/table,2026-02-06T23:00:00+0100,final,2026-08-13 18:04:54,2026-02-06T23:00:00+0100
DE.CPI_YOY_M.EUROSTAT,DE,DE,DEU,德国,Germany,CPI_YOY_M,调和居民消费价格指数同比,HICP annual rate of change,2015-05,M,%,NSA,YoY,1.6,Eurostat,prc_hicp_manr,prc_hicp_manr.CP00,HICP annual rate of change,https://ec.europa.eu/eurostat/databrowser/view/prc_hicp_manr/default/table,2026-02-06T23:00:00+0100,final,2026-08-13 18:04:54,2026-02-06T23:00:00+0100
DE.CPI_YOY_M.EUROSTAT,DE,DE,DEU,德国,Germany,CPI_YOY_M,调和居民消费价格指数同比,HICP annual rate of change,2015-06,M,%,NSA,YoY,1.1,Eurostat,prc_hicp_manr,prc_hicp_manr.CP00,HICP annual rate of change,https://ec.europa.eu/eurostat/databrowser/view/prc_hicp_manr/default/table,2026-02-06T23:00:00+0100,final,2026-08-13 18:04:54,2026-02-06T23:00:00+0100
DE.CPI_YOY_M.EUROSTAT,DE,DE,DEU,德国,Germany,CPI_YOY_M,调和居民消费价格指数同比,HICP annual rate of change,2015-07,M,%,NSA,YoY,1.3,Eurostat,prc_hicp_manr,prc_hicp_manr.CP00,HICP annual rate of change,https://ec.europa.eu/eurostat/databrowser/view/prc_hicp_manr/default/table,2026-02-06T23:00:00+0100,final,2026-08-13 18:04:54,2026-02-06T23:00:00+0100
DE.CPI_YOY_M.EUROSTAT,DE,DE,DEU,德国,Germany,CPI_YOY_M,调和居民消费价格指数同比,HICP annual rate of change,2015-08,M,%,NSA,YoY,1.1,Eurostat,prc_hicp_manr,prc_hicp_manr.CP00,HICP annual rate of change,https://ec.europa.eu/eurostat/databrowser/view/prc_hicp_manr/default/table,2026-02-06T23:00:00+0100,final,2026-08-13 18:04:54,2026-02-06T23:00:00+0100
DE.CPI_YOY_M.EUROSTAT,DE,DE,DEU,德国,Germany,CPI_YOY_M,调和居民消费价格指数同比,HICP annual rate of change,2015-09,M,%,NSA,YoY,0.8,Eurostat,prc_hicp_manr,prc_hicp_manr.CP00,HICP annual rate of change,https://ec.europa.eu/eurostat/databrowser/view/prc_hicp_manr/default/table,2026-02-06T23:00:00+0100,final,2026-08-13 18:04:54,2026-02-06T23:00:00+0100
DE.CPI_YOY_M.EUROSTAT,DE,DE,DEU,德国,Germany,CPI_YOY_M,调和居民消费价格指数同比,HICP annual rate of change,2015-10,M,%,NSA,YoY,1.2,Eurostat,prc_hicp_manr,prc_hicp_manr.CP00,HICP annual rate of change,https://ec.europa.eu/eurostat/databrowser/view/prc_hicp_manr/default/table,2026-02-06T23:00:00+0100,final,2026-08-13 18:04:54,2026-02-06T23:00:00+0100
DE.CPI_YOY_M.EUROSTAT,DE,DE,DEU,德国,Germany,CPI_YOY_M,调和居民消费价格指数同比,HICP annual rate of change,2015-11,M,%,NSA,YoY,0.2,Eurostat,prc_hicp_manr,prc_hicp_manr.CP00,HICP annual rate of change,https://ec.europa.eu/eurostat/databrowser/view/prc_hicp_manr/default/table,2026-02-06T23:00:00+0100,final,2026-08-13 18:04:54,2026-02-06T23:00:00+0100
DE.CPI_YOY_M.EUROSTAT,DE,DE,DEU,德国,Germany,CPI_YOY_M,调和居民消费价格指数同比,HICP annual rate of change,2015-12,M,%,NSA,YoY,0.2,Eurostat,prc_hicp_manr,prc_hicp_manr.CP00,HICP annual rate of change,https://ec.europa.eu/eurostat/databrowser/view/prc_hicp_manr/default/table,2026-02-06T23:00:00+0100,final,2026-08-13 18:04:54,2026-02-06T23:00:00+0100
DE.CPI_YOY_M.EUROSTAT,DE,DE,DEU,德国,Germany,CPI_YOY_M,调和居民消费价格指数同比,HICP annual rate of change,2016-01,M,%,NSA,YoY,0.4,Eurostat,prc_hicp_manr,prc_hicp_manr.CP00,HICP annual rate of change,https://ec.europa.eu/eurostat/databrowser/view/prc_hicp_manr/default/table,2026-02-06T23:00:00+0100,final,2026-08-13 18:04:54,2026-02-06T23:00:00+0100
DE.CPI_YOY_M.EUROSTAT,DE,DE,DEU,德国,Germany,CPI_YOY_M,调和居民消费价格指数同比,HICP annual rate of change,2016-02,M,%,NSA,YoY,-0.1,Eurostat,prc_hicp_manr,prc_hicp_manr.CP00,HICP annual rate of change,https://ec.europa.eu/eurostat/databrowser/view/prc_hicp_manr/default/table,2026-02-06T23:00:00+0100,final,2026-08-13 18:04:54,2026-02-06T23:00:00+0100
DE.CPI_YOY_M.EUROSTAT,DE,DE,DEU,德国,Germany,CPI_YOY_M,调和居民消费价格指数同比,HICP annual rate of change,2016-03,M,%,NSA,YoY,0.1,Eurostat,prc_hicp_manr,prc_hicp_manr.CP00,HICP annual rate of change,https://ec.europa.eu/eurostat/databrowser/view/prc_hicp_manr/default/table,2026-02-06T23:00:00+0100,final,2026-08-13 18:04:54,2026-02-06T23:00:00+0100
DE.CPI_YOY_M.EUROSTAT,DE,DE,DEU,德国,Germany,CPI_YOY_M,调和居民消费价格指数同比,HICP annual rate of change,2016-04,M,%,NSA,YoY,-0.3,Eurostat,prc_hicp_manr,prc_hicp_manr.CP00,HICP annual rate of change,https://ec.europa.eu/eurostat/databrowser/view/prc_hicp_manr/default/table,2026-02-06T23:00:00+0100,final,2026-08-13 18:04:54,2026-02-06T23:00:00+0100
DE.CPI_YOY_M.EUROSTAT,DE,DE,DEU,德国,Germany,CPI_YOY_M,调和居民消费价格指数同比,HICP annual rate of change,2016-05,M,%,NSA,YoY,-0.1,Eurostat,prc_hicp_manr,prc_hicp_manr.CP00,HICP annual rate of change,https://ec.europa.eu/eurostat/databrowser/view/prc_hicp_manr/default/table,2026-02-06T23:00:00+0100,final,2026-08-13 18:04:54,2026-02-06T23:00:00+0100
DE.CPI_YOY_M.EUROSTAT,DE,DE,DEU,德国,Germany,CPI_YOY_M,调和居民消费价格指数同比,HICP annual rate of change,2016-06,M,%,NSA,YoY,0.1,Eurostat,prc_hicp_manr,prc_hicp_manr.CP00,HICP annual rate of change,https://ec.europa.eu/eurostat/databrowser/view/prc_hicp_manr/default/table,2026-02-06T23:00:00+0100,final,2026-08-13 18:04:54,2026-02-06T23:00:00+0100
DE.CPI_YOY_M.EUROSTAT,DE,DE,DEU,德国,Germany,CPI_YOY_M,调和居民消费价格指数同比,HICP annual rate of change,2016-07,M,%,NSA,YoY,0.3,Eurostat,prc_hicp_manr,prc_hicp_manr.CP00,HICP annual rate of change,https://ec.europa.eu/eurostat/databrowser/view/prc_hicp_manr/default/table,2026-02-06T23:00:00+0100,final,2026-08-13 18:04:54,2026-02-06T23:00:00+0100
DE.CPI_YOY_M.EUROSTAT,DE,DE,DEU,德国,Germany,CPI_YOY_M,调和居民消费价格指数同比,HICP annual rate of change,2016-08,M,%,NSA,YoY,0.3,Eurostat,prc_hicp_manr,prc_hicp_manr.CP00,HICP annual rate of change,https://ec.europa.eu/eurostat/databrowser/view/prc_hicp_manr/default/table,2026-02-06T23:00:00+0100,final,2026-08-13 18:04:54,2026-02-06T23:00:00+0100
DE.CPI_YOY_M.EUROSTAT,DE,DE,DEU,德国,Germany,CPI_YOY_M,调和居民消费价格指数同比,HICP annual rate of change,2016-09,M,%,NSA,YoY,0.6,Eurostat,prc_hicp_manr,prc_hicp_manr.CP00,HICP annual rate of change,https://ec.europa.eu/eurostat/databrowser/view/prc_hicp_manr/default/table,2026-02-06T23:00:00+0100,final,2026-08-13 18:04:54,2026-02-06T23:00:00+0100
DE.CPI_YOY_M.EUROSTAT,DE,DE,DEU,德国,Germany,CPI_YOY_M,调和居民消费价格指数同比,HICP annual rate of change,2016-10,M,%,NSA,YoY,0.7,Eurostat,prc_hicp_manr,prc_hicp_manr.CP00,HICP annual rate of change,https://ec.europa.eu/eurostat/databrowser/view/prc_hicp_manr/default/table,2026-02-06T23:00:00+0100,final,2026-08-13 18:04:54,2026-02-06T23:00:00+0100
DE.CPI_YOY_M.EUROSTAT,DE,DE,DEU,德国,Germany,CPI_YOY_M,调和居民消费价格指数同比,HICP annual rate of change,2016-11,M,%,NSA,YoY,0.8,Eurostat,prc_hicp_manr,prc_hicp_manr.CP00,HICP annual rate of change,https://ec.europa.eu/eurostat/databrowser/view/prc_hicp_manr/default/table,2026-02-06T23:00:00+0100,final,2026-08-13 18:04:54,2026-02-06T23:00:00+0100
DE.CPI_YOY_M.EUROSTAT,DE,DE,DEU,德国,Germany,CPI_YOY_M,调和居民消费价格指数同比,HICP annual rate of change,2016-12,M,%,NSA,YoY,1.6,Eurostat,prc_hicp_manr,prc_hicp_manr.CP00,HICP annual rate of change,https://ec.europa.eu/eurostat/databrowser/view/prc_hicp_manr/default/table,2026-02-06T23:00:00+0100,final,2026-08-13 18:04:54,2026-02-06T23:00:00+0100
DE.CPI_YOY_M.EUROSTAT,DE,DE,DEU,德国,Germany,CPI_YOY_M,调和居民消费价格指数同比,HICP annual rate of change,2017-01,M,%,NSA,YoY,1.7,Eurostat,prc_hicp_manr,prc_hicp_manr.CP00,HICP annual rate of change,https://ec.europa.eu/eurostat/databrowser/view/prc_hicp_manr/default/table,2026-02-06T23:00:00+0100,final,2026-08-13 18:04:54,2026-02-06T23:00:00+0100
DE.CPI_YOY_M.EUROSTAT,DE,DE,DEU,德国,Germany,CPI_YOY_M,调和居民消费价格指数同比,HICP annual rate of change,2017-02,M,%,NSA,YoY,2.1,Eurostat,prc_hicp_manr,prc_hicp_manr.CP00,HICP annual rate of change,https://ec.europa.eu/eurostat/databrowser/view/prc_hicp_manr/default/table,2026-02-06T23:00:00+0100,final,2026-08-13 18:04:54,2026-02-06T23:00:00+0100
DE.CPI_YOY_M.EUROSTAT,DE,DE,DEU,德国,Germany,CPI_YOY_M,调和居民消费价格指数同比,HICP annual rate of change,2017-03,M,%,NSA,YoY,1.5,Eurostat,prc_hicp_manr,prc_hicp_manr.CP00,HICP annual rate of change,https://ec.europa.eu/eurostat/databrowser/view/prc_hicp_manr/default/table,2026-02-06T23:00:00+0100,final,2026-08-13 18:04:54,2026-02-06T23:00:00+0100
DE.CPI_YOY_M.EUROSTAT,DE,DE,DEU,德国,Germany,CPI_YOY_M,调和居民消费价格指数同比,HICP annual rate of change,2017-04,M,%,NSA,YoY,2.0,Eurostat,prc_hicp_manr,prc_hicp_manr.CP00,HICP annual rate of change,https://ec.europa.eu/eurostat/databrowser/view/prc_hicp_manr/default/table,2026-02-06T23:00:00+0100,final,2026-08-13 18:04:54,2026-02-06T23:00:00+0100
DE.CPI_YOY_M.EUROSTAT,DE,DE,DEU,德国,Germany,CPI_YOY_M,调和居民消费价格指数同比,HICP annual rate of change,2017-05,M,%,NSA,YoY,1.3,Eurostat,prc_hicp_manr,prc_hicp_manr.CP00,HICP annual rate of change,https://ec.europa.eu/eurostat/databrowser/view/prc_hicp_manr/default/table,2026-02-06T23:00:00+0100,final,2026-08-13 18:04:54,2026-02-06T23:00:00+0100
DE.CPI_YOY_M.EUROSTAT,DE,DE,DEU,德国,Germany,CPI_YOY_M,调和居民消费价格指数同比,HICP annual rate of change,2017-06,M,%,NSA,YoY,1.7,Eurostat,prc_hicp_manr,prc_hicp_manr.CP00,HICP annual rate of change,https://ec.europa.eu/eurostat/databrowser/view/prc_hicp_manr/default/table,2026-02-06T23:00:00+0100,final,2026-08-13 18:04:54,2026-02-06T23:00:00+0100
DE.CPI_YOY_M.EUROSTAT,DE,DE,DEU,德国,Germany,CPI_YOY_M,调和居民消费价格指数同比,HICP annual rate of change,2017-07,M,%,NSA,YoY,1.7,Eurostat,prc_hicp_manr,prc_hicp_manr.CP00,HICP annual rate of change,https://ec.europa.eu/eurostat/databrowser/view/prc_hicp_manr/default/table,2026-02-06T23:00:00+0100,final,2026-08-13 18:04:54,2026-02-06T23:00:00+0100
DE.CPI_YOY_M.EUROSTAT,DE,DE,DEU,德国,Germany,CPI_YOY_M,调和居民消费价格指数同比,HICP annual rate of change,2017-08,M,%,NSA,YoY,1.9,Eurostat,prc_hicp_manr,prc_hicp_manr.CP00,HICP annual rate of change,https://ec.europa.eu/eurostat/databrowser/view/prc_hicp_manr/default/table,2026-02-06T23:00:00+0100,final,2026-08-13 18:04:54,2026-02-06T23:00:00+0100
DE.CPI_YOY_M.EUROSTAT,DE,DE,DEU,德国,Germany,CPI_YOY_M,调和居民消费价格指数同比,HICP annual rate of change,2017-09,M,%,NSA,YoY,1.9,Eurostat,prc_hicp_manr,prc_hicp_manr.CP00,HICP annual rate of change,https://ec.europa.eu/eurostat/databrowser/view/prc_hicp_manr/default/table,2026-02-06T23:00:00+0100,final,2026-08-13 18:04:54,2026-02-06T23:00:00+0100
DE.CPI_YOY_M.EUROSTAT,DE,DE,DEU,德国,Germany,CPI_YOY_M,调和居民消费价格指数同比,HICP annual rate of change,2017-10,M,%,NSA,YoY,1.5,Eurostat,prc_hicp_manr,prc_hicp_manr.CP00,HICP annual rate of change,https://ec.europa.eu/eurostat/databrowser/view/prc_hicp_manr/default/table,2026-02-06T23:00:00+0100,final,2026-08-13 18:04:54,2026-02-06T23:00:00+0100
DE.CPI_YOY_M.EUROSTAT,DE,DE,DEU,德国,Germany,CPI_YOY_M,调和居民消费价格指数同比,HICP annual rate of change,2017-11,M,%,NSA,YoY,1.7,Eurostat,prc_hicp_manr,prc_hicp_manr.CP00,HICP annual rate of change,https://ec.europa.eu/eurostat/databrowser/view/prc_hicp_manr/default/table,2026-02-06T23:00:00+0100,final,2026-08-13 18:04:54,2026-02-06T23:00:00+0100
DE.CPI_YOY_M.EUROSTAT,DE,DE,DEU,德国,Germany,CPI_YOY_M,调和居民消费价格指数同比,HICP annual rate of change,2017-12,M,%,NSA,YoY,1.5,Eurostat,prc_hicp_manr,prc_hicp_manr.CP00,HICP annual rate of change,https://ec.europa.eu/eurostat/databrowser/view/prc_hicp_manr/default/table,2026-02-06T23:00:00+0100,final,2026-08-13 18:04:54,2026-02-06T23:00:00+0100
DE.CPI_YOY_M.EUROSTAT,DE,DE,DEU,德国,Germany,CPI_YOY_M,调和居民消费价格指数同比,HICP annual rate of change,2018-01,M,%,NSA,YoY,1.5,Eurostat,prc_hicp_manr,prc_hicp_manr.CP00,HICP annual rate of change,https://ec.europa.eu/eurostat/databrowser/view/prc_hicp_manr/default/table,2026-02-06T23:00:00+0100,final,2026-08-13 18:04:54,2026-02-06T23:00:00+0100
DE.CPI_YOY_M.EUROSTAT,DE,DE,DEU,德国,Germany,CPI_YOY_M,调和居民消费价格指数同比,HICP annual rate of change,2018-02,M,%,NSA,YoY,1.2,Eurostat,prc_hicp_manr,prc_hicp_manr.CP00,HICP annual rate of change,https://ec.europa.eu/eurostat/databrowser/view/prc_hicp_manr/default/table,2026-02-06T23:00:00+0100,final,2026-08-13 18:04:54,2026-02-06T23:00:00+0100
DE.CPI_YOY_M.EUROSTAT,DE,DE,DEU,德国,Germany,CPI_YOY_M,调和居民消费价格指数同比,HICP annual rate of change,2018-03,M,%,NSA,YoY,1.7,Eurostat,prc_hicp_manr,prc_hicp_manr.CP00,HICP annual rate of change,https://ec.europa.eu/eurostat/databrowser/view/prc_hicp_manr/default/table,2026-02-06T23:00:00+0100,final,2026-08-13 18:04:54,2026-02-06T23:00:00+0100
DE.CPI_YOY_M.EUROSTAT,DE,DE,DEU,德国,Germany,CPI_YOY_M,调和居民消费价格指数同比,HICP annual rate of change,2018-04,M,%,NSA,YoY,1.3,Eurostat,prc_hicp_manr,prc_hicp_manr.CP00,HICP annual rate of change,https://ec.europa.eu/eurostat/databrowser/view/prc_hicp_manr/default/table,2026-02-06T23:00:00+0100,final,2026-08-13 18:04:54,2026-02-06T23:00:00+0100
DE.CPI_YOY_M.EUROSTAT,DE,DE,DEU,德国,Germany,CPI_YOY_M,调和居民消费价格指数同比,HICP annual rate of change,2018-05,M,%,NSA,YoY,2.5,Eurostat,prc_hicp_manr,prc_hicp_manr.CP00,HICP annual rate of change,https://ec.europa.eu/eurostat/databrowser/view/prc_hicp_manr/default/table,2026-02-06T23:00:00+0100,final,2026-08-13 18:04:54,2026-02-06T23:00:00+0100
DE.CPI_YOY_M.EUROSTAT,DE,DE,DEU,德国,Germany,CPI_YOY_M,调和居民消费价格指数同比,HICP annual rate of change,2018-06,M,%,NSA,YoY,2.1,Eurostat,prc_hicp_manr,prc_hicp_manr.CP00,HICP annual rate of change,https://ec.europa.eu/eurostat/databrowser/view/prc_hicp_manr/default/table,2026-02-06T23:00:00+0100,final,2026-08-13 18:04:54,2026-02-06T23:00:00+0100
DE.CPI_YOY_M.EUROSTAT,DE,DE,DEU,德国,Germany,CPI_YOY_M,调和居民消费价格指数同比,HICP annual rate of change,2018-07,M,%,NSA,YoY,2.2,Eurostat,prc_hicp_manr,prc_hicp_manr.CP00,HICP annual rate of change,https://ec.europa.eu/eurostat/databrowser/view/prc_hicp_manr/default/table,2026-02-06T23:00:00+0100,final,2026-08-13 18:04:54,2026-02-06T23:00:00+0100
DE.CPI_YOY_M.EUROSTAT,DE,DE,DEU,德国,Germany,CPI_YOY_M,调和居民消费价格指数同比,HICP annual rate of change,2018-08,M,%,NSA,YoY,2.1,Eurostat,prc_hicp_manr,prc_hicp_manr.CP00,HICP annual rate of change,https://ec.europa.eu/eurostat/databrowser/view/prc_hicp_manr/default/table,2026-02-06T23:00:00+0100,final,2026-08-13 18:04:54,2026-02-06T23:00:00+0100
DE.CPI_YOY_M.EUROSTAT,DE,DE,DEU,德国,Germany,CPI_YOY_M,调和居民消费价格指数同比,HICP annual rate of change,2018-09,M,%,NSA,YoY,2.2,Eurostat,prc_hicp_manr,prc_hicp_manr.CP00,HICP annual rate of change,https://ec.europa.eu/eurostat/databrowser/view/prc_hicp_manr/default/table,2026-02-06T23:00:00+0100,final,2026-08-13 18:04:54,2026-02-06T23:00:00+0100
DE.CPI_YOY_M.EUROSTAT,DE,DE,DEU,德国,Germany,CPI_YOY_M,调和居民消费价格指数同比,HICP annual rate of change,2018-10,M,%,NSA,YoY,2.6,Eurostat,prc_hicp_manr,prc_hicp_manr.CP00,HICP annual rate of change,https://ec.europa.eu/eurostat/databrowser/view/prc_hicp_manr/default/table,2026-02-06T23:00:00+0100,final,2026-08-13 18:04:54,2026-02-06T23:00:00+0100
DE.CPI_YOY_M.EUROSTAT,DE,DE,DEU,德国,Germany,CPI_YOY_M,调和居民消费价格指数同比,HICP annual rate of change,2018-11,M,%,NSA,YoY,2.2,Eurostat,prc_hicp_manr,prc_hicp_manr.CP00,HICP annual rate of change,https://ec.europa.eu/eurostat/databrowser/view/prc_hicp_manr/default/table,2026-02-06T23:00:00+0100,final,2026-08-13 18:04:54,2026-02-06T23:00:00+0100
DE.CPI_YOY_M.EUROSTAT,DE,DE,DEU,德国,Germany,CPI_YOY_M,调和居民消费价格指数同比,HICP annual rate of change,2018-12,M,%,NSA,YoY,1.7,Eurostat,prc_hicp_manr,prc_hicp_manr.CP00,HICP annual rate of change,https://ec.europa.eu/eurostat/databrowser/view/prc_hicp_manr/default/table,2026-02-06T23:00:00+0100,final,2026-08-13 18:04:54,2026-02-06T23:00:00+0100
DE.CPI_YOY_M.EUROSTAT,DE,DE,DEU,德国,Germany,CPI_YOY_M,调和居民消费价格指数同比,HICP annual rate of change,2019-01,M,%,NSA,YoY,1.7,Eurostat,prc_hicp_manr,prc_hicp_manr.CP00,HICP annual rate of change,https://ec.europa.eu/eurostat/databrowser/view/prc_hicp_manr/default/table,2026-02-06T23:00:00+0100,final,2026-08-13 18:04:54,2026-02-06T23:00:00+0100
DE.CPI_YOY_M.EUROSTAT,DE,DE,DEU,德国,Germany,CPI_YOY_M,调和居民消费价格指数同比,HICP annual rate of change,2019-02,M,%,NSA,YoY,1.7,Eurostat,prc_hicp_manr,prc_hicp_manr.CP00,HICP annual rate of change,https://ec.europa.eu/eurostat/databrowser/view/prc_hicp_manr/default/table,2026-02-06T23:00:00+0100,final,2026-08-13 18:04:54,2026-02-06T23:00:00+0100
DE.CPI_YOY_M.EUROSTAT,DE,DE,DEU,德国,Germany,CPI_YOY_M,调和居民消费价格指数同比,HICP annual rate of change,2019-03,M,%,NSA,YoY,1.4,Eurostat,prc_hicp_manr,prc_hicp_manr.CP00,HICP annual rate of change,https://ec.europa.eu/eurostat/databrowser/view/prc_hicp_manr/default/table,2026-02-06T23:00:00+0100,final,2026-08-13 18:04:54,2026-02-06T23:00:00+0100
DE.CPI_YOY_M.EUROSTAT,DE,DE,DEU,德国,Germany,CPI_YOY_M,调和居民消费价格指数同比,HICP annual rate of change,2019-04,M,%,NSA,YoY,2.1,Eurostat,prc_hicp_manr,prc_hicp_manr.CP00,HICP annual rate of change,https://ec.europa.eu/eurostat/databrowser/view/prc_hicp_manr/default/table,2026-02-06T23:00:00+0100,final,2026-08-13 18:04:54,2026-02-06T23:00:00+0100
DE.CPI_YOY_M.EUROSTAT,DE,DE,DEU,德国,Germany,CPI_YOY_M,调和居民消费价格指数同比,HICP annual rate of change,2019-05,M,%,NSA,YoY,1.3,Eurostat,prc_hicp_manr,prc_hicp_manr.CP00,HICP annual rate of change,https://ec.europa.eu/eurostat/databrowser/view/prc_hicp_manr/default/table,2026-02-06T23:00:00+0100,final,2026-08-13 18:04:54,2026-02-06T23:00:00+0100
DE.CPI_YOY_M.EUROSTAT,DE,DE,DEU,德国,Germany,CPI_YOY_M,调和居民消费价格指数同比,HICP annual rate of change,2019-06,M,%,NSA,YoY,1.5,Eurostat,prc_hicp_manr,prc_hicp_manr.CP00,HICP annual rate of change,https://ec.europa.eu/eurostat/databrowser/view/prc_hicp_manr/default/table,2026-02-06T23:00:00+0100,final,2026-08-13 18:04:54,2026-02-06T23:00:00+0100
DE.CPI_YOY_M.EUROSTAT,DE,DE,DEU,德国,Germany,CPI_YOY_M,调和居民消费价格指数同比,HICP annual rate of change,2019-07,M,%,NSA,YoY,1.1,Eurostat,prc_hicp_manr,prc_hicp_manr.CP00,HICP annual rate of change,https://ec.europa.eu/eurostat/databrowser/view/prc_hicp_manr/default/table,2026-02-06T23:00:00+0100,final,2026-08-13 18:04:54,2026-02-06T23:00:00+0100
DE.CPI_YOY_M.EUROSTAT,DE,DE,DEU,德国,Germany,CPI_YOY_M,调和居民消费价格指数同比,HICP annual rate of change,2019-08,M,%,NSA,YoY,1.0,Eurostat,prc_hicp_manr,prc_hicp_manr.CP00,HICP annual rate of change,https://ec.europa.eu/eurostat/databrowser/view/prc_hicp_manr/default/table,2026-02-06T23:00:00+0100,final,2026-08-13 18:04:54,2026-02-06T23:00:00+0100
DE.CPI_YOY_M.EUROSTAT,DE,DE,DEU,德国,Germany,CPI_YOY_M,调和居民消费价格指数同比,HICP annual rate of change,2019-09,M,%,NSA,YoY,0.9,Eurostat,prc_hicp_manr,prc_hicp_manr.CP00,HICP annual rate of change,https://ec.europa.eu/eurostat/databrowser/view/prc_hicp_manr/default/table,2026-02-06T23:00:00+0100,final,2026-08-13 18:04:54,2026-02-06T23:00:00+0100
DE.CPI_YOY_M.EUROSTAT,DE,DE,DEU,德国,Germany,CPI_YOY_M,调和居民消费价格指数同比,HICP annual rate of change,2019-10,M,%,NSA,YoY,0.9,Eurostat,prc_hicp_manr,prc_hicp_manr.CP00,HICP annual rate of change,https://ec.europa.eu/eurostat/databrowser/view/prc_hicp_manr/default/table,2026-02-06T23:00:00+0100,final,2026-08-13 18:04:54,2026-02-06T23:00:00+0100
DE.CPI_YOY_M.EUROSTAT,DE,DE,DEU,德国,Germany,CPI_YOY_M,调和居民消费价格指数同比,HICP annual rate of change,2019-11,M,%,NSA,YoY,1.2,Eurostat,prc_hicp_manr,prc_hicp_manr.CP00,HICP annual rate of change,https://ec.europa.eu/eurostat/databrowser/view/prc_hicp_manr/default/table,2026-02-06T23:00:00+0100,final,2026-08-13 18:04:54,2026-02-06T23:00:00+0100
DE.CPI_YOY_M.EUROSTAT,DE,DE,DEU,德国,Germany,CPI_YOY_M,调和居民消费价格指数同比,HICP annual rate of change,2019-12,M,%,NSA,YoY,1.5,Eurostat,prc_hicp_manr,prc_hicp_manr.CP00,HICP annual rate of change,https://ec.europa.eu/eurostat/databrowser/view/prc_hicp_manr/default/table,2026-02-06T23:00:00+0100,final,2026-08-13 18:04:54,2026-02-06T23:00:00+0100
DE.CPI_YOY_M.EUROSTAT,DE,DE,DEU,德国,Germany,CPI_YOY_M,调和居民消费价格指数同比,HICP annual rate of change,2020-01,M,%,NSA,YoY,1.6,Eurostat,prc_hicp_manr,prc_hicp_manr.CP00,HICP annual rate of change,https://ec.europa.eu/eurostat/databrowser/view/prc_hicp_manr/default/table,2026-02-06T23:00:00+0100,final,2026-08-13 18:04:54,2026-02-06T23:00:00+0100
DE.CPI_YOY_M.EUROSTAT,DE,DE,DEU,德国,Germany,CPI_YOY_M,调和居民消费价格指数同比,HICP annual rate of change,2020-02,M,%,NSA,YoY,1.7,Eurostat,prc_hicp_manr,prc_hicp_manr.CP00,HICP annual rate of change,https://ec.europa.eu/eurostat/databrowser/view/prc_hicp_manr/default/table,2026-02-06T23:00:00+0100,final,2026-08-13 18:04:54,2026-02-06T23:00:00+0100
DE.CPI_YOY_M.EUROSTAT,DE,DE,DEU,德国,Germany,CPI_YOY_M,调和居民消费价格指数同比,HICP annual rate of change,2020-03,M,%,NSA,YoY,1.3,Eurostat,prc_hicp_manr,prc_hicp_manr.CP00,HICP annual rate of change,https://ec.europa.eu/eurostat/databrowser/view/prc_hicp_manr/default/table,2026-02-06T23:00:00+0100,final,2026-08-13 18:04:54,2026-02-06T23:00:00+0100
DE.CPI_YOY_M.EUROSTAT,DE,DE,DEU,德国,Germany,CPI_YOY_M,调和居民消费价格指数同比,HICP annual rate of change,2020-04,M,%,NSA,YoY,0.8,Eurostat,prc_hicp_manr,prc_hicp_manr.CP00,HICP annual rate of change,https://ec.europa.eu/eurostat/databrowser/view/prc_hicp_manr/default/table,2026-02-06T23:00:00+0100,final,2026-08-13 18:04:54,2026-02-06T23:00:00+0100
DE.CPI_YOY_M.EUROSTAT,DE,DE,DEU,德国,Germany,CPI_YOY_M,调和居民消费价格指数同比,HICP annual rate of change,2020-05,M,%,NSA,YoY,0.5,Eurostat,prc_hicp_manr,prc_hicp_manr.CP00,HICP annual rate of change,https://ec.europa.eu/eurostat/databrowser/view/prc_hicp_manr/default/table,2026-02-06T23:00:00+0100,final,2026-08-13 18:04:54,2026-02-06T23:00:00+0100
DE.CPI_YOY_M.EUROSTAT,DE,DE,DEU,德国,Germany,CPI_YOY_M,调和居民消费价格指数同比,HICP annual rate of change,2020-06,M,%,NSA,YoY,0.8,Eurostat,prc_hicp_manr,prc_hicp_manr.CP00,HICP annual rate of change,https://ec.europa.eu/eurostat/databrowser/view/prc_hicp_manr/default/table,2026-02-06T23:00:00+0100,final,2026-08-13 18:04:54,2026-02-06T23:00:00+0100
DE.CPI_YOY_M.EUROSTAT,DE,DE,DEU,德国,Germany,CPI_YOY_M,调和居民消费价格指数同比,HICP annual rate of change,2020-07,M,%,NSA,YoY,0.0,Eurostat,prc_hicp_manr,prc_hicp_manr.CP00,HICP annual rate of change,https://ec.europa.eu/eurostat/databrowser/view/prc_hicp_manr/default/table,2026-02-06T23:00:00+0100,final,2026-08-13 18:04:54,2026-02-06T23:00:00+0100
DE.CPI_YOY_M.EUROSTAT,DE,DE,DEU,德国,Germany,CPI_YOY_M,调和居民消费价格指数同比,HICP annual rate of change,2020-08,M,%,NSA,YoY,-0.1,Eurostat,prc_hicp_manr,prc_hicp_manr.CP00,HICP annual rate of change,https://ec.europa.eu/eurostat/databrowser/view/prc_hicp_manr/default/table,2026-02-06T23:00:00+0100,final,2026-08-13 18:04:54,2026-02-06T23:00:00+0100
DE.CPI_YOY_M.EUROSTAT,DE,DE,DEU,德国,Germany,CPI_YOY_M,调和居民消费价格指数同比,HICP annual rate of change,2020-09,M,%,NSA,YoY,-0.4,Eurostat,prc_hicp_manr,prc_hicp_manr.CP00,HICP annual rate of change,https://ec.europa.eu/eurostat/databrowser/view/prc_hicp_manr/default/table,2026-02-06T23:00:00+0100,final,2026-08-13 18:04:54,2026-02-06T23:00:00+0100
DE.CPI_YOY_M.EUROSTAT,DE,DE,DEU,德国,Germany,CPI_YOY_M,调和居民消费价格指数同比,HICP annual rate of change,2020-10,M,%,NSA,YoY,-0.5,Eurostat,prc_hicp_manr,prc_hicp_manr.CP00,HICP annual rate of change,https://ec.europa.eu/eurostat/databrowser/view/prc_hicp_manr/default/table,2026-02-06T23:00:00+0100,final,2026-08-13 18:04:54,2026-02-06T23:00:00+0100
DE.CPI_YOY_M.EUROSTAT,DE,DE,DEU,德国,Germany,CPI_YOY_M,调和居民消费价格指数同比,HICP annual rate of change,2020-11,M,%,NSA,YoY,-0.7,Eurostat,prc_hicp_manr,prc_hicp_manr.CP00,HICP annual rate of change,https://ec.europa.eu/eurostat/databrowser/view/prc_hicp_manr/default/table,2026-02-06T23:00:00+0100,final,2026-08-13 18:04:54,2026-02-06T23:00:00+0100
DE.CPI_YOY_M.EUROSTAT,DE,DE,DEU,德国,Germany,CPI_YOY_M,调和居民消费价格指数同比,HICP annual rate of change,2020-12,M,%,NSA,YoY,-0.7,Eurostat,prc_hicp_manr,prc_hicp_manr.CP00,HICP annual rate of change,https://ec.europa.eu/eurostat/databrowser/view/prc_hicp_manr/default/table,2026-02-06T23:00:00+0100,final,2026-08-13 18:04:54,2026-02-06T23:00:00+0100
DE.CPI_YOY_M.EUROSTAT,DE,DE,DEU,德国,Germany,CPI_YOY_M,调和居民消费价格指数同比,HICP annual rate of change,2021-01,M,%,NSA,YoY,1.6,Eurostat,prc_hicp_manr,prc_hicp_manr.CP00,HICP annual rate of change,https://ec.europa.eu/eurostat/databrowser/view/prc_hicp_manr/default/table,2026-02-06T23:00:00+0100,final,2026-08-13 18:04:54,2026-02-06T23:00:00+0100
DE.CPI_YOY_M.EUROSTAT,DE,DE,DEU,德国,Germany,CPI_YOY_M,调和居民消费价格指数同比,HICP annual rate of change,2021-02,M,%,NSA,YoY,1.6,Eurostat,prc_hicp_manr,prc_hicp_manr.CP00,HICP annual rate of change,https://ec.europa.eu/eurostat/databrowser/view/prc_hicp_manr/default/table,2026-02-06T23:00:00+0100,final,2026-08-13 18:04:54,2026-02-06T23:00:00+0100
DE.CPI_YOY_M.EUROSTAT,DE,DE,DEU,德国,Germany,CPI_YOY_M,调和居民消费价格指数同比,HICP annual rate of change,2021-03,M,%,NSA,YoY,2.0,Eurostat,prc_hicp_manr,prc_hicp_manr.CP00,HICP annual rate of change,https://ec.europa.eu/eurostat/databrowser/view/prc_hicp_manr/default/table,2026-02-06T23:00:00+0100,final,2026-08-13 18:04:54,2026-02-06T23:00:00+0100
DE.CPI_YOY_M.EUROSTAT,DE,DE,DEU,德国,Germany,CPI_YOY_M,调和居民消费价格指数同比,HICP annual rate of change,2021-04,M,%,NSA,YoY,2.1,Eurostat,prc_hicp_manr,prc_hicp_manr.CP00,HICP annual rate of change,https://ec.europa.eu/eurostat/databrowser/view/prc_hicp_manr/default/table,2026-02-06T23:00:00+0100,final,2026-08-13 18:04:54,2026-02-06T23:00:00+0100
DE.CPI_YOY_M.EUROSTAT,DE,DE,DEU,德国,Germany,CPI_YOY_M,调和居民消费价格指数同比,HICP annual rate of change,2021-05,M,%,NSA,YoY,2.4,Eurostat,prc_hicp_manr,prc_hicp_manr.CP00,HICP annual rate of change,https://ec.europa.eu/eurostat/databrowser/view/prc_hicp_manr/default/table,2026-02-06T23:00:00+0100,final,2026-08-13 18:04:54,2026-02-06T23:00:00+0100
DE.CPI_YOY_M.EUROSTAT,DE,DE,DEU,德国,Germany,CPI_YOY_M,调和居民消费价格指数同比,HICP annual rate of change,2021-06,M,%,NSA,YoY,2.1,Eurostat,prc_hicp_manr,prc_hicp_manr.CP00,HICP annual rate of change,https://ec.europa.eu/eurostat/databrowser/view/prc_hicp_manr/default/table,2026-02-06T23:00:00+0100,final,2026-08-13 18:04:54,2026-02-06T23:00:00+0100
DE.CPI_YOY_M.EUROSTAT,DE,DE,DEU,德国,Germany,CPI_YOY_M,调和居民消费价格指数同比,HICP annual rate of change,2021-07,M,%,NSA,YoY,3.1,Eurostat,prc_hicp_manr,prc_hicp_manr.CP00,HICP annual rate of change,https://ec.europa.eu/eurostat/databrowser/view/prc_hicp_manr/default/table,2026-02-06T23:00:00+0100,final,2026-08-13 18:04:54,2026-02-06T23:00:00+0100
DE.CPI_YOY_M.EUROSTAT,DE,DE,DEU,德国,Germany,CPI_YOY_M,调和居民消费价格指数同比,HICP annual rate of change,2021-08,M,%,NSA,YoY,3.4,Eurostat,prc_hicp_manr,prc_hicp_manr.CP00,HICP annual rate of change,https://ec.europa.eu/eurostat/databrowser/view/prc_hicp_manr/default/table,2026-02-06T23:00:00+0100,final,2026-08-13 18:04:54,2026-02-06T23:00:00+0100
DE.CPI_YOY_M.EUROSTAT,DE,DE,DEU,德国,Germany,CPI_YOY_M,调和居民消费价格指数同比,HICP annual rate of change,2021-09,M,%,NSA,YoY,4.1,Eurostat,prc_hicp_manr,prc_hicp_manr.CP00,HICP annual rate of change,https://ec.europa.eu/eurostat/databrowser/view/prc_hicp_manr/default/table,2026-02-06T23:00:00+0100,final,2026-08-13 18:04:54,2026-02-06T23:00:00+0100
DE.CPI_YOY_M.EUROSTAT,DE,DE,DEU,德国,Germany,CPI_YOY_M,调和居民消费价格指数同比,HICP annual rate of change,2021-10,M,%,NSA,YoY,4.6,Eurostat,prc_hicp_manr,prc_hicp_manr.CP00,HICP annual rate of change,https://ec.europa.eu/eurostat/databrowser/view/prc_hicp_manr/default/table,2026-02-06T23:00:00+0100,final,2026-08-13 18:04:54,2026-02-06T23:00:00+0100
DE.CPI_YOY_M.EUROSTAT,DE,DE,DEU,德国,Germany,CPI_YOY_M,调和居民消费价格指数同比,HICP annual rate of change,2021-11,M,%,NSA,YoY,6.0,Eurostat,prc_hicp_manr,prc_hicp_manr.CP00,HICP annual rate of change,https://ec.europa.eu/eurostat/databrowser/view/prc_hicp_manr/default/table,2026-02-06T23:00:00+0100,final,2026-08-13 18:04:54,2026-02-06T23:00:00+0100
DE.CPI_YOY_M.EUROSTAT,DE,DE,DEU,德国,Germany,CPI_YOY_M,调和居民消费价格指数同比,HICP annual rate of change,2021-12,M,%,NSA,YoY,5.7,Eurostat,prc_hicp_manr,prc_hicp_manr.CP00,HICP annual rate of change,https://ec.europa.eu/eurostat/databrowser/view/prc_hicp_manr/default/table,2026-02-06T23:00:00+0100,final,2026-08-13 18:04:54,2026-02-06T23:00:00+0100
DE.CPI_YOY_M.EUROSTAT,DE,DE,DEU,德国,Germany,CPI_YOY_M,调和居民消费价格指数同比,HICP annual rate of change,2022-01,M,%,NSA,YoY,5.1,Eurostat,prc_hicp_manr,prc_hicp_manr.CP00,HICP annual rate of change,https://ec.europa.eu/eurostat/databrowser/view/prc_hicp_manr/default/table,2026-02-06T23:00:00+0100,final,2026-08-13 18:04:54,2026-02-06T23:00:00+0100
DE.CPI_YOY_M.EUROSTAT,DE,DE,DEU,德国,Germany,CPI_YOY_M,调和居民消费价格指数同比,HICP annual rate of change,2022-02,M,%,NSA,YoY,5.5,Eurostat,prc_hicp_manr,prc_hicp_manr.CP00,HICP annual rate of change,https://ec.europa.eu/eurostat/databrowser/view/prc_hicp_manr/default/table,2026-02-06T23:00:00+0100,final,2026-08-13 18:04:54,2026-02-06T23:00:00+0100
DE.CPI_YOY_M.EUROSTAT,DE,DE,DEU,德国,Germany,CPI_YOY_M,调和居民消费价格指数同比,HICP annual rate of change,2022-03,M,%,NSA,YoY,7.6,Eurostat,prc_hicp_manr,prc_hicp_manr.CP00,HICP annual rate of change,https://ec.europa.eu/eurostat/databrowser/view/prc_hicp_manr/default/table,2026-02-06T23:00:00+0100,final,2026-08-13 18:04:54,2026-02-06T23:00:00+0100
DE.CPI_YOY_M.EUROSTAT,DE,DE,DEU,德国,Germany,CPI_YOY_M,调和居民消费价格指数同比,HICP annual rate of change,2022-04,M,%,NSA,YoY,7.8,Eurostat,prc_hicp_manr,prc_hicp_manr.CP00,HICP annual rate of change,https://ec.europa.eu/eurostat/databrowser/view/prc_hicp_manr/default/table,2026-02-06T23:00:00+0100,final,2026-08-13 18:04:54,2026-02-06T23:00:00+0100
DE.CPI_YOY_M.EUROSTAT,DE,DE,DEU,德国,Germany,CPI_YOY_M,调和居民消费价格指数同比,HICP annual rate of change,2022-05,M,%,NSA,YoY,8.7,Eurostat,prc_hicp_manr,prc_hicp_manr.CP00,HICP annual rate of change,https://ec.europa.eu/eurostat/databrowser/view/prc_hicp_manr/default/table,2026-02-06T23:00:00+0100,final,2026-08-13 18:04:54,2026-02-06T23:00:00+0100
DE.CPI_YOY_M.EUROSTAT,DE,DE,DEU,德国,Germany,CPI_YOY_M,调和居民消费价格指数同比,HICP annual rate of change,2022-06,M,%,NSA,YoY,8.2,Eurostat,prc_hicp_manr,prc_hicp_manr.CP00,HICP annual rate of change,https://ec.europa.eu/eurostat/databrowser/view/prc_hicp_manr/default/table,2026-02-06T23:00:00+0100,final,2026-08-13 18:04:54,2026-02-06T23:00:00+0100
DE.CPI_YOY_M.EUROSTAT,DE,DE,DEU,德国,Germany,CPI_YOY_M,调和居民消费价格指数同比,HICP annual rate of change,2022-07,M,%,NSA,YoY,8.5,Eurostat,prc_hicp_manr,prc_hicp_manr.CP00,HICP annual rate of change,https://ec.europa.eu/eurostat/databrowser/view/prc_hicp_manr/default/table,2026-02-06T23:00:00+0100,final,2026-08-13 18:04:54,2026-02-06T23:00:00+0100
DE.CPI_YOY_M.EUROSTAT,DE,DE,DEU,德国,Germany,CPI_YOY_M,调和居民消费价格指数同比,HICP annual rate of change,2022-08,M,%,NSA,YoY,8.8,Eurostat,prc_hicp_manr,prc_hicp_manr.CP00,HICP annual rate of change,https://ec.europa.eu/eurostat/databrowser/view/prc_hicp_manr/default/table,2026-02-06T23:00:00+0100,final,2026-08-13 18:04:54,2026-02-06T23:00:00+0100
DE.CPI_YOY_M.EUROSTAT,DE,DE,DEU,德国,Germany,CPI_YOY_M,调和居民消费价格指数同比,HICP annual rate of change,2022-09,M,%,NSA,YoY,10.9,Eurostat,prc_hicp_manr,prc_hicp_manr.CP00,HICP annual rate of change,https://ec.europa.eu/eurostat/databrowser/view/prc_hicp_manr/default/table,2026-02-06T23:00:00+0100,final,2026-08-13 18:04:54,2026-02-06T23:00:00+0100
DE.CPI_YOY_M.EUROSTAT,DE,DE,DEU,德国,Germany,CPI_YOY_M,调和居民消费价格指数同比,HICP annual rate of change,2022-10,M,%,NSA,YoY,11.6,Eurostat,prc_hicp_manr,prc_hicp_manr.CP00,HICP annual rate of change,https://ec.europa.eu/eurostat/databrowser/view/prc_hicp_manr/default/table,2026-02-06T23:00:00+0100,final,2026-08-13 18:04:54,2026-02-06T23:00:00+0100
DE.CPI_YOY_M.EUROSTAT,DE,DE,DEU,德国,Germany,CPI_YOY_M,调和居民消费价格指数同比,HICP annual rate of change,2022-11,M,%,NSA,YoY,11.3,Eurostat,prc_hicp_manr,prc_hicp_manr.CP00,HICP annual rate of change,https://ec.europa.eu/eurostat/databrowser/view/prc_hicp_manr/default/table,2026-02-06T23:00:00+0100,final,2026-08-13 18:04:54,2026-02-06T23:00:00+0100
DE.CPI_YOY_M.EUROSTAT,DE,DE,DEU,德国,Germany,CPI_YOY_M,调和居民消费价格指数同比,HICP annual rate of change,2022-12,M,%,NSA,YoY,9.6,Eurostat,prc_hicp_manr,prc_hicp_manr.CP00,HICP annual rate of change,https://ec.europa.eu/eurostat/databrowser/view/prc_hicp_manr/default/table,2026-02-06T23:00:00+0100,final,2026-08-13 18:04:54,2026-02-06T23:00:00+0100
DE.CPI_YOY_M.EUROSTAT,DE,DE,DEU,德国,Germany,CPI_YOY_M,调和居民消费价格指数同比,HICP annual rate of change,2023-01,M,%,NSA,YoY,9.2,Eurostat,prc_hicp_manr,prc_hicp_manr.CP00,HICP annual rate of change,https://ec.europa.eu/eurostat/databrowser/view/prc_hicp_manr/default/table,2026-02-06T23:00:00+0100,final,2026-08-13 18:04:54,2026-02-06T23:00:00+0100
DE.CPI_YOY_M.EUROSTAT,DE,DE,DEU,德国,Germany,CPI_YOY_M,调和居民消费价格指数同比,HICP annual rate of change,2023-02,M,%,NSA,YoY,9.3,Eurostat,prc_hicp_manr,prc_hicp_manr.CP00,HICP annual rate of change,https://ec.europa.eu/eurostat/databrowser/view/prc_hicp_manr/default/table,2026-02-06T23:00:00+0100,final,2026-08-13 18:04:54,2026-02-06T23:00:00+0100
DE.CPI_YOY_M.EUROSTAT,DE,DE,DEU,德国,Germany,CPI_YOY_M,调和居民消费价格指数同比,HICP annual rate of change,2023-03,M,%,NSA,YoY,7.8,Eurostat,prc_hicp_manr,prc_hicp_manr.CP00,HICP annual rate of change,https://ec.europa.eu/eurostat/databrowser/view/prc_hicp_manr/default/table,2026-02-06T23:00:00+0100,final,2026-08-13 18:04:54,2026-02-06T23:00:00+0100
DE.CPI_YOY_M.EUROSTAT,DE,DE,DEU,德国,Germany,CPI_YOY_M,调和居民消费价格指数同比,HICP annual rate of change,2023-04,M,%,NSA,YoY,7.6,Eurostat,prc_hicp_manr,prc_hicp_manr.CP00,HICP annual rate of change,https://ec.europa.eu/eurostat/databrowser/view/prc_hicp_manr/default/table,2026-02-06T23:00:00+0100,final,2026-08-13 18:04:54,2026-02-06T23:00:00+0100
DE.CPI_YOY_M.EUROSTAT,DE,DE,DEU,德国,Germany,CPI_YOY_M,调和居民消费价格指数同比,HICP annual rate of change,2023-05,M,%,NSA,YoY,6.3,Eurostat,prc_hicp_manr,prc_hicp_manr.CP00,HICP annual rate of change,https://ec.europa.eu/eurostat/databrowser/view/prc_hicp_manr/default/table,2026-02-06T23:00:00+0100,final,2026-08-13 18:04:54,2026-02-06T23:00:00+0100
DE.CPI_YOY_M.EUROSTAT,DE,DE,DEU,德国,Germany,CPI_YOY_M,调和居民消费价格指数同比,HICP annual rate of change,2023-06,M,%,NSA,YoY,6.8,Eurostat,prc_hicp_manr,prc_hicp_manr.CP00,HICP annual rate of change,https://ec.europa.eu/eurostat/databrowser/view/prc_hicp_manr/default/table,2026-02-06T23:00:00+0100,final,2026-08-13 18:04:54,2026-02-06T23:00:00+0100
DE.CPI_YOY_M.EUROSTAT,DE,DE,DEU,德国,Germany,CPI_YOY_M,调和居民消费价格指数同比,HICP annual rate of change,2023-07,M,%,NSA,YoY,6.5,Eurostat,prc_hicp_manr,prc_hicp_manr.CP00,HICP annual rate of change,https://ec.europa.eu/eurostat/databrowser/view/prc_hicp_manr/default/table,2026-02-06T23:00:00+0100,final,2026-08-13 18:04:54,2026-02-06T23:00:00+0100
DE.CPI_YOY_M.EUROSTAT,DE,DE,DEU,德国,Germany,CPI_YOY_M,调和居民消费价格指数同比,HICP annual rate of change,2023-08,M,%,NSA,YoY,6.4,Eurostat,prc_hicp_manr,prc_hicp_manr.CP00,HICP annual rate of change,https://ec.europa.eu/eurostat/databrowser/view/prc_hicp_manr/default/table,2026-02-06T23:00:00+0100,final,2026-08-13 18:04:54,2026-02-06T23:00:00+0100
DE.CPI_YOY_M.EUROSTAT,DE,DE,DEU,德国,Germany,CPI_YOY_M,调和居民消费价格指数同比,HICP annual rate of change,2023-09,M,%,NSA,YoY,4.3,Eurostat,prc_hicp_manr,prc_hicp_manr.CP00,HICP annual rate of change,https://ec.europa.eu/eurostat/databrowser/view/prc_hicp_manr/default/table,2026-02-06T23:00:00+0100,final,2026-08-13 18:04:54,2026-02-06T23:00:00+0100
DE.CPI_YOY_M.EUROSTAT,DE,DE,DEU,德国,Germany,CPI_YOY_M,调和居民消费价格指数同比,HICP annual rate of change,2023-10,M,%,NSA,YoY,3.0,Eurostat,prc_hicp_manr,prc_hicp_manr.CP00,HICP annual rate of change,https://ec.europa.eu/eurostat/databrowser/view/prc_hicp_manr/default/table,2026-02-06T23:00:00+0100,final,2026-08-13 18:04:54,2026-02-06T23:00:00+0100
DE.CPI_YOY_M.EUROSTAT,DE,DE,DEU,德国,Germany,CPI_YOY_M,调和居民消费价格指数同比,HICP annual rate of change,2023-11,M,%,NSA,YoY,2.3,Eurostat,prc_hicp_manr,prc_hicp_manr.CP00,HICP annual rate of change,https://ec.europa.eu/eurostat/databrowser/view/prc_hicp_manr/default/table,2026-02-06T23:00:00+0100,final,2026-08-13 18:04:54,2026-02-06T23:00:00+0100
DE.CPI_YOY_M.EUROSTAT,DE,DE,DEU,德国,Germany,CPI_YOY_M,调和居民消费价格指数同比,HICP annual rate of change,2023-12,M,%,NSA,YoY,3.8,Eurostat,prc_hicp_manr,prc_hicp_manr.CP00,HICP annual rate of change,https://ec.europa.eu/eurostat/databrowser/view/prc_hicp_manr/default/table,2026-02-06T23:00:00+0100,final,2026-08-13 18:04:54,2026-02-06T23:00:00+0100
DE.CPI_YOY_M.EUROSTAT,DE,DE,DEU,德国,Germany,CPI_YOY_M,调和居民消费价格指数同比,HICP annual rate of change,2024-01,M,%,NSA,YoY,3.1,Eurostat,prc_hicp_manr,prc_hicp_manr.CP00,HICP annual rate of change,https://ec.europa.eu/eurostat/databrowser/view/prc_hicp_manr/default/table,2026-02-06T23:00:00+0100,final,2026-08-13 18:04:54,2026-02-06T23:00:00+0100
DE.CPI_YOY_M.EUROSTAT,DE,DE,DEU,德国,Germany,CPI_YOY_M,调和居民消费价格指数同比,HICP annual rate of change,2024-02,M,%,NSA,YoY,2.7,Eurostat,prc_hicp_manr,prc_hicp_manr.CP00,HICP annual rate of change,https://ec.europa.eu/eurostat/databrowser/view/prc_hicp_manr/default/table,2026-02-06T23:00:00+0100,final,2026-08-13 18:04:54,2026-02-06T23:00:00+0100
DE.CPI_YOY_M.EUROSTAT,DE,DE,DEU,德国,Germany,CPI_YOY_M,调和居民消费价格指数同比,HICP annual rate of change,2024-03,M,%,NSA,YoY,2.3,Eurostat,prc_hicp_manr,prc_hicp_manr.CP00,HICP annual rate of change,https://ec.europa.eu/eurostat/databrowser/view/prc_hicp_manr/default/table,2026-02-06T23:00:00+0100,final,2026-08-13 18:04:54,2026-02-06T23:00:00+0100
DE.CPI_YOY_M.EUROSTAT,DE,DE,DEU,德国,Germany,CPI_YOY_M,调和居民消费价格指数同比,HICP annual rate of change,2024-04,M,%,NSA,YoY,2.4,Eurostat,prc_hicp_manr,prc_hicp_manr.CP00,HICP annual rate of change,https://ec.europa.eu/eurostat/databrowser/view/prc_hicp_manr/default/table,2026-02-06T23:00:00+0100,final,2026-08-13 18:04:54,2026-02-06T23:00:00+0100
DE.CPI_YOY_M.EUROSTAT,DE,DE,DEU,德国,Germany,CPI_YOY_M,调和居民消费价格指数同比,HICP annual rate of change,2024-05,M,%,NSA,YoY,2.8,Eurostat,prc_hicp_manr,prc_hicp_manr.CP00,HICP annual rate of change,https://ec.europa.eu/eurostat/databrowser/view/prc_hicp_manr/default/table,2026-02-06T23:00:00+0100,final,2026-08-13 18:04:54,2026-02-06T23:00:00+0100
DE.CPI_YOY_M.EUROSTAT,DE,DE,DEU,德国,Germany,CPI_YOY_M,调和居民消费价格指数同比,HICP annual rate of change,2024-06,M,%,NSA,YoY,2.5,Eurostat,prc_hicp_manr,prc_hicp_manr.CP00,HICP annual rate of change,https://ec.europa.eu/eurostat/databrowser/view/prc_hicp_manr/default/table,2026-02-06T23:00:00+0100,final,2026-08-13 18:04:54,2026-02-06T23:00:00+0100
DE.CPI_YOY_M.EUROSTAT,DE,DE,DEU,德国,Germany,CPI_YOY_M,调和居民消费价格指数同比,HICP annual rate of change,2024-07,M,%,NSA,YoY,2.6,Eurostat,prc_hicp_manr,prc_hicp_manr.CP00,HICP annual rate of change,https://ec.europa.eu/eurostat/databrowser/view/prc_hicp_manr/default/table,2026-02-06T23:00:00+0100,final,2026-08-13 18:04:54,2026-02-06T23:00:00+0100
DE.CPI_YOY_M.EUROSTAT,DE,DE,DEU,德国,Germany,CPI_YOY_M,调和居民消费价格指数同比,HICP annual rate of change,2024-08,M,%,NSA,YoY,2.0,Eurostat,prc_hicp_manr,prc_hicp_manr.CP00,HICP annual rate of change,https://ec.europa.eu/eurostat/databrowser/view/prc_hicp_manr/default/table,2026-02-06T23:00:00+0100,final,2026-08-13 18:04:54,2026-02-06T23:00:00+0100
DE.CPI_YOY_M.EUROSTAT,DE,DE,DEU,德国,Germany,CPI_YOY_M,调和居民消费价格指数同比,HICP annual rate of change,2024-09,M,%,NSA,YoY,1.8,Eurostat,prc_hicp_manr,prc_hicp_manr.CP00,HICP annual rate of change,https://ec.europa.eu/eurostat/databrowser/view/prc_hicp_manr/default/table,2026-02-06T23:00:00+0100,final,2026-08-13 18:04:54,2026-02-06T23:00:00+0100
DE.CPI_YOY_M.EUROSTAT,DE,DE,DEU,德国,Germany,CPI_YOY_M,调和居民消费价格指数同比,HICP annual rate of change,2024-10,M,%,NSA,YoY,2.4,Eurostat,prc_hicp_manr,prc_hicp_manr.CP00,HICP annual rate of change,https://ec.europa.eu/eurostat/databrowser/view/prc_hicp_manr/default/table,2026-02-06T23:00:00+0100,final,2026-08-13 18:04:54,2026-02-06T23:00:00+0100
DE.CPI_YOY_M.EUROSTAT,DE,DE,DEU,德国,Germany,CPI_YOY_M,调和居民消费价格指数同比,HICP annual rate of change,2024-11,M,%,NSA,YoY,2.4,Eurostat,prc_hicp_manr,prc_hicp_manr.CP00,HICP annual rate of change,https://ec.europa.eu/eurostat/databrowser/view/prc_hicp_manr/default/table,2026-02-06T23:00:00+0100,final,2026-08-13 18:04:54,2026-02-06T23:00:00+0100
DE.CPI_YOY_M.EUROSTAT,DE,DE,DEU,德国,Germany,CPI_YOY_M,调和居民消费价格指数同比,HICP annual rate of change,2024-12,M,%,NSA,YoY,2.8,Eurostat,prc_hicp_manr,prc_hicp_manr.CP00,HICP annual rate of change,https://ec.europa.eu/eurostat/databrowser/view/prc_hicp_manr/default/table,2026-02-06T23:00:00+0100,final,2026-08-13 18:04:54,2026-02-06T23:00:00+0100
DE.CPI_YOY_M.EUROSTAT,DE,DE,DEU,德国,Germany,CPI_YOY_M,调和居民消费价格指数同比,HICP annual rate of change,2025-01,M,%,NSA,YoY,2.8,Eurostat,prc_hicp_manr,prc_hicp_manr.CP00,HICP annual rate of change,https://ec.europa.eu/eurostat/databrowser/view/prc_hicp_manr/default/table,2026-02-06T23:00:00+0100,final,2026-08-13 18:04:54,2026-02-06T23:00:00+0100
DE.CPI_YOY_M.EUROSTAT,DE,DE,DEU,德国,Germany,CPI_YOY_M,调和居民消费价格指数同比,HICP annual rate of change,2025-02,M,%,NSA,YoY,2.6,Eurostat,prc_hicp_manr,prc_hicp_manr.CP00,HICP annual rate of change,https://ec.europa.eu/eurostat/databrowser/view/prc_hicp_manr/default/table,2026-02-06T23:00:00+0100,final,2026-08-13 18:04:54,2026-02-06T23:00:00+0100
DE.CPI_YOY_M.EUROSTAT,DE,DE,DEU,德国,Germany,CPI_YOY_M,调和居民消费价格指数同比,HICP annual rate of change,2025-03,M,%,NSA,YoY,2.3,Eurostat,prc_hicp_manr,prc_hicp_manr.CP00,HICP annual rate of change,https://ec.europa.eu/eurostat/databrowser/view/prc_hicp_manr/default/table,2026-02-06T23:00:00+0100,final,2026-08-13 18:04:54,2026-02-06T23:00:00+0100
DE.CPI_YOY_M.EUROSTAT,DE,DE,DEU,德国,Germany,CPI_YOY_M,调和居民消费价格指数同比,HICP annual rate of change,2025-04,M,%,NSA,YoY,2.2,Eurostat,prc_hicp_manr,prc_hicp_manr.CP00,HICP annual rate of change,https://ec.europa.eu/eurostat/databrowser/view/prc_hicp_manr/default/table,2026-02-06T23:00:00+0100,final,2026-08-13 18:04:54,2026-02-06T23:00:00+0100
DE.CPI_YOY_M.EUROSTAT,DE,DE,DEU,德国,Germany,CPI_YOY_M,调和居民消费价格指数同比,HICP annual rate of change,2025-05,M,%,NSA,YoY,2.1,Eurostat,prc_hicp_manr,prc_hicp_manr.CP00,HICP annual rate of change,https://ec.europa.eu/eurostat/databrowser/view/prc_hicp_manr/default/table,2026-02-06T23:00:00+0100,final,2026-08-13 18:04:54,2026-02-06T23:00:00+0100
DE.CPI_YOY_M.EUROSTAT,DE,DE,DEU,德国,Germany,CPI_YOY_M,调和居民消费价格指数同比,HICP annual rate of change,2025-06,M,%,NSA,YoY,2.0,Eurostat,prc_hicp_manr,prc_hicp_manr.CP00,HICP annual rate of change,https://ec.europa.eu/eurostat/databrowser/view/prc_hicp_manr/default/table,2026-02-06T23:00:00+0100,final,2026-08-13 18:04:54,2026-02-06T23:00:00+0100
DE.CPI_YOY_M.EUROSTAT,DE,DE,DEU,德国,Germany,CPI_YOY_M,调和居民消费价格指数同比,HICP annual rate of change,2025-07,M,%,NSA,YoY,1.8,Eurostat,prc_hicp_manr,prc_hicp_manr.CP00,HICP annual rate of change,https://ec.europa.eu/eurostat/databrowser/view/prc_hicp_manr/default/table,2026-02-06T23:00:00+0100,final,2026-08-13 18:04:54,2026-02-06T23:00:00+0100
DE.CPI_YOY_M.EUROSTAT,DE,DE,DEU,德国,Germany,CPI_YOY_M,调和居民消费价格指数同比,HICP annual rate of change,2025-08,M,%,NSA,YoY,2.1,Eurostat,prc_hicp_manr,prc_hicp_manr.CP00,HICP annual rate of change,https://ec.europa.eu/eurostat/databrowser/view/prc_hicp_manr/default/table,2026-02-06T23:00:00+0100,final,2026-08-13 18:04:54,2026-02-06T23:00:00+0100
DE.CPI_YOY_M.EUROSTAT,DE,DE,DEU,德国,Germany,CPI_YOY_M,调和居民消费价格指数同比,HICP annual rate of change,2025-09,M,%,NSA,YoY,2.4,Eurostat,prc_hicp_manr,prc_hicp_manr.CP00,HICP annual rate of change,https://ec.europa.eu/eurostat/databrowser/view/prc_hicp_manr/default/table,2026-02-06T23:00:00+0100,final,2026-08-13 18:04:54,2026-02-06T23:00:00+0100
DE.CPI_YOY_M.EUROSTAT,DE,DE,DEU,德国,Germany,CPI_YOY_M,调和居民消费价格指数同比,HICP annual rate of change,2025-10,M,%,NSA,YoY,2.3,Eurostat,prc_hicp_manr,prc_hicp_manr.CP00,HICP annual rate of change,https://ec.europa.eu/eurostat/databrowser/view/prc_hicp_manr/default/table,2026-02-06T23:00:00+0100,final,2026-08-13 18:04:54,2026-02-06T23:00:00+0100
DE.CPI_YOY_M.EUROSTAT,DE,DE,DEU,德国,Germany,CPI_YOY_M,调和居民消费价格指数同比,HICP annual rate of change,2025-11,M,%,NSA,YoY,2.6,Eurostat,prc_hicp_manr,prc_hicp_manr.CP00,HICP annual rate of change,https://ec.europa.eu/eurostat/databrowser/view/prc_hicp_manr/default/table,2026-02-06T23:00:00+0100,final,2026-08-13 18:04:54,2026-02-06T23:00:00+0100
DE.CPI_YOY_M.EUROSTAT,DE,DE,DEU,德国,Germany,CPI_YOY_M,调和居民消费价格指数同比,HICP annual rate of change,2025-12,M,%,NSA,YoY,2.0,Eurostat,prc_hicp_manr,prc_hicp_manr.CP00,HICP annual rate of change,https://ec.europa.eu/eurostat/databrowser/view/prc_hicp_manr/default/table,2026-02-06T23:00:00+0100,final,2026-08-13 18:04:54,2026-02-06T23:00:00+0100
ES.CPI_YOY_M.EUROSTAT,ES,ES,ESP,西班牙,Spain,CPI_YOY_M,调和居民消费价格指数同比,HICP annual rate of change,2015-01,M,%,NSA,YoY,-1.5,Eurostat,prc_hicp_manr,prc_hicp_manr.CP00,HICP annual rate of change,https://ec.europa.eu/eurostat/databrowser/view/prc_hicp_manr/default/table,2026-02-06T23:00:00+0100,final,2026-08-13 18:04:54,2026-02-06T23:00:00+0100
ES.CPI_YOY_M.EUROSTAT,ES,ES,ESP,西班牙,Spain,CPI_YOY_M,调和居民消费价格指数同比,HICP annual rate of change,2015-02,M,%,NSA,YoY,-1.2,Eurostat,prc_hicp_manr,prc_hicp_manr.CP00,HICP annual rate of change,https://ec.europa.eu/eurostat/databrowser/view/prc_hicp_manr/default/table,2026-02-06T23:00:00+0100,final,2026-08-13 18:04:54,2026-02-06T23:00:00+0100
ES.CPI_YOY_M.EUROSTAT,ES,ES,ESP,西班牙,Spain,CPI_YOY_M,调和居民消费价格指数同比,HICP annual rate of change,2015-03,M,%,NSA,YoY,-0.8,Eurostat,prc_hicp_manr,prc_hicp_manr.CP00,HICP annual rate of change,https://ec.europa.eu/eurostat/databrowser/view/prc_hicp_manr/default/table,2026-02-06T23:00:00+0100,final,2026-08-13 18:04:54,2026-02-06T23:00:00+0100
ES.CPI_YOY_M.EUROSTAT,ES,ES,ESP,西班牙,Spain,CPI_YOY_M,调和居民消费价格指数同比,HICP annual rate of change,2015-04,M,%,NSA,YoY,-0.7,Eurostat,prc_hicp_manr,prc_hicp_manr.CP00,HICP annual rate of change,https://ec.europa.eu/eurostat/databrowser/view/prc_hicp_manr/default/table,2026-02-06T23:00:00+0100,final,2026-08-13 18:04:54,2026-02-06T23:00:00+0100
ES.CPI_YOY_M.EUROSTAT,ES,ES,ESP,西班牙,Spain,CPI_YOY_M,调和居民消费价格指数同比,HICP annual rate of change,2015-05,M,%,NSA,YoY,-0.3,Eurostat,prc_hicp_manr,prc_hicp_manr.CP00,HICP annual rate of change,https://ec.europa.eu/eurostat/databrowser/view/prc_hicp_manr/default/table,2026-02-06T23:00:00+0100,final,2026-08-13 18:04:54,2026-02-06T23:00:00+0100
ES.CPI_YOY_M.EUROSTAT,ES,ES,ESP,西班牙,Spain,CPI_YOY_M,调和居民消费价格指数同比,HICP annual rate of change,2015-06,M,%,NSA,YoY,0.0,Eurostat,prc_hicp_manr,prc_hicp_manr.CP00,HICP annual rate of change,https://ec.europa.eu/eurostat/databrowser/view/prc_hicp_manr/default/table,2026-02-06T23:00:00+0100,final,2026-08-13 18:04:54,2026-02-06T23:00:00+0100
ES.CPI_YOY_M.EUROSTAT,ES,ES,ESP,西班牙,Spain,CPI_YOY_M,调和居民消费价格指数同比,HICP annual rate of change,2015-07,M,%,NSA,YoY,0.0,Eurostat,prc_hicp_manr,prc_hicp_manr.CP00,HICP annual rate of change,https://ec.europa.eu/eurostat/databrowser/view/prc_hicp_manr/default/table,2026-02-06T23:00:00+0100,final,2026-08-13 18:04:54,2026-02-06T23:00:00+0100
ES.CPI_YOY_M.EUROSTAT,ES,ES,ESP,西班牙,Spain,CPI_YOY_M,调和居民消费价格指数同比,HICP annual rate of change,2015-08,M,%,NSA,YoY,-0.5,Eurostat,prc_hicp_manr,prc_hicp_manr.CP00,HICP annual rate of change,https://ec.europa.eu/eurostat/databrowser/view/prc_hicp_manr/default/table,2026-02-06T23:00:00+0100,final,2026-08-13 18:04:54,2026-02-06T23:00:00+0100
ES.CPI_YOY_M.EUROSTAT,ES,ES,ESP,西班牙,Spain,CPI_YOY_M,调和居民消费价格指数同比,HICP annual rate of change,2015-09,M,%,NSA,YoY,-1.1,Eurostat,prc_hicp_manr,prc_hicp_manr.CP00,HICP annual rate of change,https://ec.europa.eu/eurostat/databrowser/view/prc_hicp_manr/default/table,2026-02-06T23:00:00+0100,final,2026-08-13 18:04:54,2026-02-06T23:00:00+0100
ES.CPI_YOY_M.EUROSTAT,ES,ES,ESP,西班牙,Spain,CPI_YOY_M,调和居民消费价格指数同比,HICP annual rate of change,2015-10,M,%,NSA,YoY,-0.9,Eurostat,prc_hicp_manr,prc_hicp_manr.CP00,HICP annual rate of change,https://ec.europa.eu/eurostat/databrowser/view/prc_hicp_manr/default/table,2026-02-06T23:00:00+0100,final,2026-08-13 18:04:54,2026-02-06T23:00:00+0100
ES.CPI_YOY_M.EUROSTAT,ES,ES,ESP,西班牙,Spain,CPI_YOY_M,调和居民消费价格指数同比,HICP annual rate of change,2015-11,M,%,NSA,YoY,-0.4,Eurostat,prc_hicp_manr,prc_hicp_manr.CP00,HICP annual rate of change,https://ec.europa.eu/eurostat/databrowser/view/prc_hicp_manr/default/table,2026-02-06T23:00:00+0100,final,2026-08-13 18:04:54,2026-02-06T23:00:00+0100
ES.CPI_YOY_M.EUROSTAT,ES,ES,ESP,西班牙,Spain,CPI_YOY_M,调和居民消费价格指数同比,HICP annual rate of change,2015-12,M,%,NSA,YoY,-0.1,Eurostat,prc_hicp_manr,prc_hicp_manr.CP00,HICP annual rate of change,https://ec.europa.eu/eurostat/databrowser/view/prc_hicp_manr/default/table,2026-02-06T23:00:00+0100,final,2026-08-13 18:04:54,2026-02-06T23:00:00+0100
ES.CPI_YOY_M.EUROSTAT,ES,ES,ESP,西班牙,Spain,CPI_YOY_M,调和居民消费价格指数同比,HICP annual rate of change,2016-01,M,%,NSA,YoY,-0.4,Eurostat,prc_hicp_manr,prc_hicp_manr.CP00,HICP annual rate of change,https://ec.europa.eu/eurostat/databrowser/view/prc_hicp_manr/default/table,2026-02-06T23:00:00+0100,final,2026-08-13 18:04:54,2026-02-06T23:00:00+0100
ES.CPI_YOY_M.EUROSTAT,ES,ES,ESP,西班牙,Spain,CPI_YOY_M,调和居民消费价格指数同比,HICP annual rate of change,2016-02,M,%,NSA,YoY,-1.0,Eurostat,prc_hicp_manr,prc_hicp_manr.CP00,HICP annual rate of change,https://ec.europa.eu/eurostat/databrowser/view/prc_hicp_manr/default/table,2026-02-06T23:00:00+0100,final,2026-08-13 18:04:54,2026-02-06T23:00:00+0100
ES.CPI_YOY_M.EUROSTAT,ES,ES,ESP,西班牙,Spain,CPI_YOY_M,调和居民消费价格指数同比,HICP annual rate of change,2016-03,M,%,NSA,YoY,-1.0,Eurostat,prc_hicp_manr,prc_hicp_manr.CP00,HICP annual rate of change,https://ec.europa.eu/eurostat/databrowser/view/prc_hicp_manr/default/table,2026-02-06T23:00:00+0100,final,2026-08-13 18:04:54,2026-02-06T23:00:00+0100
ES.CPI_YOY_M.EUROSTAT,ES,ES,ESP,西班牙,Spain,CPI_YOY_M,调和居民消费价格指数同比,HICP annual rate of change,2016-04,M,%,NSA,YoY,-1.2,Eurostat,prc_hicp_manr,prc_hicp_manr.CP00,HICP annual rate of change,https://ec.europa.eu/eurostat/databrowser/view/prc_hicp_manr/default/table,2026-02-06T23:00:00+0100,final,2026-08-13 18:04:54,2026-02-06T23:00:00+0100
ES.CPI_YOY_M.EUROSTAT,ES,ES,ESP,西班牙,Spain,CPI_YOY_M,调和居民消费价格指数同比,HICP annual rate of change,2016-05,M,%,NSA,YoY,-1.1,Eurostat,prc_hicp_manr,prc_hicp_manr.CP00,HICP annual rate of change,https://ec.europa.eu/eurostat/databrowser/view/prc_hicp_manr/default/table,2026-02-06T23:00:00+0100,final,2026-08-13 18:04:54,2026-02-06T23:00:00+0100
ES.CPI_YOY_M.EUROSTAT,ES,ES,ESP,西班牙,Spain,CPI_YOY_M,调和居民消费价格指数同比,HICP annual rate of change,2016-06,M,%,NSA,YoY,-0.9,Eurostat,prc_hicp_manr,prc_hicp_manr.CP00,HICP annual rate of change,https://ec.europa.eu/eurostat/databrowser/view/prc_hicp_manr/default/table,2026-02-06T23:00:00+0100,final,2026-08-13 18:04:54,2026-02-06T23:00:00+0100
ES.CPI_YOY_M.EUROSTAT,ES,ES,ESP,西班牙,Spain,CPI_YOY_M,调和居民消费价格指数同比,HICP annual rate of change,2016-07,M,%,NSA,YoY,-0.7,Eurostat,prc_hicp_manr,prc_hicp_manr.CP00,HICP annual rate of change,https://ec.europa.eu/eurostat/databrowser/view/prc_hicp_manr/default/table,2026-02-06T23:00:00+0100,final,2026-08-13 18:04:54,2026-02-06T23:00:00+0100
ES.CPI_YOY_M.EUROSTAT,ES,ES,ESP,西班牙,Spain,CPI_YOY_M,调和居民消费价格指数同比,HICP annual rate of change,2016-08,M,%,NSA,YoY,-0.3,Eurostat,prc_hicp_manr,prc_hicp_manr.CP00,HICP annual rate of change,https://ec.europa.eu/eurostat/databrowser/view/prc_hicp_manr/default/table,2026-02-06T23:00:00+0100,final,2026-08-13 18:04:54,2026-02-06T23:00:00+0100
ES.CPI_YOY_M.EUROSTAT,ES,ES,ESP,西班牙,Spain,CPI_YOY_M,调和居民消费价格指数同比,HICP annual rate of change,2016-09,M,%,NSA,YoY,0.0,Eurostat,prc_hicp_manr,prc_hicp_manr.CP00,HICP annual rate of change,https://ec.europa.eu/eurostat/databrowser/view/prc_hicp_manr/default/table,2026-02-06T23:00:00+0100,final,2026-08-13 18:04:54,2026-02-06T23:00:00+0100
ES.CPI_YOY_M.EUROSTAT,ES,ES,ESP,西班牙,Spain,CPI_YOY_M,调和居民消费价格指数同比,HICP annual rate of change,2016-10,M,%,NSA,YoY,0.5,Eurostat,prc_hicp_manr,prc_hicp_manr.CP00,HICP annual rate of change,https://ec.europa.eu/eurostat/databrowser/view/prc_hicp_manr/default/table,2026-02-06T23:00:00+0100,final,2026-08-13 18:04:54,2026-02-06T23:00:00+0100
ES.CPI_YOY_M.EUROSTAT,ES,ES,ESP,西班牙,Spain,CPI_YOY_M,调和居民消费价格指数同比,HICP annual rate of change,2016-11,M,%,NSA,YoY,0.5,Eurostat,prc_hicp_manr,prc_hicp_manr.CP00,HICP annual rate of change,https://ec.europa.eu/eurostat/databrowser/view/prc_hicp_manr/default/table,2026-02-06T23:00:00+0100,final,2026-08-13 18:04:54,2026-02-06T23:00:00+0100
ES.CPI_YOY_M.EUROSTAT,ES,ES,ESP,西班牙,Spain,CPI_YOY_M,调和居民消费价格指数同比,HICP annual rate of change,2016-12,M,%,NSA,YoY,1.4,Eurostat,prc_hicp_manr,prc_hicp_manr.CP00,HICP annual rate of change,https://ec.europa.eu/eurostat/databrowser/view/prc_hicp_manr/default/table,2026-02-06T23:00:00+0100,final,2026-08-13 18:04:54,2026-02-06T23:00:00+0100
ES.CPI_YOY_M.EUROSTAT,ES,ES,ESP,西班牙,Spain,CPI_YOY_M,调和居民消费价格指数同比,HICP annual rate of change,2017-01,M,%,NSA,YoY,2.9,Eurostat,prc_hicp_manr,prc_hicp_manr.CP00,HICP annual rate of change,https://ec.europa.eu/eurostat/databrowser/view/prc_hicp_manr/default/table,2026-02-06T23:00:00+0100,final,2026-08-13 18:04:54,2026-02-06T23:00:00+0100
ES.CPI_YOY_M.EUROSTAT,ES,ES,ESP,西班牙,Spain,CPI_YOY_M,调和居民消费价格指数同比,HICP annual rate of change,2017-02,M,%,NSA,YoY,3.0,Eurostat,prc_hicp_manr,prc_hicp_manr.CP00,HICP annual rate of change,https://ec.europa.eu/eurostat/databrowser/view/prc_hicp_manr/default/table,2026-02-06T23:00:00+0100,final,2026-08-13 18:04:54,2026-02-06T23:00:00+0100
ES.CPI_YOY_M.EUROSTAT,ES,ES,ESP,西班牙,Spain,CPI_YOY_M,调和居民消费价格指数同比,HICP annual rate of change,2017-03,M,%,NSA,YoY,2.1,Eurostat,prc_hicp_manr,prc_hicp_manr.CP00,HICP annual rate of change,https://ec.europa.eu/eurostat/databrowser/view/prc_hicp_manr/default/table,2026-02-06T23:00:00+0100,final,2026-08-13 18:04:54,2026-02-06T23:00:00+0100
ES.CPI_YOY_M.EUROSTAT,ES,ES,ESP,西班牙,Spain,CPI_YOY_M,调和居民消费价格指数同比,HICP annual rate of change,2017-04,M,%,NSA,YoY,2.6,Eurostat,prc_hicp_manr,prc_hicp_manr.CP00,HICP annual rate of change,https://ec.europa.eu/eurostat/databrowser/view/prc_hicp_manr/default/table,2026-02-06T23:00:00+0100,final,2026-08-13 18:04:54,2026-02-06T23:00:00+0100
ES.CPI_YOY_M.EUROSTAT,ES,ES,ESP,西班牙,Spain,CPI_YOY_M,调和居民消费价格指数同比,HICP annual rate of change,2017-05,M,%,NSA,YoY,2.0,Eurostat,prc_hicp_manr,prc_hicp_manr.CP00,HICP annual rate of change,https://ec.europa.eu/eurostat/databrowser/view/prc_hicp_manr/default/table,2026-02-06T23:00:00+0100,final,2026-08-13 18:04:54,2026-02-06T23:00:00+0100
ES.CPI_YOY_M.EUROSTAT,ES,ES,ESP,西班牙,Spain,CPI_YOY_M,调和居民消费价格指数同比,HICP annual rate of change,2017-06,M,%,NSA,YoY,1.6,Eurostat,prc_hicp_manr,prc_hicp_manr.CP00,HICP annual rate of change,https://ec.europa.eu/eurostat/databrowser/view/prc_hicp_manr/default/table,2026-02-06T23:00:00+0100,final,2026-08-13 18:04:54,2026-02-06T23:00:00+0100
ES.CPI_YOY_M.EUROSTAT,ES,ES,ESP,西班牙,Spain,CPI_YOY_M,调和居民消费价格指数同比,HICP annual rate of change,2017-07,M,%,NSA,YoY,1.7,Eurostat,prc_hicp_manr,prc_hicp_manr.CP00,HICP annual rate of change,https://ec.europa.eu/eurostat/databrowser/view/prc_hicp_manr/default/table,2026-02-06T23:00:00+0100,final,2026-08-13 18:04:54,2026-02-06T23:00:00+0100
ES.CPI_YOY_M.EUROSTAT,ES,ES,ESP,西班牙,Spain,CPI_YOY_M,调和居民消费价格指数同比,HICP annual rate of change,2017-08,M,%,NSA,YoY,2.0,Eurostat,prc_hicp_manr,prc_hicp_manr.CP00,HICP annual rate of change,https://ec.europa.eu/eurostat/databrowser/view/prc_hicp_manr/default/table,2026-02-06T23:00:00+0100,final,2026-08-13 18:04:54,2026-02-06T23:00:00+0100
ES.CPI_YOY_M.EUROSTAT,ES,ES,ESP,西班牙,Spain,CPI_YOY_M,调和居民消费价格指数同比,HICP annual rate of change,2017-09,M,%,NSA,YoY,1.8,Eurostat,prc_hicp_manr,prc_hicp_manr.CP00,HICP annual rate of change,https://ec.europa.eu/eurostat/databrowser/view/prc_hicp_manr/default/table,2026-02-06T23:00:00+0100,final,2026-08-13 18:04:54,2026-02-06T23:00:00+0100
ES.CPI_YOY_M.EUROSTAT,ES,ES,ESP,西班牙,Spain,CPI_YOY_M,调和居民消费价格指数同比,HICP annual rate of change,2017-10,M,%,NSA,YoY,1.7,Eurostat,prc_hicp_manr,prc_hicp_manr.CP00,HICP annual rate of change,https://ec.europa.eu/eurostat/databrowser/view/prc_hicp_manr/default/table,2026-02-06T23:00:00+0100,final,2026-08-13 18:04:54,2026-02-06T23:00:00+0100
ES.CPI_YOY_M.EUROSTAT,ES,ES,ESP,西班牙,Spain,CPI_YOY_M,调和居民消费价格指数同比,HICP annual rate of change,2017-11,M,%,NSA,YoY,1.8,Eurostat,prc_hicp_manr,prc_hicp_manr.CP00,HICP annual rate of change,https://ec.europa.eu/eurostat/databrowser/view/prc_hicp_manr/default/table,2026-02-06T23:00:00+0100,final,2026-08-13 18:04:54,2026-02-06T23:00:00+0100
ES.CPI_YOY_M.EUROSTAT,ES,ES,ESP,西班牙,Spain,CPI_YOY_M,调和居民消费价格指数同比,HICP annual rate of change,2017-12,M,%,NSA,YoY,1.2,Eurostat,prc_hicp_manr,prc_hicp_manr.CP00,HICP annual rate of change,https://ec.europa.eu/eurostat/databrowser/view/prc_hicp_manr/default/table,2026-02-06T23:00:00+0100,final,2026-08-13 18:04:54,2026-02-06T23:00:00+0100
ES.CPI_YOY_M.EUROSTAT,ES,ES,ESP,西班牙,Spain,CPI_YOY_M,调和居民消费价格指数同比,HICP annual rate of change,2018-01,M,%,NSA,YoY,0.7,Eurostat,prc_hicp_manr,prc_hicp_manr.CP00,HICP annual rate of change,https://ec.europa.eu/eurostat/databrowser/view/prc_hicp_manr/default/table,2026-02-06T23:00:00+0100,final,2026-08-13 18:04:54,2026-02-06T23:00:00+0100
ES.CPI_YOY_M.EUROSTAT,ES,ES,ESP,西班牙,Spain,CPI_YOY_M,调和居民消费价格指数同比,HICP annual rate of change,2018-02,M,%,NSA,YoY,1.2,Eurostat,prc_hicp_manr,prc_hicp_manr.CP00,HICP annual rate of change,https://ec.europa.eu/eurostat/databrowser/view/prc_hicp_manr/default/table,2026-02-06T23:00:00+0100,final,2026-08-13 18:04:54,2026-02-06T23:00:00+0100
ES.CPI_YOY_M.EUROSTAT,ES,ES,ESP,西班牙,Spain,CPI_YOY_M,调和居民消费价格指数同比,HICP annual rate of change,2018-03,M,%,NSA,YoY,1.3,Eurostat,prc_hicp_manr,prc_hicp_manr.CP00,HICP annual rate of change,https://ec.europa.eu/eurostat/databrowser/view/prc_hicp_manr/default/table,2026-02-06T23:00:00+0100,final,2026-08-13 18:04:54,2026-02-06T23:00:00+0100
ES.CPI_YOY_M.EUROSTAT,ES,ES,ESP,西班牙,Spain,CPI_YOY_M,调和居民消费价格指数同比,HICP annual rate of change,2018-04,M,%,NSA,YoY,1.1,Eurostat,prc_hicp_manr,prc_hicp_manr.CP00,HICP annual rate of change,https://ec.europa.eu/eurostat/databrowser/view/prc_hicp_manr/default/table,2026-02-06T23:00:00+0100,final,2026-08-13 18:04:54,2026-02-06T23:00:00+0100
ES.CPI_YOY_M.EUROSTAT,ES,ES,ESP,西班牙,Spain,CPI_YOY_M,调和居民消费价格指数同比,HICP annual rate of change,2018-05,M,%,NSA,YoY,2.1,Eurostat,prc_hicp_manr,prc_hicp_manr.CP00,HICP annual rate of change,https://ec.europa.eu/eurostat/databrowser/view/prc_hicp_manr/default/table,2026-02-06T23:00:00+0100,final,2026-08-13 18:04:54,2026-02-06T23:00:00+0100
ES.CPI_YOY_M.EUROSTAT,ES,ES,ESP,西班牙,Spain,CPI_YOY_M,调和居民消费价格指数同比,HICP annual rate of change,2018-06,M,%,NSA,YoY,2.3,Eurostat,prc_hicp_manr,prc_hicp_manr.CP00,HICP annual rate of change,https://ec.europa.eu/eurostat/databrowser/view/prc_hicp_manr/default/table,2026-02-06T23:00:00+0100,final,2026-08-13 18:04:54,2026-02-06T23:00:00+0100
ES.CPI_YOY_M.EUROSTAT,ES,ES,ESP,西班牙,Spain,CPI_YOY_M,调和居民消费价格指数同比,HICP annual rate of change,2018-07,M,%,NSA,YoY,2.3,Eurostat,prc_hicp_manr,prc_hicp_manr.CP00,HICP annual rate of change,https://ec.europa.eu/eurostat/databrowser/view/prc_hicp_manr/default/table,2026-02-06T23:00:00+0100,final,2026-08-13 18:04:54,2026-02-06T23:00:00+0100
ES.CPI_YOY_M.EUROSTAT,ES,ES,ESP,西班牙,Spain,CPI_YOY_M,调和居民消费价格指数同比,HICP annual rate of change,2018-08,M,%,NSA,YoY,2.2,Eurostat,prc_hicp_manr,prc_hicp_manr.CP00,HICP annual rate of change,https://ec.europa.eu/eurostat/databrowser/view/prc_hicp_manr/default/table,2026-02-06T23:00:00+0100,final,2026-08-13 18:04:54,2026-02-06T23:00:00+0100
ES.CPI_YOY_M.EUROSTAT,ES,ES,ESP,西班牙,Spain,CPI_YOY_M,调和居民消费价格指数同比,HICP annual rate of change,2018-09,M,%,NSA,YoY,2.3,Eurostat,prc_hicp_manr,prc_hicp_manr.CP00,HICP annual rate of change,https://ec.europa.eu/eurostat/databrowser/view/prc_hicp_manr/default/table,2026-02-06T23:00:00+0100,final,2026-08-13 18:04:54,2026-02-06T23:00:00+0100
ES.CPI_YOY_M.EUROSTAT,ES,ES,ESP,西班牙,Spain,CPI_YOY_M,调和居民消费价格指数同比,HICP annual rate of change,2018-10,M,%,NSA,YoY,2.3,Eurostat,prc_hicp_manr,prc_hicp_manr.CP00,HICP annual rate of change,https://ec.europa.eu/eurostat/databrowser/view/prc_hicp_manr/default/table,2026-02-06T23:00:00+0100,final,2026-08-13 18:04:54,2026-02-06T23:00:00+0100
ES.CPI_YOY_M.EUROSTAT,ES,ES,ESP,西班牙,Spain,CPI_YOY_M,调和居民消费价格指数同比,HICP annual rate of change,2018-11,M,%,NSA,YoY,1.7,Eurostat,prc_hicp_manr,prc_hicp_manr.CP00,HICP annual rate of change,https://ec.europa.eu/eurostat/databrowser/view/prc_hicp_manr/default/table,2026-02-06T23:00:00+0100,final,2026-08-13 18:04:54,2026-02-06T23:00:00+0100
ES.CPI_YOY_M.EUROSTAT,ES,ES,ESP,西班牙,Spain,CPI_YOY_M,调和居民消费价格指数同比,HICP annual rate of change,2018-12,M,%,NSA,YoY,1.2,Eurostat,prc_hicp_manr,prc_hicp_manr.CP00,HICP annual rate of change,https://ec.europa.eu/eurostat/databrowser/view/prc_hicp_manr/default/table,2026-02-06T23:00:00+0100,final,2026-08-13 18:04:54,2026-02-06T23:00:00+0100
ES.CPI_YOY_M.EUROSTAT,ES,ES,ESP,西班牙,Spain,CPI_YOY_M,调和居民消费价格指数同比,HICP annual rate of change,2019-01,M,%,NSA,YoY,1.0,Eurostat,prc_hicp_manr,prc_hicp_manr.CP00,HICP annual rate of change,https://ec.europa.eu/eurostat/databrowser/view/prc_hicp_manr/default/table,2026-02-06T23:00:00+0100,final,2026-08-13 18:04:54,2026-02-06T23:00:00+0100
ES.CPI_YOY_M.EUROSTAT,ES,ES,ESP,西班牙,Spain,CPI_YOY_M,调和居民消费价格指数同比,HICP annual rate of change,2019-02,M,%,NSA,YoY,1.1,Eurostat,prc_hicp_manr,prc_hicp_manr.CP00,HICP annual rate of change,https://ec.europa.eu/eurostat/databrowser/view/prc_hicp_manr/default/table,2026-02-06T23:00:00+0100,final,2026-08-13 18:04:54,2026-02-06T23:00:00+0100
ES.CPI_YOY_M.EUROSTAT,ES,ES,ESP,西班牙,Spain,CPI_YOY_M,调和居民消费价格指数同比,HICP annual rate of change,2019-03,M,%,NSA,YoY,1.3,Eurostat,prc_hicp_manr,prc_hicp_manr.CP00,HICP annual rate of change,https://ec.europa.eu/eurostat/databrowser/view/prc_hicp_manr/default/table,2026-02-06T23:00:00+0100,final,2026-08-13 18:04:54,2026-02-06T23:00:00+0100
ES.CPI_YOY_M.EUROSTAT,ES,ES,ESP,西班牙,Spain,CPI_YOY_M,调和居民消费价格指数同比,HICP annual rate of change,2019-04,M,%,NSA,YoY,1.6,Eurostat,prc_hicp_manr,prc_hicp_manr.CP00,HICP annual rate of change,https://ec.europa.eu/eurostat/databrowser/view/prc_hicp_manr/default/table,2026-02-06T23:00:00+0100,final,2026-08-13 18:04:54,2026-02-06T23:00:00+0100
ES.CPI_YOY_M.EUROSTAT,ES,ES,ESP,西班牙,Spain,CPI_YOY_M,调和居民消费价格指数同比,HICP annual rate of change,2019-05,M,%,NSA,YoY,0.9,Eurostat,prc_hicp_manr,prc_hicp_manr.CP00,HICP annual rate of change,https://ec.europa.eu/eurostat/databrowser/view/prc_hicp_manr/default/table,2026-02-06T23:00:00+0100,final,2026-08-13 18:04:54,2026-02-06T23:00:00+0100
ES.CPI_YOY_M.EUROSTAT,ES,ES,ESP,西班牙,Spain,CPI_YOY_M,调和居民消费价格指数同比,HICP annual rate of change,2019-06,M,%,NSA,YoY,0.6,Eurostat,prc_hicp_manr,prc_hicp_manr.CP00,HICP annual rate of change,https://ec.europa.eu/eurostat/databrowser/view/prc_hicp_manr/default/table,2026-02-06T23:00:00+0100,final,2026-08-13 18:04:54,2026-02-06T23:00:00+0100
ES.CPI_YOY_M.EUROSTAT,ES,ES,ESP,西班牙,Spain,CPI_YOY_M,调和居民消费价格指数同比,HICP annual rate of change,2019-07,M,%,NSA,YoY,0.6,Eurostat,prc_hicp_manr,prc_hicp_manr.CP00,HICP annual rate of change,https://ec.europa.eu/eurostat/databrowser/view/prc_hicp_manr/default/table,2026-02-06T23:00:00+0100,final,2026-08-13 18:04:54,2026-02-06T23:00:00+0100
ES.CPI_YOY_M.EUROSTAT,ES,ES,ESP,西班牙,Spain,CPI_YOY_M,调和居民消费价格指数同比,HICP annual rate of change,2019-08,M,%,NSA,YoY,0.4,Eurostat,prc_hicp_manr,prc_hicp_manr.CP00,HICP annual rate of change,https://ec.europa.eu/eurostat/databrowser/view/prc_hicp_manr/default/table,2026-02-06T23:00:00+0100,final,2026-08-13 18:04:54,2026-02-06T23:00:00+0100
ES.CPI_YOY_M.EUROSTAT,ES,ES,ESP,西班牙,Spain,CPI_YOY_M,调和居民消费价格指数同比,HICP annual rate of change,2019-09,M,%,NSA,YoY,0.2,Eurostat,prc_hicp_manr,prc_hicp_manr.CP00,HICP annual rate of change,https://ec.europa.eu/eurostat/databrowser/view/prc_hicp_manr/default/table,2026-02-06T23:00:00+0100,final,2026-08-13 18:04:54,2026-02-06T23:00:00+0100
ES.CPI_YOY_M.EUROSTAT,ES,ES,ESP,西班牙,Spain,CPI_YOY_M,调和居民消费价格指数同比,HICP annual rate of change,2019-10,M,%,NSA,YoY,0.2,Eurostat,prc_hicp_manr,prc_hicp_manr.CP00,HICP annual rate of change,https://ec.europa.eu/eurostat/databrowser/view/prc_hicp_manr/default/table,2026-02-06T23:00:00+0100,final,2026-08-13 18:04:54,2026-02-06T23:00:00+0100
ES.CPI_YOY_M.EUROSTAT,ES,ES,ESP,西班牙,Spain,CPI_YOY_M,调和居民消费价格指数同比,HICP annual rate of change,2019-11,M,%,NSA,YoY,0.5,Eurostat,prc_hicp_manr,prc_hicp_manr.CP00,HICP annual rate of change,https://ec.europa.eu/eurostat/databrowser/view/prc_hicp_manr/default/table,2026-02-06T23:00:00+0100,final,2026-08-13 18:04:54,2026-02-06T23:00:00+0100
ES.CPI_YOY_M.EUROSTAT,ES,ES,ESP,西班牙,Spain,CPI_YOY_M,调和居民消费价格指数同比,HICP annual rate of change,2019-12,M,%,NSA,YoY,0.8,Eurostat,prc_hicp_manr,prc_hicp_manr.CP00,HICP annual rate of change,https://ec.europa.eu/eurostat/databrowser/view/prc_hicp_manr/default/table,2026-02-06T23:00:00+0100,final,2026-08-13 18:04:54,2026-02-06T23:00:00+0100
ES.CPI_YOY_M.EUROSTAT,ES,ES,ESP,西班牙,Spain,CPI_YOY_M,调和居民消费价格指数同比,HICP annual rate of change,2020-01,M,%,NSA,YoY,1.1,Eurostat,prc_hicp_manr,prc_hicp_manr.CP00,HICP annual rate of change,https://ec.europa.eu/eurostat/databrowser/view/prc_hicp_manr/default/table,2026-02-06T23:00:00+0100,final,2026-08-13 18:04:54,2026-02-06T23:00:00+0100
ES.CPI_YOY_M.EUROSTAT,ES,ES,ESP,西班牙,Spain,CPI_YOY_M,调和居民消费价格指数同比,HICP annual rate of change,2020-02,M,%,NSA,YoY,0.9,Eurostat,prc_hicp_manr,prc_hicp_manr.CP00,HICP annual rate of change,https://ec.europa.eu/eurostat/databrowser/view/prc_hicp_manr/default/table,2026-02-06T23:00:00+0100,final,2026-08-13 18:04:54,2026-02-06T23:00:00+0100
ES.CPI_YOY_M.EUROSTAT,ES,ES,ESP,西班牙,Spain,CPI_YOY_M,调和居民消费价格指数同比,HICP annual rate of change,2020-03,M,%,NSA,YoY,0.1,Eurostat,prc_hicp_manr,prc_hicp_manr.CP00,HICP annual rate of change,https://ec.europa.eu/eurostat/databrowser/view/prc_hicp_manr/default/table,2026-02-06T23:00:00+0100,final,2026-08-13 18:04:54,2026-02-06T23:00:00+0100
ES.CPI_YOY_M.EUROSTAT,ES,ES,ESP,西班牙,Spain,CPI_YOY_M,调和居民消费价格指数同比,HICP annual rate of change,2020-04,M,%,NSA,YoY,-0.7,Eurostat,prc_hicp_manr,prc_hicp_manr.CP00,HICP annual rate of change,https://ec.europa.eu/eurostat/databrowser/view/prc_hicp_manr/default/table,2026-02-06T23:00:00+0100,final,2026-08-13 18:04:54,2026-02-06T23:00:00+0100
ES.CPI_YOY_M.EUROSTAT,ES,ES,ESP,西班牙,Spain,CPI_YOY_M,调和居民消费价格指数同比,HICP annual rate of change,2020-05,M,%,NSA,YoY,-0.9,Eurostat,prc_hicp_manr,prc_hicp_manr.CP00,HICP annual rate of change,https://ec.europa.eu/eurostat/databrowser/view/prc_hicp_manr/default/table,2026-02-06T23:00:00+0100,final,2026-08-13 18:04:54,2026-02-06T23:00:00+0100
ES.CPI_YOY_M.EUROSTAT,ES,ES,ESP,西班牙,Spain,CPI_YOY_M,调和居民消费价格指数同比,HICP annual rate of change,2020-06,M,%,NSA,YoY,-0.3,Eurostat,prc_hicp_manr,prc_hicp_manr.CP00,HICP annual rate of change,https://ec.europa.eu/eurostat/databrowser/view/prc_hicp_manr/default/table,2026-02-06T23:00:00+0100,final,2026-08-13 18:04:54,2026-02-06T23:00:00+0100
ES.CPI_YOY_M.EUROSTAT,ES,ES,ESP,西班牙,Spain,CPI_YOY_M,调和居民消费价格指数同比,HICP annual rate of change,2020-07,M,%,NSA,YoY,-0.7,Eurostat,prc_hicp_manr,prc_hicp_manr.CP00,HICP annual rate of change,https://ec.europa.eu/eurostat/databrowser/view/prc_hicp_manr/default/table,2026-02-06T23:00:00+0100,final,2026-08-13 18:04:54,2026-02-06T23:00:00+0100
ES.CPI_YOY_M.EUROSTAT,ES,ES,ESP,西班牙,Spain,CPI_YOY_M,调和居民消费价格指数同比,HICP annual rate of change,2020-08,M,%,NSA,YoY,-0.6,Eurostat,prc_hicp_manr,prc_hicp_manr.CP00,HICP annual rate of change,https://ec.europa.eu/eurostat/databrowser/view/prc_hicp_manr/default/table,2026-02-06T23:00:00+0100,final,2026-08-13 18:04:54,2026-02-06T23:00:00+0100
ES.CPI_YOY_M.EUROSTAT,ES,ES,ESP,西班牙,Spain,CPI_YOY_M,调和居民消费价格指数同比,HICP annual rate of change,2020-09,M,%,NSA,YoY,-0.6,Eurostat,prc_hicp_manr,prc_hicp_manr.CP00,HICP annual rate of change,https://ec.europa.eu/eurostat/databrowser/view/prc_hicp_manr/default/table,2026-02-06T23:00:00+0100,final,2026-08-13 18:04:54,2026-02-06T23:00:00+0100
ES.CPI_YOY_M.EUROSTAT,ES,ES,ESP,西班牙,Spain,CPI_YOY_M,调和居民消费价格指数同比,HICP annual rate of change,2020-10,M,%,NSA,YoY,-0.9,Eurostat,prc_hicp_manr,prc_hicp_manr.CP00,HICP annual rate of change,https://ec.europa.eu/eurostat/databrowser/view/prc_hicp_manr/default/table,2026-02-06T23:00:00+0100,final,2026-08-13 18:04:54,2026-02-06T23:00:00+0100
ES.CPI_YOY_M.EUROSTAT,ES,ES,ESP,西班牙,Spain,CPI_YOY_M,调和居民消费价格指数同比,HICP annual rate of change,2020-11,M,%,NSA,YoY,-0.8,Eurostat,prc_hicp_manr,prc_hicp_manr.CP00,HICP annual rate of change,https://ec.europa.eu/eurostat/databrowser/view/prc_hicp_manr/default/table,2026-02-06T23:00:00+0100,final,2026-08-13 18:04:54,2026-02-06T23:00:00+0100
ES.CPI_YOY_M.EUROSTAT,ES,ES,ESP,西班牙,Spain,CPI_YOY_M,调和居民消费价格指数同比,HICP annual rate of change,2020-12,M,%,NSA,YoY,-0.6,Eurostat,prc_hicp_manr,prc_hicp_manr.CP00,HICP annual rate of change,https://ec.europa.eu/eurostat/databrowser/view/prc_hicp_manr/default/table,2026-02-06T23:00:00+0100,final,2026-08-13 18:04:54,2026-02-06T23:00:00+0100
ES.CPI_YOY_M.EUROSTAT,ES,ES,ESP,西班牙,Spain,CPI_YOY_M,调和居民消费价格指数同比,HICP annual rate of change,2021-01,M,%,NSA,YoY,0.4,Eurostat,prc_hicp_manr,prc_hicp_manr.CP00,HICP annual rate of change,https://ec.europa.eu/eurostat/databrowser/view/prc_hicp_manr/default/table,2026-02-06T23:00:00+0100,final,2026-08-13 18:04:54,2026-02-06T23:00:00+0100
ES.CPI_YOY_M.EUROSTAT,ES,ES,ESP,西班牙,Spain,CPI_YOY_M,调和居民消费价格指数同比,HICP annual rate of change,2021-02,M,%,NSA,YoY,-0.1,Eurostat,prc_hicp_manr,prc_hicp_manr.CP00,HICP annual rate of change,https://ec.europa.eu/eurostat/databrowser/view/prc_hicp_manr/default/table,2026-02-06T23:00:00+0100,final,2026-08-13 18:04:54,2026-02-06T23:00:00+0100
ES.CPI_YOY_M.EUROSTAT,ES,ES,ESP,西班牙,Spain,CPI_YOY_M,调和居民消费价格指数同比,HICP annual rate of change,2021-03,M,%,NSA,YoY,1.2,Eurostat,prc_hicp_manr,prc_hicp_manr.CP00,HICP annual rate of change,https://ec.europa.eu/eurostat/databrowser/view/prc_hicp_manr/default/table,2026-02-06T23:00:00+0100,final,2026-08-13 18:04:54,2026-02-06T23:00:00+0100
ES.CPI_YOY_M.EUROSTAT,ES,ES,ESP,西班牙,Spain,CPI_YOY_M,调和居民消费价格指数同比,HICP annual rate of change,2021-04,M,%,NSA,YoY,2.0,Eurostat,prc_hicp_manr,prc_hicp_manr.CP00,HICP annual rate of change,https://ec.europa.eu/eurostat/databrowser/view/prc_hicp_manr/default/table,2026-02-06T23:00:00+0100,final,2026-08-13 18:04:54,2026-02-06T23:00:00+0100
ES.CPI_YOY_M.EUROSTAT,ES,ES,ESP,西班牙,Spain,CPI_YOY_M,调和居民消费价格指数同比,HICP annual rate of change,2021-05,M,%,NSA,YoY,2.4,Eurostat,prc_hicp_manr,prc_hicp_manr.CP00,HICP annual rate of change,https://ec.europa.eu/eurostat/databrowser/view/prc_hicp_manr/default/table,2026-02-06T23:00:00+0100,final,2026-08-13 18:04:54,2026-02-06T23:00:00+0100
ES.CPI_YOY_M.EUROSTAT,ES,ES,ESP,西班牙,Spain,CPI_YOY_M,调和居民消费价格指数同比,HICP annual rate of change,2021-06,M,%,NSA,YoY,2.5,Eurostat,prc_hicp_manr,prc_hicp_manr.CP00,HICP annual rate of change,https://ec.europa.eu/eurostat/databrowser/view/prc_hicp_manr/default/table,2026-02-06T23:00:00+0100,final,2026-08-13 18:04:54,2026-02-06T23:00:00+0100
ES.CPI_YOY_M.EUROSTAT,ES,ES,ESP,西班牙,Spain,CPI_YOY_M,调和居民消费价格指数同比,HICP annual rate of change,2021-07,M,%,NSA,YoY,2.9,Eurostat,prc_hicp_manr,prc_hicp_manr.CP00,HICP annual rate of change,https://ec.europa.eu/eurostat/databrowser/view/prc_hicp_manr/default/table,2026-02-06T23:00:00+0100,final,2026-08-13 18:04:54,2026-02-06T23:00:00+0100
ES.CPI_YOY_M.EUROSTAT,ES,ES,ESP,西班牙,Spain,CPI_YOY_M,调和居民消费价格指数同比,HICP annual rate of change,2021-08,M,%,NSA,YoY,3.3,Eurostat,prc_hicp_manr,prc_hicp_manr.CP00,HICP annual rate of change,https://ec.europa.eu/eurostat/databrowser/view/prc_hicp_manr/default/table,2026-02-06T23:00:00+0100,final,2026-08-13 18:04:54,2026-02-06T23:00:00+0100
ES.CPI_YOY_M.EUROSTAT,ES,ES,ESP,西班牙,Spain,CPI_YOY_M,调和居民消费价格指数同比,HICP annual rate of change,2021-09,M,%,NSA,YoY,4.0,Eurostat,prc_hicp_manr,prc_hicp_manr.CP00,HICP annual rate of change,https://ec.europa.eu/eurostat/databrowser/view/prc_hicp_manr/default/table,2026-02-06T23:00:00+0100,final,2026-08-13 18:04:54,2026-02-06T23:00:00+0100
ES.CPI_YOY_M.EUROSTAT,ES,ES,ESP,西班牙,Spain,CPI_YOY_M,调和居民消费价格指数同比,HICP annual rate of change,2021-10,M,%,NSA,YoY,5.4,Eurostat,prc_hicp_manr,prc_hicp_manr.CP00,HICP annual rate of change,https://ec.europa.eu/eurostat/databrowser/view/prc_hicp_manr/default/table,2026-02-06T23:00:00+0100,final,2026-08-13 18:04:54,2026-02-06T23:00:00+0100
ES.CPI_YOY_M.EUROSTAT,ES,ES,ESP,西班牙,Spain,CPI_YOY_M,调和居民消费价格指数同比,HICP annual rate of change,2021-11,M,%,NSA,YoY,5.5,Eurostat,prc_hicp_manr,prc_hicp_manr.CP00,HICP annual rate of change,https://ec.europa.eu/eurostat/databrowser/view/prc_hicp_manr/default/table,2026-02-06T23:00:00+0100,final,2026-08-13 18:04:54,2026-02-06T23:00:00+0100
ES.CPI_YOY_M.EUROSTAT,ES,ES,ESP,西班牙,Spain,CPI_YOY_M,调和居民消费价格指数同比,HICP annual rate of change,2021-12,M,%,NSA,YoY,6.6,Eurostat,prc_hicp_manr,prc_hicp_manr.CP00,HICP annual rate of change,https://ec.europa.eu/eurostat/databrowser/view/prc_hicp_manr/default/table,2026-02-06T23:00:00+0100,final,2026-08-13 18:04:54,2026-02-06T23:00:00+0100
ES.CPI_YOY_M.EUROSTAT,ES,ES,ESP,西班牙,Spain,CPI_YOY_M,调和居民消费价格指数同比,HICP annual rate of change,2022-01,M,%,NSA,YoY,6.2,Eurostat,prc_hicp_manr,prc_hicp_manr.CP00,HICP annual rate of change,https://ec.europa.eu/eurostat/databrowser/view/prc_hicp_manr/default/table,2026-02-06T23:00:00+0100,final,2026-08-13 18:04:54,2026-02-06T23:00:00+0100
ES.CPI_YOY_M.EUROSTAT,ES,ES,ESP,西班牙,Spain,CPI_YOY_M,调和居民消费价格指数同比,HICP annual rate of change,2022-02,M,%,NSA,YoY,7.6,Eurostat,prc_hicp_manr,prc_hicp_manr.CP00,HICP annual rate of change,https://ec.europa.eu/eurostat/databrowser/view/prc_hicp_manr/default/table,2026-02-06T23:00:00+0100,final,2026-08-13 18:04:54,2026-02-06T23:00:00+0100
ES.CPI_YOY_M.EUROSTAT,ES,ES,ESP,西班牙,Spain,CPI_YOY_M,调和居民消费价格指数同比,HICP annual rate of change,2022-03,M,%,NSA,YoY,9.8,Eurostat,prc_hicp_manr,prc_hicp_manr.CP00,HICP annual rate of change,https://ec.europa.eu/eurostat/databrowser/view/prc_hicp_manr/default/table,2026-02-06T23:00:00+0100,final,2026-08-13 18:04:54,2026-02-06T23:00:00+0100
ES.CPI_YOY_M.EUROSTAT,ES,ES,ESP,西班牙,Spain,CPI_YOY_M,调和居民消费价格指数同比,HICP annual rate of change,2022-04,M,%,NSA,YoY,8.3,Eurostat,prc_hicp_manr,prc_hicp_manr.CP00,HICP annual rate of change,https://ec.europa.eu/eurostat/databrowser/view/prc_hicp_manr/default/table,2026-02-06T23:00:00+0100,final,2026-08-13 18:04:54,2026-02-06T23:00:00+0100
ES.CPI_YOY_M.EUROSTAT,ES,ES,ESP,西班牙,Spain,CPI_YOY_M,调和居民消费价格指数同比,HICP annual rate of change,2022-05,M,%,NSA,YoY,8.5,Eurostat,prc_hicp_manr,prc_hicp_manr.CP00,HICP annual rate of change,https://ec.europa.eu/eurostat/databrowser/view/prc_hicp_manr/default/table,2026-02-06T23:00:00+0100,final,2026-08-13 18:04:54,2026-02-06T23:00:00+0100
ES.CPI_YOY_M.EUROSTAT,ES,ES,ESP,西班牙,Spain,CPI_YOY_M,调和居民消费价格指数同比,HICP annual rate of change,2022-06,M,%,NSA,YoY,10.0,Eurostat,prc_hicp_manr,prc_hicp_manr.CP00,HICP annual rate of change,https://ec.europa.eu/eurostat/databrowser/view/prc_hicp_manr/default/table,2026-02-06T23:00:00+0100,final,2026-08-13 18:04:54,2026-02-06T23:00:00+0100
ES.CPI_YOY_M.EUROSTAT,ES,ES,ESP,西班牙,Spain,CPI_YOY_M,调和居民消费价格指数同比,HICP annual rate of change,2022-07,M,%,NSA,YoY,10.7,Eurostat,prc_hicp_manr,prc_hicp_manr.CP00,HICP annual rate of change,https://ec.europa.eu/eurostat/databrowser/view/prc_hicp_manr/default/table,2026-02-06T23:00:00+0100,final,2026-08-13 18:04:54,2026-02-06T23:00:00+0100
ES.CPI_YOY_M.EUROSTAT,ES,ES,ESP,西班牙,Spain,CPI_YOY_M,调和居民消费价格指数同比,HICP annual rate of change,2022-08,M,%,NSA,YoY,10.5,Eurostat,prc_hicp_manr,prc_hicp_manr.CP00,HICP annual rate of change,https://ec.europa.eu/eurostat/databrowser/view/prc_hicp_manr/default/table,2026-02-06T23:00:00+0100,final,2026-08-13 18:04:54,2026-02-06T23:00:00+0100
ES.CPI_YOY_M.EUROSTAT,ES,ES,ESP,西班牙,Spain,CPI_YOY_M,调和居民消费价格指数同比,HICP annual rate of change,2022-09,M,%,NSA,YoY,9.0,Eurostat,prc_hicp_manr,prc_hicp_manr.CP00,HICP annual rate of change,https://ec.europa.eu/eurostat/databrowser/view/prc_hicp_manr/default/table,2026-02-06T23:00:00+0100,final,2026-08-13 18:04:54,2026-02-06T23:00:00+0100
ES.CPI_YOY_M.EUROSTAT,ES,ES,ESP,西班牙,Spain,CPI_YOY_M,调和居民消费价格指数同比,HICP annual rate of change,2022-10,M,%,NSA,YoY,7.3,Eurostat,prc_hicp_manr,prc_hicp_manr.CP00,HICP annual rate of change,https://ec.europa.eu/eurostat/databrowser/view/prc_hicp_manr/default/table,2026-02-06T23:00:00+0100,final,2026-08-13 18:04:54,2026-02-06T23:00:00+0100
ES.CPI_YOY_M.EUROSTAT,ES,ES,ESP,西班牙,Spain,CPI_YOY_M,调和居民消费价格指数同比,HICP annual rate of change,2022-11,M,%,NSA,YoY,6.7,Eurostat,prc_hicp_manr,prc_hicp_manr.CP00,HICP annual rate of change,https://ec.europa.eu/eurostat/databrowser/view/prc_hicp_manr/default/table,2026-02-06T23:00:00+0100,final,2026-08-13 18:04:54,2026-02-06T23:00:00+0100
ES.CPI_YOY_M.EUROSTAT,ES,ES,ESP,西班牙,Spain,CPI_YOY_M,调和居民消费价格指数同比,HICP annual rate of change,2022-12,M,%,NSA,YoY,5.5,Eurostat,prc_hicp_manr,prc_hicp_manr.CP00,HICP annual rate of change,https://ec.europa.eu/eurostat/databrowser/view/prc_hicp_manr/default/table,2026-02-06T23:00:00+0100,final,2026-08-13 18:04:54,2026-02-06T23:00:00+0100
ES.CPI_YOY_M.EUROSTAT,ES,ES,ESP,西班牙,Spain,CPI_YOY_M,调和居民消费价格指数同比,HICP annual rate of change,2023-01,M,%,NSA,YoY,5.9,Eurostat,prc_hicp_manr,prc_hicp_manr.CP00,HICP annual rate of change,https://ec.europa.eu/eurostat/databrowser/view/prc_hicp_manr/default/table,2026-02-06T23:00:00+0100,final,2026-08-13 18:04:54,2026-02-06T23:00:00+0100
ES.CPI_YOY_M.EUROSTAT,ES,ES,ESP,西班牙,Spain,CPI_YOY_M,调和居民消费价格指数同比,HICP annual rate of change,2023-02,M,%,NSA,YoY,6.0,Eurostat,prc_hicp_manr,prc_hicp_manr.CP00,HICP annual rate of change,https://ec.europa.eu/eurostat/databrowser/view/prc_hicp_manr/default/table,2026-02-06T23:00:00+0100,final,2026-08-13 18:04:54,2026-02-06T23:00:00+0100
ES.CPI_YOY_M.EUROSTAT,ES,ES,ESP,西班牙,Spain,CPI_YOY_M,调和居民消费价格指数同比,HICP annual rate of change,2023-03,M,%,NSA,YoY,3.1,Eurostat,prc_hicp_manr,prc_hicp_manr.CP00,HICP annual rate of change,https://ec.europa.eu/eurostat/databrowser/view/prc_hicp_manr/default/table,2026-02-06T23:00:00+0100,final,2026-08-13 18:04:54,2026-02-06T23:00:00+0100
ES.CPI_YOY_M.EUROSTAT,ES,ES,ESP,西班牙,Spain,CPI_YOY_M,调和居民消费价格指数同比,HICP annual rate of change,2023-04,M,%,NSA,YoY,3.8,Eurostat,prc_hicp_manr,prc_hicp_manr.CP00,HICP annual rate of change,https://ec.europa.eu/eurostat/databrowser/view/prc_hicp_manr/default/table,2026-02-06T23:00:00+0100,final,2026-08-13 18:04:54,2026-02-06T23:00:00+0100
ES.CPI_YOY_M.EUROSTAT,ES,ES,ESP,西班牙,Spain,CPI_YOY_M,调和居民消费价格指数同比,HICP annual rate of change,2023-05,M,%,NSA,YoY,2.9,Eurostat,prc_hicp_manr,prc_hicp_manr.CP00,HICP annual rate of change,https://ec.europa.eu/eurostat/databrowser/view/prc_hicp_manr/default/table,2026-02-06T23:00:00+0100,final,2026-08-13 18:04:54,2026-02-06T23:00:00+0100
ES.CPI_YOY_M.EUROSTAT,ES,ES,ESP,西班牙,Spain,CPI_YOY_M,调和居民消费价格指数同比,HICP annual rate of change,2023-06,M,%,NSA,YoY,1.6,Eurostat,prc_hicp_manr,prc_hicp_manr.CP00,HICP annual rate of change,https://ec.europa.eu/eurostat/databrowser/view/prc_hicp_manr/default/table,2026-02-06T23:00:00+0100,final,2026-08-13 18:04:54,2026-02-06T23:00:00+0100
ES.CPI_YOY_M.EUROSTAT,ES,ES,ESP,西班牙,Spain,CPI_YOY_M,调和居民消费价格指数同比,HICP annual rate of change,2023-07,M,%,NSA,YoY,2.1,Eurostat,prc_hicp_manr,prc_hicp_manr.CP00,HICP annual rate of change,https://ec.europa.eu/eurostat/databrowser/view/prc_hicp_manr/default/table,2026-02-06T23:00:00+0100,final,2026-08-13 18:04:54,2026-02-06T23:00:00+0100
ES.CPI_YOY_M.EUROSTAT,ES,ES,ESP,西班牙,Spain,CPI_YOY_M,调和居民消费价格指数同比,HICP annual rate of change,2023-08,M,%,NSA,YoY,2.4,Eurostat,prc_hicp_manr,prc_hicp_manr.CP00,HICP annual rate of change,https://ec.europa.eu/eurostat/databrowser/view/prc_hicp_manr/default/table,2026-02-06T23:00:00+0100,final,2026-08-13 18:04:54,2026-02-06T23:00:00+0100
ES.CPI_YOY_M.EUROSTAT,ES,ES,ESP,西班牙,Spain,CPI_YOY_M,调和居民消费价格指数同比,HICP annual rate of change,2023-09,M,%,NSA,YoY,3.3,Eurostat,prc_hicp_manr,prc_hicp_manr.CP00,HICP annual rate of change,https://ec.europa.eu/eurostat/databrowser/view/prc_hicp_manr/default/table,2026-02-06T23:00:00+0100,final,2026-08-13 18:04:54,2026-02-06T23:00:00+0100
ES.CPI_YOY_M.EUROSTAT,ES,ES,ESP,西班牙,Spain,CPI_YOY_M,调和居民消费价格指数同比,HICP annual rate of change,2023-10,M,%,NSA,YoY,3.5,Eurostat,prc_hicp_manr,prc_hicp_manr.CP00,HICP annual rate of change,https://ec.europa.eu/eurostat/databrowser/view/prc_hicp_manr/default/table,2026-02-06T23:00:00+0100,final,2026-08-13 18:04:54,2026-02-06T23:00:00+0100
ES.CPI_YOY_M.EUROSTAT,ES,ES,ESP,西班牙,Spain,CPI_YOY_M,调和居民消费价格指数同比,HICP annual rate of change,2023-11,M,%,NSA,YoY,3.3,Eurostat,prc_hicp_manr,prc_hicp_manr.CP00,HICP annual rate of change,https://ec.europa.eu/eurostat/databrowser/view/prc_hicp_manr/default/table,2026-02-06T23:00:00+0100,final,2026-08-13 18:04:54,2026-02-06T23:00:00+0100
ES.CPI_YOY_M.EUROSTAT,ES,ES,ESP,西班牙,Spain,CPI_YOY_M,调和居民消费价格指数同比,HICP annual rate of change,2023-12,M,%,NSA,YoY,3.3,Eurostat,prc_hicp_manr,prc_hicp_manr.CP00,HICP annual rate of change,https://ec.europa.eu/eurostat/databrowser/view/prc_hicp_manr/default/table,2026-02-06T23:00:00+0100,final,2026-08-13 18:04:54,2026-02-06T23:00:00+0100
ES.CPI_YOY_M.EUROSTAT,ES,ES,ESP,西班牙,Spain,CPI_YOY_M,调和居民消费价格指数同比,HICP annual rate of change,2024-01,M,%,NSA,YoY,3.5,Eurostat,prc_hicp_manr,prc_hicp_manr.CP00,HICP annual rate of change,https://ec.europa.eu/eurostat/databrowser/view/prc_hicp_manr/default/table,2026-02-06T23:00:00+0100,final,2026-08-13 18:04:54,2026-02-06T23:00:00+0100
ES.CPI_YOY_M.EUROSTAT,ES,ES,ESP,西班牙,Spain,CPI_YOY_M,调和居民消费价格指数同比,HICP annual rate of change,2024-02,M,%,NSA,YoY,2.9,Eurostat,prc_hicp_manr,prc_hicp_manr.CP00,HICP annual rate of change,https://ec.europa.eu/eurostat/databrowser/view/prc_hicp_manr/default/table,2026-02-06T23:00:00+0100,final,2026-08-13 18:04:54,2026-02-06T23:00:00+0100
ES.CPI_YOY_M.EUROSTAT,ES,ES,ESP,西班牙,Spain,CPI_YOY_M,调和居民消费价格指数同比,HICP annual rate of change,2024-03,M,%,NSA,YoY,3.3,Eurostat,prc_hicp_manr,prc_hicp_manr.CP00,HICP annual rate of change,https://ec.europa.eu/eurostat/databrowser/view/prc_hicp_manr/default/table,2026-02-06T23:00:00+0100,final,2026-08-13 18:04:54,2026-02-06T23:00:00+0100
ES.CPI_YOY_M.EUROSTAT,ES,ES,ESP,西班牙,Spain,CPI_YOY_M,调和居民消费价格指数同比,HICP annual rate of change,2024-04,M,%,NSA,YoY,3.4,Eurostat,prc_hicp_manr,prc_hicp_manr.CP00,HICP annual rate of change,https://ec.europa.eu/eurostat/databrowser/view/prc_hicp_manr/default/table,2026-02-06T23:00:00+0100,final,2026-08-13 18:04:54,2026-02-06T23:00:00+0100
ES.CPI_YOY_M.EUROSTAT,ES,ES,ESP,西班牙,Spain,CPI_YOY_M,调和居民消费价格指数同比,HICP annual rate of change,2024-05,M,%,NSA,YoY,3.8,Eurostat,prc_hicp_manr,prc_hicp_manr.CP00,HICP annual rate of change,https://ec.europa.eu/eurostat/databrowser/view/prc_hicp_manr/default/table,2026-02-06T23:00:00+0100,final,2026-08-13 18:04:54,2026-02-06T23:00:00+0100
ES.CPI_YOY_M.EUROSTAT,ES,ES,ESP,西班牙,Spain,CPI_YOY_M,调和居民消费价格指数同比,HICP annual rate of change,2024-06,M,%,NSA,YoY,3.6,Eurostat,prc_hicp_manr,prc_hicp_manr.CP00,HICP annual rate of change,https://ec.europa.eu/eurostat/databrowser/view/prc_hicp_manr/default/table,2026-02-06T23:00:00+0100,final,2026-08-13 18:04:54,2026-02-06T23:00:00+0100
ES.CPI_YOY_M.EUROSTAT,ES,ES,ESP,西班牙,Spain,CPI_YOY_M,调和居民消费价格指数同比,HICP annual rate of change,2024-07,M,%,NSA,YoY,2.9,Eurostat,prc_hicp_manr,prc_hicp_manr.CP00,HICP annual rate of change,https://ec.europa.eu/eurostat/databrowser/view/prc_hicp_manr/default/table,2026-02-06T23:00:00+0100,final,2026-08-13 18:04:54,2026-02-06T23:00:00+0100
ES.CPI_YOY_M.EUROSTAT,ES,ES,ESP,西班牙,Spain,CPI_YOY_M,调和居民消费价格指数同比,HICP annual rate of change,2024-08,M,%,NSA,YoY,2.4,Eurostat,prc_hicp_manr,prc_hicp_manr.CP00,HICP annual rate of change,https://ec.europa.eu/eurostat/databrowser/view/prc_hicp_manr/default/table,2026-02-06T23:00:00+0100,final,2026-08-13 18:04:54,2026-02-06T23:00:00+0100
ES.CPI_YOY_M.EUROSTAT,ES,ES,ESP,西班牙,Spain,CPI_YOY_M,调和居民消费价格指数同比,HICP annual rate of change,2024-09,M,%,NSA,YoY,1.7,Eurostat,prc_hicp_manr,prc_hicp_manr.CP00,HICP annual rate of change,https://ec.europa.eu/eurostat/databrowser/view/prc_hicp_manr/default/table,2026-02-06T23:00:00+0100,final,2026-08-13 18:04:54,2026-02-06T23:00:00+0100
ES.CPI_YOY_M.EUROSTAT,ES,ES,ESP,西班牙,Spain,CPI_YOY_M,调和居民消费价格指数同比,HICP annual rate of change,2024-10,M,%,NSA,YoY,1.8,Eurostat,prc_hicp_manr,prc_hicp_manr.CP00,HICP annual rate of change,https://ec.europa.eu/eurostat/databrowser/view/prc_hicp_manr/default/table,2026-02-06T23:00:00+0100,final,2026-08-13 18:04:54,2026-02-06T23:00:00+0100
ES.CPI_YOY_M.EUROSTAT,ES,ES,ESP,西班牙,Spain,CPI_YOY_M,调和居民消费价格指数同比,HICP annual rate of change,2024-11,M,%,NSA,YoY,2.4,Eurostat,prc_hicp_manr,prc_hicp_manr.CP00,HICP annual rate of change,https://ec.europa.eu/eurostat/databrowser/view/prc_hicp_manr/default/table,2026-02-06T23:00:00+0100,final,2026-08-13 18:04:54,2026-02-06T23:00:00+0100
ES.CPI_YOY_M.EUROSTAT,ES,ES,ESP,西班牙,Spain,CPI_YOY_M,调和居民消费价格指数同比,HICP annual rate of change,2024-12,M,%,NSA,YoY,2.8,Eurostat,prc_hicp_manr,prc_hicp_manr.CP00,HICP annual rate of change,https://ec.europa.eu/eurostat/databrowser/view/prc_hicp_manr/default/table,2026-02-06T23:00:00+0100,final,2026-08-13 18:04:54,2026-02-06T23:00:00+0100
ES.CPI_YOY_M.EUROSTAT,ES,ES,ESP,西班牙,Spain,CPI_YOY_M,调和居民消费价格指数同比,HICP annual rate of change,2025-01,M,%,NSA,YoY,2.9,Eurostat,prc_hicp_manr,prc_hicp_manr.CP00,HICP annual rate of change,https://ec.europa.eu/eurostat/databrowser/view/prc_hicp_manr/default/table,2026-02-06T23:00:00+0100,final,2026-08-13 18:04:54,2026-02-06T23:00:00+0100
ES.CPI_YOY_M.EUROSTAT,ES,ES,ESP,西班牙,Spain,CPI_YOY_M,调和居民消费价格指数同比,HICP annual rate of change,2025-02,M,%,NSA,YoY,2.9,Eurostat,prc_hicp_manr,prc_hicp_manr.CP00,HICP annual rate of change,https://ec.europa.eu/eurostat/databrowser/view/prc_hicp_manr/default/table,2026-02-06T23:00:00+0100,final,2026-08-13 18:04:54,2026-02-06T23:00:00+0100
ES.CPI_YOY_M.EUROSTAT,ES,ES,ESP,西班牙,Spain,CPI_YOY_M,调和居民消费价格指数同比,HICP annual rate of change,2025-03,M,%,NSA,YoY,2.2,Eurostat,prc_hicp_manr,prc_hicp_manr.CP00,HICP annual rate of change,https://ec.europa.eu/eurostat/databrowser/view/prc_hicp_manr/default/table,2026-02-06T23:00:00+0100,final,2026-08-13 18:04:54,2026-02-06T23:00:00+0100
ES.CPI_YOY_M.EUROSTAT,ES,ES,ESP,西班牙,Spain,CPI_YOY_M,调和居民消费价格指数同比,HICP annual rate of change,2025-04,M,%,NSA,YoY,2.2,Eurostat,prc_hicp_manr,prc_hicp_manr.CP00,HICP annual rate of change,https://ec.europa.eu/eurostat/databrowser/view/prc_hicp_manr/default/table,2026-02-06T23:00:00+0100,final,2026-08-13 18:04:54,2026-02-06T23:00:00+0100
ES.CPI_YOY_M.EUROSTAT,ES,ES,ESP,西班牙,Spain,CPI_YOY_M,调和居民消费价格指数同比,HICP annual rate of change,2025-05,M,%,NSA,YoY,2.0,Eurostat,prc_hicp_manr,prc_hicp_manr.CP00,HICP annual rate of change,https://ec.europa.eu/eurostat/databrowser/view/prc_hicp_manr/default/table,2026-02-06T23:00:00+0100,final,2026-08-13 18:04:54,2026-02-06T23:00:00+0100
ES.CPI_YOY_M.EUROSTAT,ES,ES,ESP,西班牙,Spain,CPI_YOY_M,调和居民消费价格指数同比,HICP annual rate of change,2025-06,M,%,NSA,YoY,2.3,Eurostat,prc_hicp_manr,prc_hicp_manr.CP00,HICP annual rate of change,https://ec.europa.eu/eurostat/databrowser/view/prc_hicp_manr/default/table,2026-02-06T23:00:00+0100,final,2026-08-13 18:04:54,2026-02-06T23:00:00+0100
ES.CPI_YOY_M.EUROSTAT,ES,ES,ESP,西班牙,Spain,CPI_YOY_M,调和居民消费价格指数同比,HICP annual rate of change,2025-07,M,%,NSA,YoY,2.7,Eurostat,prc_hicp_manr,prc_hicp_manr.CP00,HICP annual rate of change,https://ec.europa.eu/eurostat/databrowser/view/prc_hicp_manr/default/table,2026-02-06T23:00:00+0100,final,2026-08-13 18:04:54,2026-02-06T23:00:00+0100
ES.CPI_YOY_M.EUROSTAT,ES,ES,ESP,西班牙,Spain,CPI_YOY_M,调和居民消费价格指数同比,HICP annual rate of change,2025-08,M,%,NSA,YoY,2.7,Eurostat,prc_hicp_manr,prc_hicp_manr.CP00,HICP annual rate of change,https://ec.europa.eu/eurostat/databrowser/view/prc_hicp_manr/default/table,2026-02-06T23:00:00+0100,final,2026-08-13 18:04:54,2026-02-06T23:00:00+0100
ES.CPI_YOY_M.EUROSTAT,ES,ES,ESP,西班牙,Spain,CPI_YOY_M,调和居民消费价格指数同比,HICP annual rate of change,2025-09,M,%,NSA,YoY,3.0,Eurostat,prc_hicp_manr,prc_hicp_manr.CP00,HICP annual rate of change,https://ec.europa.eu/eurostat/databrowser/view/prc_hicp_manr/default/table,2026-02-06T23:00:00+0100,final,2026-08-13 18:04:54,2026-02-06T23:00:00+0100
ES.CPI_YOY_M.EUROSTAT,ES,ES,ESP,西班牙,Spain,CPI_YOY_M,调和居民消费价格指数同比,HICP annual rate of change,2025-10,M,%,NSA,YoY,3.2,Eurostat,prc_hicp_manr,prc_hicp_manr.CP00,HICP annual rate of change,https://ec.europa.eu/eurostat/databrowser/view/prc_hicp_manr/default/table,2026-02-06T23:00:00+0100,final,2026-08-13 18:04:54,2026-02-06T23:00:00+0100
ES.CPI_YOY_M.EUROSTAT,ES,ES,ESP,西班牙,Spain,CPI_YOY_M,调和居民消费价格指数同比,HICP annual rate of change,2025-11,M,%,NSA,YoY,3.2,Eurostat,prc_hicp_manr,prc_hicp_manr.CP00,HICP annual rate of change,https://ec.europa.eu/eurostat/databrowser/view/prc_hicp_manr/default/table,2026-02-06T23:00:00+0100,final,2026-08-13 18:04:54,2026-02-06T23:00:00+0100
ES.CPI_YOY_M.EUROSTAT,ES,ES,ESP,西班牙,Spain,CPI_YOY_M,调和居民消费价格指数同比,HICP annual rate of change,2025-12,M,%,NSA,YoY,3.0,Eurostat,prc_hicp_manr,prc_hicp_manr.CP00,HICP annual rate of change,https://ec.europa.eu/eurostat/databrowser/view/prc_hicp_manr/default/table,2026-02-06T23:00:00+0100,final,2026-08-13 18:04:54,2026-02-06T23:00:00+0100
FR.CPI_YOY_M.EUROSTAT,FR,FR,FRA,法国,France,CPI_YOY_M,调和居民消费价格指数同比,HICP annual rate of change,2015-01,M,%,NSA,YoY,-0.4,Eurostat,prc_hicp_manr,prc_hicp_manr.CP00,HICP annual rate of change,https://ec.europa.eu/eurostat/databrowser/view/prc_hicp_manr/default/table,2026-02-06T23:00:00+0100,final,2026-08-13 18:04:54,2026-02-06T23:00:00+0100
FR.CPI_YOY_M.EUROSTAT,FR,FR,FRA,法国,France,CPI_YOY_M,调和居民消费价格指数同比,HICP annual rate of change,2015-02,M,%,NSA,YoY,-0.3,Eurostat,prc_hicp_manr,prc_hicp_manr.CP00,HICP annual rate of change,https://ec.europa.eu/eurostat/databrowser/view/prc_hicp_manr/default/table,2026-02-06T23:00:00+0100,final,2026-08-13 18:04:54,2026-02-06T23:00:00+0100
FR.CPI_YOY_M.EUROSTAT,FR,FR,FRA,法国,France,CPI_YOY_M,调和居民消费价格指数同比,HICP annual rate of change,2015-03,M,%,NSA,YoY,0.0,Eurostat,prc_hicp_manr,prc_hicp_manr.CP00,HICP annual rate of change,https://ec.europa.eu/eurostat/databrowser/view/prc_hicp_manr/default/table,2026-02-06T23:00:00+0100,final,2026-08-13 18:04:54,2026-02-06T23:00:00+0100
FR.CPI_YOY_M.EUROSTAT,FR,FR,FRA,法国,France,CPI_YOY_M,调和居民消费价格指数同比,HICP annual rate of change,2015-04,M,%,NSA,YoY,0.1,Eurostat,prc_hicp_manr,prc_hicp_manr.CP00,HICP annual rate of change,https://ec.europa.eu/eurostat/databrowser/view/prc_hicp_manr/default/table,2026-02-06T23:00:00+0100,final,2026-08-13 18:04:54,2026-02-06T23:00:00+0100
FR.CPI_YOY_M.EUROSTAT,FR,FR,FRA,法国,France,CPI_YOY_M,调和居民消费价格指数同比,HICP annual rate of change,2015-05,M,%,NSA,YoY,0.3,Eurostat,prc_hicp_manr,prc_hicp_manr.CP00,HICP annual rate of change,https://ec.europa.eu/eurostat/databrowser/view/prc_hicp_manr/default/table,2026-02-06T23:00:00+0100,final,2026-08-13 18:04:54,2026-02-06T23:00:00+0100
FR.CPI_YOY_M.EUROSTAT,FR,FR,FRA,法国,France,CPI_YOY_M,调和居民消费价格指数同比,HICP annual rate of change,2015-06,M,%,NSA,YoY,0.3,Eurostat,prc_hicp_manr,prc_hicp_manr.CP00,HICP annual rate of change,https://ec.europa.eu/eurostat/databrowser/view/prc_hicp_manr/default/table,2026-02-06T23:00:00+0100,final,2026-08-13 18:04:54,2026-02-06T23:00:00+0100
FR.CPI_YOY_M.EUROSTAT,FR,FR,FRA,法国,France,CPI_YOY_M,调和居民消费价格指数同比,HICP annual rate of change,2015-07,M,%,NSA,YoY,0.2,Eurostat,prc_hicp_manr,prc_hicp_manr.CP00,HICP annual rate of change,https://ec.europa.eu/eurostat/databrowser/view/prc_hicp_manr/default/table,2026-02-06T23:00:00+0100,final,2026-08-13 18:04:54,2026-02-06T23:00:00+0100
FR.CPI_YOY_M.EUROSTAT,FR,FR,FRA,法国,France,CPI_YOY_M,调和居民消费价格指数同比,HICP annual rate of change,2015-08,M,%,NSA,YoY,0.1,Eurostat,prc_hicp_manr,prc_hicp_manr.CP00,HICP annual rate of change,https://ec.europa.eu/eurostat/databrowser/view/prc_hicp_manr/default/table,2026-02-06T23:00:00+0100,final,2026-08-13 18:04:54,2026-02-06T23:00:00+0100
FR.CPI_YOY_M.EUROSTAT,FR,FR,FRA,法国,France,CPI_YOY_M,调和居民消费价格指数同比,HICP annual rate of change,2015-09,M,%,NSA,YoY,0.1,Eurostat,prc_hicp_manr,prc_hicp_manr.CP00,HICP annual rate of change,https://ec.europa.eu/eurostat/databrowser/view/prc_hicp_manr/default/table,2026-02-06T23:00:00+0100,final,2026-08-13 18:04:54,2026-02-06T23:00:00+0100
FR.CPI_YOY_M.EUROSTAT,FR,FR,FRA,法国,France,CPI_YOY_M,调和居民消费价格指数同比,HICP annual rate of change,2015-10,M,%,NSA,YoY,0.2,Eurostat,prc_hicp_manr,prc_hicp_manr.CP00,HICP annual rate of change,https://ec.europa.eu/eurostat/databrowser/view/prc_hicp_manr/default/table,2026-02-06T23:00:00+0100,final,2026-08-13 18:04:54,2026-02-06T23:00:00+0100
FR.CPI_YOY_M.EUROSTAT,FR,FR,FRA,法国,France,CPI_YOY_M,调和居民消费价格指数同比,HICP annual rate of change,2015-11,M,%,NSA,YoY,0.1,Eurostat,prc_hicp_manr,prc_hicp_manr.CP00,HICP annual rate of change,https://ec.europa.eu/eurostat/databrowser/view/prc_hicp_manr/default/table,2026-02-06T23:00:00+0100,final,2026-08-13 18:04:54,2026-02-06T23:00:00+0100
FR.CPI_YOY_M.EUROSTAT,FR,FR,FRA,法国,France,CPI_YOY_M,调和居民消费价格指数同比,HICP annual rate of change,2015-12,M,%,NSA,YoY,0.3,Eurostat,prc_hicp_manr,prc_hicp_manr.CP00,HICP annual rate of change,https://ec.europa.eu/eurostat/databrowser/view/prc_hicp_manr/default/table,2026-02-06T23:00:00+0100,final,2026-08-13 18:04:54,2026-02-06T23:00:00+0100
FR.CPI_YOY_M.EUROSTAT,FR,FR,FRA,法国,France,CPI_YOY_M,调和居民消费价格指数同比,HICP annual rate of change,2016-01,M,%,NSA,YoY,0.3,Eurostat,prc_hicp_manr,prc_hicp_manr.CP00,HICP annual rate of change,https://ec.europa.eu/eurostat/databrowser/view/prc_hicp_manr/default/table,2026-02-06T23:00:00+0100,final,2026-08-13 18:04:54,2026-02-06T23:00:00+0100
FR.CPI_YOY_M.EUROSTAT,FR,FR,FRA,法国,France,CPI_YOY_M,调和居民消费价格指数同比,HICP annual rate of change,2016-02,M,%,NSA,YoY,-0.1,Eurostat,prc_hicp_manr,prc_hicp_manr.CP00,HICP annual rate of change,https://ec.europa.eu/eurostat/databrowser/view/prc_hicp_manr/default/table,2026-02-06T23:00:00+0100,final,2026-08-13 18:04:54,2026-02-06T23:00:00+0100
FR.CPI_YOY_M.EUROSTAT,FR,FR,FRA,法国,France,CPI_YOY_M,调和居民消费价格指数同比,HICP annual rate of change,2016-03,M,%,NSA,YoY,-0.1,Eurostat,prc_hicp_manr,prc_hicp_manr.CP00,HICP annual rate of change,https://ec.europa.eu/eurostat/databrowser/view/prc_hicp_manr/default/table,2026-02-06T23:00:00+0100,final,2026-08-13 18:04:54,2026-02-06T23:00:00+0100
FR.CPI_YOY_M.EUROSTAT,FR,FR,FRA,法国,France,CPI_YOY_M,调和居民消费价格指数同比,HICP annual rate of change,2016-04,M,%,NSA,YoY,-0.1,Eurostat,prc_hicp_manr,prc_hicp_manr.CP00,HICP annual rate of change,https://ec.europa.eu/eurostat/databrowser/view/prc_hicp_manr/default/table,2026-02-06T23:00:00+0100,final,2026-08-13 18:04:54,2026-02-06T23:00:00+0100
FR.CPI_YOY_M.EUROSTAT,FR,FR,FRA,法国,France,CPI_YOY_M,调和居民消费价格指数同比,HICP annual rate of change,2016-05,M,%,NSA,YoY,0.1,Eurostat,prc_hicp_manr,prc_hicp_manr.CP00,HICP annual rate of change,https://ec.europa.eu/eurostat/databrowser/view/prc_hicp_manr/default/table,2026-02-06T23:00:00+0100,final,2026-08-13 18:04:54,2026-02-06T23:00:00+0100
FR.CPI_YOY_M.EUROSTAT,FR,FR,FRA,法国,France,CPI_YOY_M,调和居民消费价格指数同比,HICP annual rate of change,2016-06,M,%,NSA,YoY,0.3,Eurostat,prc_hicp_manr,prc_hicp_manr.CP00,HICP annual rate of change,https://ec.europa.eu/eurostat/databrowser/view/prc_hicp_manr/default/table,2026-02-06T23:00:00+0100,final,2026-08-13 18:04:54,2026-02-06T23:00:00+0100
FR.CPI_YOY_M.EUROSTAT,FR,FR,FRA,法国,France,CPI_YOY_M,调和居民消费价格指数同比,HICP annual rate of change,2016-07,M,%,NSA,YoY,0.4,Eurostat,prc_hicp_manr,prc_hicp_manr.CP00,HICP annual rate of change,https://ec.europa.eu/eurostat/databrowser/view/prc_hicp_manr/default/table,2026-02-06T23:00:00+0100,final,2026-08-13 18:04:54,2026-02-06T23:00:00+0100
FR.CPI_YOY_M.EUROSTAT,FR,FR,FRA,法国,France,CPI_YOY_M,调和居民消费价格指数同比,HICP annual rate of change,2016-08,M,%,NSA,YoY,0.4,Eurostat,prc_hicp_manr,prc_hicp_manr.CP00,HICP annual rate of change,https://ec.europa.eu/eurostat/databrowser/view/prc_hicp_manr/default/table,2026-02-06T23:00:00+0100,final,2026-08-13 18:04:54,2026-02-06T23:00:00+0100
FR.CPI_YOY_M.EUROSTAT,FR,FR,FRA,法国,France,CPI_YOY_M,调和居民消费价格指数同比,HICP annual rate of change,2016-09,M,%,NSA,YoY,0.5,Eurostat,prc_hicp_manr,prc_hicp_manr.CP00,HICP annual rate of change,https://ec.europa.eu/eurostat/databrowser/view/prc_hicp_manr/default/table,2026-02-06T23:00:00+0100,final,2026-08-13 18:04:54,2026-02-06T23:00:00+0100
FR.CPI_YOY_M.EUROSTAT,FR,FR,FRA,法国,France,CPI_YOY_M,调和居民消费价格指数同比,HICP annual rate of change,2016-10,M,%,NSA,YoY,0.5,Eurostat,prc_hicp_manr,prc_hicp_manr.CP00,HICP annual rate of change,https://ec.europa.eu/eurostat/databrowser/view/prc_hicp_manr/default/table,2026-02-06T23:00:00+0100,final,2026-08-13 18:04:54,2026-02-06T23:00:00+0100
FR.CPI_YOY_M.EUROSTAT,FR,FR,FRA,法国,France,CPI_YOY_M,调和居民消费价格指数同比,HICP annual rate of change,2016-11,M,%,NSA,YoY,0.7,Eurostat,prc_hicp_manr,prc_hicp_manr.CP00,HICP annual rate of change,https://ec.europa.eu/eurostat/databrowser/view/prc_hicp_manr/default/table,2026-02-06T23:00:00+0100,final,2026-08-13 18:04:54,2026-02-06T23:00:00+0100
FR.CPI_YOY_M.EUROSTAT,FR,FR,FRA,法国,France,CPI_YOY_M,调和居民消费价格指数同比,HICP annual rate of change,2016-12,M,%,NSA,YoY,0.8,Eurostat,prc_hicp_manr,prc_hicp_manr.CP00,HICP annual rate of change,https://ec.europa.eu/eurostat/databrowser/view/prc_hicp_manr/default/table,2026-02-06T23:00:00+0100,final,2026-08-13 18:04:54,2026-02-06T23:00:00+0100
FR.CPI_YOY_M.EUROSTAT,FR,FR,FRA,法国,France,CPI_YOY_M,调和居民消费价格指数同比,HICP annual rate of change,2017-01,M,%,NSA,YoY,1.6,Eurostat,prc_hicp_manr,prc_hicp_manr.CP00,HICP annual rate of change,https://ec.europa.eu/eurostat/databrowser/view/prc_hicp_manr/default/table,2026-02-06T23:00:00+0100,final,2026-08-13 18:04:54,2026-02-06T23:00:00+0100
FR.CPI_YOY_M.EUROSTAT,FR,FR,FRA,法国,France,CPI_YOY_M,调和居民消费价格指数同比,HICP annual rate of change,2017-02,M,%,NSA,YoY,1.4,Eurostat,prc_hicp_manr,prc_hicp_manr.CP00,HICP annual rate of change,https://ec.europa.eu/eurostat/databrowser/view/prc_hicp_manr/default/table,2026-02-06T23:00:00+0100,final,2026-08-13 18:04:54,2026-02-06T23:00:00+0100
FR.CPI_YOY_M.EUROSTAT,FR,FR,FRA,法国,France,CPI_YOY_M,调和居民消费价格指数同比,HICP annual rate of change,2017-03,M,%,NSA,YoY,1.4,Eurostat,prc_hicp_manr,prc_hicp_manr.CP00,HICP annual rate of change,https://ec.europa.eu/eurostat/databrowser/view/prc_hicp_manr/default/table,2026-02-06T23:00:00+0100,final,2026-08-13 18:04:54,2026-02-06T23:00:00+0100
FR.CPI_YOY_M.EUROSTAT,FR,FR,FRA,法国,France,CPI_YOY_M,调和居民消费价格指数同比,HICP annual rate of change,2017-04,M,%,NSA,YoY,1.4,Eurostat,prc_hicp_manr,prc_hicp_manr.CP00,HICP annual rate of change,https://ec.europa.eu/eurostat/databrowser/view/prc_hicp_manr/default/table,2026-02-06T23:00:00+0100,final,2026-08-13 18:04:54,2026-02-06T23:00:00+0100
FR.CPI_YOY_M.EUROSTAT,FR,FR,FRA,法国,France,CPI_YOY_M,调和居民消费价格指数同比,HICP annual rate of change,2017-05,M,%,NSA,YoY,0.9,Eurostat,prc_hicp_manr,prc_hicp_manr.CP00,HICP annual rate of change,https://ec.europa.eu/eurostat/databrowser/view/prc_hicp_manr/default/table,2026-02-06T23:00:00+0100,final,2026-08-13 18:04:54,2026-02-06T23:00:00+0100
FR.CPI_YOY_M.EUROSTAT,FR,FR,FRA,法国,France,CPI_YOY_M,调和居民消费价格指数同比,HICP annual rate of change,2017-06,M,%,NSA,YoY,0.8,Eurostat,prc_hicp_manr,prc_hicp_manr.CP00,HICP annual rate of change,https://ec.europa.eu/eurostat/databrowser/view/prc_hicp_manr/default/table,2026-02-06T23:00:00+0100,final,2026-08-13 18:04:54,2026-02-06T23:00:00+0100
FR.CPI_YOY_M.EUROSTAT,FR,FR,FRA,法国,France,CPI_YOY_M,调和居民消费价格指数同比,HICP annual rate of change,2017-07,M,%,NSA,YoY,0.8,Eurostat,prc_hicp_manr,prc_hicp_manr.CP00,HICP annual rate of change,https://ec.europa.eu/eurostat/databrowser/view/prc_hicp_manr/default/table,2026-02-06T23:00:00+0100,final,2026-08-13 18:04:54,2026-02-06T23:00:00+0100
FR.CPI_YOY_M.EUROSTAT,FR,FR,FRA,法国,France,CPI_YOY_M,调和居民消费价格指数同比,HICP annual rate of change,2017-08,M,%,NSA,YoY,1.0,Eurostat,prc_hicp_manr,prc_hicp_manr.CP00,HICP annual rate of change,https://ec.europa.eu/eurostat/databrowser/view/prc_hicp_manr/default/table,2026-02-06T23:00:00+0100,final,2026-08-13 18:04:54,2026-02-06T23:00:00+0100
FR.CPI_YOY_M.EUROSTAT,FR,FR,FRA,法国,France,CPI_YOY_M,调和居民消费价格指数同比,HICP annual rate of change,2017-09,M,%,NSA,YoY,1.1,Eurostat,prc_hicp_manr,prc_hicp_manr.CP00,HICP annual rate of change,https://ec.europa.eu/eurostat/databrowser/view/prc_hicp_manr/default/table,2026-02-06T23:00:00+0100,final,2026-08-13 18:04:54,2026-02-06T23:00:00+0100
FR.CPI_YOY_M.EUROSTAT,FR,FR,FRA,法国,France,CPI_YOY_M,调和居民消费价格指数同比,HICP annual rate of change,2017-10,M,%,NSA,YoY,1.2,Eurostat,prc_hicp_manr,prc_hicp_manr.CP00,HICP annual rate of change,https://ec.europa.eu/eurostat/databrowser/view/prc_hicp_manr/default/table,2026-02-06T23:00:00+0100,final,2026-08-13 18:04:54,2026-02-06T23:00:00+0100
FR.CPI_YOY_M.EUROSTAT,FR,FR,FRA,法国,France,CPI_YOY_M,调和居民消费价格指数同比,HICP annual rate of change,2017-11,M,%,NSA,YoY,1.2,Eurostat,prc_hicp_manr,prc_hicp_manr.CP00,HICP annual rate of change,https://ec.europa.eu/eurostat/databrowser/view/prc_hicp_manr/default/table,2026-02-06T23:00:00+0100,final,2026-08-13 18:04:54,2026-02-06T23:00:00+0100
FR.CPI_YOY_M.EUROSTAT,FR,FR,FRA,法国,France,CPI_YOY_M,调和居民消费价格指数同比,HICP annual rate of change,2017-12,M,%,NSA,YoY,1.2,Eurostat,prc_hicp_manr,prc_hicp_manr.CP00,HICP annual rate of change,https://ec.europa.eu/eurostat/databrowser/view/prc_hicp_manr/default/table,2026-02-06T23:00:00+0100,final,2026-08-13 18:04:54,2026-02-06T23:00:00+0100
FR.CPI_YOY_M.EUROSTAT,FR,FR,FRA,法国,France,CPI_YOY_M,调和居民消费价格指数同比,HICP annual rate of change,2018-01,M,%,NSA,YoY,1.5,Eurostat,prc_hicp_manr,prc_hicp_manr.CP00,HICP annual rate of change,https://ec.europa.eu/eurostat/databrowser/view/prc_hicp_manr/default/table,2026-02-06T23:00:00+0100,final,2026-08-13 18:04:54,2026-02-06T23:00:00+0100
FR.CPI_YOY_M.EUROSTAT,FR,FR,FRA,法国,France,CPI_YOY_M,调和居民消费价格指数同比,HICP annual rate of change,2018-02,M,%,NSA,YoY,1.3,Eurostat,prc_hicp_manr,prc_hicp_manr.CP00,HICP annual rate of change,https://ec.europa.eu/eurostat/databrowser/view/prc_hicp_manr/default/table,2026-02-06T23:00:00+0100,final,2026-08-13 18:04:54,2026-02-06T23:00:00+0100
FR.CPI_YOY_M.EUROSTAT,FR,FR,FRA,法国,France,CPI_YOY_M,调和居民消费价格指数同比,HICP annual rate of change,2018-03,M,%,NSA,YoY,1.7,Eurostat,prc_hicp_manr,prc_hicp_manr.CP00,HICP annual rate of change,https://ec.europa.eu/eurostat/databrowser/view/prc_hicp_manr/default/table,2026-02-06T23:00:00+0100,final,2026-08-13 18:04:54,2026-02-06T23:00:00+0100
FR.CPI_YOY_M.EUROSTAT,FR,FR,FRA,法国,France,CPI_YOY_M,调和居民消费价格指数同比,HICP annual rate of change,2018-04,M,%,NSA,YoY,1.8,Eurostat,prc_hicp_manr,prc_hicp_manr.CP00,HICP annual rate of change,https://ec.europa.eu/eurostat/databrowser/view/prc_hicp_manr/default/table,2026-02-06T23:00:00+0100,final,2026-08-13 18:04:54,2026-02-06T23:00:00+0100
FR.CPI_YOY_M.EUROSTAT,FR,FR,FRA,法国,France,CPI_YOY_M,调和居民消费价格指数同比,HICP annual rate of change,2018-05,M,%,NSA,YoY,2.3,Eurostat,prc_hicp_manr,prc_hicp_manr.CP00,HICP annual rate of change,https://ec.europa.eu/eurostat/databrowser/view/prc_hicp_manr/default/table,2026-02-06T23:00:00+0100,final,2026-08-13 18:04:54,2026-02-06T23:00:00+0100
FR.CPI_YOY_M.EUROSTAT,FR,FR,FRA,法国,France,CPI_YOY_M,调和居民消费价格指数同比,HICP annual rate of change,2018-06,M,%,NSA,YoY,2.3,Eurostat,prc_hicp_manr,prc_hicp_manr.CP00,HICP annual rate of change,https://ec.europa.eu/eurostat/databrowser/view/prc_hicp_manr/default/table,2026-02-06T23:00:00+0100,final,2026-08-13 18:04:54,2026-02-06T23:00:00+0100
FR.CPI_YOY_M.EUROSTAT,FR,FR,FRA,法国,France,CPI_YOY_M,调和居民消费价格指数同比,HICP annual rate of change,2018-07,M,%,NSA,YoY,2.6,Eurostat,prc_hicp_manr,prc_hicp_manr.CP00,HICP annual rate of change,https://ec.europa.eu/eurostat/databrowser/view/prc_hicp_manr/default/table,2026-02-06T23:00:00+0100,final,2026-08-13 18:04:54,2026-02-06T23:00:00+0100
FR.CPI_YOY_M.EUROSTAT,FR,FR,FRA,法国,France,CPI_YOY_M,调和居民消费价格指数同比,HICP annual rate of change,2018-08,M,%,NSA,YoY,2.6,Eurostat,prc_hicp_manr,prc_hicp_manr.CP00,HICP annual rate of change,https://ec.europa.eu/eurostat/databrowser/view/prc_hicp_manr/default/table,2026-02-06T23:00:00+0100,final,2026-08-13 18:04:54,2026-02-06T23:00:00+0100
FR.CPI_YOY_M.EUROSTAT,FR,FR,FRA,法国,France,CPI_YOY_M,调和居民消费价格指数同比,HICP annual rate of change,2018-09,M,%,NSA,YoY,2.5,Eurostat,prc_hicp_manr,prc_hicp_manr.CP00,HICP annual rate of change,https://ec.europa.eu/eurostat/databrowser/view/prc_hicp_manr/default/table,2026-02-06T23:00:00+0100,final,2026-08-13 18:04:54,2026-02-06T23:00:00+0100
FR.CPI_YOY_M.EUROSTAT,FR,FR,FRA,法国,France,CPI_YOY_M,调和居民消费价格指数同比,HICP annual rate of change,2018-10,M,%,NSA,YoY,2.5,Eurostat,prc_hicp_manr,prc_hicp_manr.CP00,HICP annual rate of change,https://ec.europa.eu/eurostat/databrowser/view/prc_hicp_manr/default/table,2026-02-06T23:00:00+0100,final,2026-08-13 18:04:54,2026-02-06T23:00:00+0100
FR.CPI_YOY_M.EUROSTAT,FR,FR,FRA,法国,France,CPI_YOY_M,调和居民消费价格指数同比,HICP annual rate of change,2018-11,M,%,NSA,YoY,2.2,Eurostat,prc_hicp_manr,prc_hicp_manr.CP00,HICP annual rate of change,https://ec.europa.eu/eurostat/databrowser/view/prc_hicp_manr/default/table,2026-02-06T23:00:00+0100,final,2026-08-13 18:04:54,2026-02-06T23:00:00+0100
FR.CPI_YOY_M.EUROSTAT,FR,FR,FRA,法国,France,CPI_YOY_M,调和居民消费价格指数同比,HICP annual rate of change,2018-12,M,%,NSA,YoY,1.9,Eurostat,prc_hicp_manr,prc_hicp_manr.CP00,HICP annual rate of change,https://ec.europa.eu/eurostat/databrowser/view/prc_hicp_manr/default/table,2026-02-06T23:00:00+0100,final,2026-08-13 18:04:54,2026-02-06T23:00:00+0100
FR.CPI_YOY_M.EUROSTAT,FR,FR,FRA,法国,France,CPI_YOY_M,调和居民消费价格指数同比,HICP annual rate of change,2019-01,M,%,NSA,YoY,1.4,Eurostat,prc_hicp_manr,prc_hicp_manr.CP00,HICP annual rate of change,https://ec.europa.eu/eurostat/databrowser/view/prc_hicp_manr/default/table,2026-02-06T23:00:00+0100,final,2026-08-13 18:04:54,2026-02-06T23:00:00+0100
FR.CPI_YOY_M.EUROSTAT,FR,FR,FRA,法国,France,CPI_YOY_M,调和居民消费价格指数同比,HICP annual rate of change,2019-02,M,%,NSA,YoY,1.6,Eurostat,prc_hicp_manr,prc_hicp_manr.CP00,HICP annual rate of change,https://ec.europa.eu/eurostat/databrowser/view/prc_hicp_manr/default/table,2026-02-06T23:00:00+0100,final,2026-08-13 18:04:54,2026-02-06T23:00:00+0100
FR.CPI_YOY_M.EUROSTAT,FR,FR,FRA,法国,France,CPI_YOY_M,调和居民消费价格指数同比,HICP annual rate of change,2019-03,M,%,NSA,YoY,1.3,Eurostat,prc_hicp_manr,prc_hicp_manr.CP00,HICP annual rate of change,https://ec.europa.eu/eurostat/databrowser/view/prc_hicp_manr/default/table,2026-02-06T23:00:00+0100,final,2026-08-13 18:04:54,2026-02-06T23:00:00+0100
FR.CPI_YOY_M.EUROSTAT,FR,FR,FRA,法国,France,CPI_YOY_M,调和居民消费价格指数同比,HICP annual rate of change,2019-04,M,%,NSA,YoY,1.5,Eurostat,prc_hicp_manr,prc_hicp_manr.CP00,HICP annual rate of change,https://ec.europa.eu/eurostat/databrowser/view/prc_hicp_manr/default/table,2026-02-06T23:00:00+0100,final,2026-08-13 18:04:54,2026-02-06T23:00:00+0100
FR.CPI_YOY_M.EUROSTAT,FR,FR,FRA,法国,France,CPI_YOY_M,调和居民消费价格指数同比,HICP annual rate of change,2019-05,M,%,NSA,YoY,1.1,Eurostat,prc_hicp_manr,prc_hicp_manr.CP00,HICP annual rate of change,https://ec.europa.eu/eurostat/databrowser/view/prc_hicp_manr/default/table,2026-02-06T23:00:00+0100,final,2026-08-13 18:04:54,2026-02-06T23:00:00+0100
FR.CPI_YOY_M.EUROSTAT,FR,FR,FRA,法国,France,CPI_YOY_M,调和居民消费价格指数同比,HICP annual rate of change,2019-06,M,%,NSA,YoY,1.4,Eurostat,prc_hicp_manr,prc_hicp_manr.CP00,HICP annual rate of change,https://ec.europa.eu/eurostat/databrowser/view/prc_hicp_manr/default/table,2026-02-06T23:00:00+0100,final,2026-08-13 18:04:54,2026-02-06T23:00:00+0100
FR.CPI_YOY_M.EUROSTAT,FR,FR,FRA,法国,France,CPI_YOY_M,调和居民消费价格指数同比,HICP annual rate of change,2019-07,M,%,NSA,YoY,1.3,Eurostat,prc_hicp_manr,prc_hicp_manr.CP00,HICP annual rate of change,https://ec.europa.eu/eurostat/databrowser/view/prc_hicp_manr/default/table,2026-02-06T23:00:00+0100,final,2026-08-13 18:04:54,2026-02-06T23:00:00+0100
FR.CPI_YOY_M.EUROSTAT,FR,FR,FRA,法国,France,CPI_YOY_M,调和居民消费价格指数同比,HICP annual rate of change,2019-08,M,%,NSA,YoY,1.3,Eurostat,prc_hicp_manr,prc_hicp_manr.CP00,HICP annual rate of change,https://ec.europa.eu/eurostat/databrowser/view/prc_hicp_manr/default/table,2026-02-06T23:00:00+0100,final,2026-08-13 18:04:54,2026-02-06T23:00:00+0100
FR.CPI_YOY_M.EUROSTAT,FR,FR,FRA,法国,France,CPI_YOY_M,调和居民消费价格指数同比,HICP annual rate of change,2019-09,M,%,NSA,YoY,1.1,Eurostat,prc_hicp_manr,prc_hicp_manr.CP00,HICP annual rate of change,https://ec.europa.eu/eurostat/databrowser/view/prc_hicp_manr/default/table,2026-02-06T23:00:00+0100,final,2026-08-13 18:04:54,2026-02-06T23:00:00+0100
FR.CPI_YOY_M.EUROSTAT,FR,FR,FRA,法国,France,CPI_YOY_M,调和居民消费价格指数同比,HICP annual rate of change,2019-10,M,%,NSA,YoY,0.9,Eurostat,prc_hicp_manr,prc_hicp_manr.CP00,HICP annual rate of change,https://ec.europa.eu/eurostat/databrowser/view/prc_hicp_manr/default/table,2026-02-06T23:00:00+0100,final,2026-08-13 18:04:54,2026-02-06T23:00:00+0100
FR.CPI_YOY_M.EUROSTAT,FR,FR,FRA,法国,France,CPI_YOY_M,调和居民消费价格指数同比,HICP annual rate of change,2019-11,M,%,NSA,YoY,1.2,Eurostat,prc_hicp_manr,prc_hicp_manr.CP00,HICP annual rate of change,https://ec.europa.eu/eurostat/databrowser/view/prc_hicp_manr/default/table,2026-02-06T23:00:00+0100,final,2026-08-13 18:04:54,2026-02-06T23:00:00+0100
FR.CPI_YOY_M.EUROSTAT,FR,FR,FRA,法国,France,CPI_YOY_M,调和居民消费价格指数同比,HICP annual rate of change,2019-12,M,%,NSA,YoY,1.6,Eurostat,prc_hicp_manr,prc_hicp_manr.CP00,HICP annual rate of change,https://ec.europa.eu/eurostat/databrowser/view/prc_hicp_manr/default/table,2026-02-06T23:00:00+0100,final,2026-08-13 18:04:54,2026-02-06T23:00:00+0100
FR.CPI_YOY_M.EUROSTAT,FR,FR,FRA,法国,France,CPI_YOY_M,调和居民消费价格指数同比,HICP annual rate of change,2020-01,M,%,NSA,YoY,1.7,Eurostat,prc_hicp_manr,prc_hicp_manr.CP00,HICP annual rate of change,https://ec.europa.eu/eurostat/databrowser/view/prc_hicp_manr/default/table,2026-02-06T23:00:00+0100,final,2026-08-13 18:04:54,2026-02-06T23:00:00+0100
FR.CPI_YOY_M.EUROSTAT,FR,FR,FRA,法国,France,CPI_YOY_M,调和居民消费价格指数同比,HICP annual rate of change,2020-02,M,%,NSA,YoY,1.6,Eurostat,prc_hicp_manr,prc_hicp_manr.CP00,HICP annual rate of change,https://ec.europa.eu/eurostat/databrowser/view/prc_hicp_manr/default/table,2026-02-06T23:00:00+0100,final,2026-08-13 18:04:54,2026-02-06T23:00:00+0100
FR.CPI_YOY_M.EUROSTAT,FR,FR,FRA,法国,France,CPI_YOY_M,调和居民消费价格指数同比,HICP annual rate of change,2020-03,M,%,NSA,YoY,0.8,Eurostat,prc_hicp_manr,prc_hicp_manr.CP00,HICP annual rate of change,https://ec.europa.eu/eurostat/databrowser/view/prc_hicp_manr/default/table,2026-02-06T23:00:00+0100,final,2026-08-13 18:04:54,2026-02-06T23:00:00+0100
FR.CPI_YOY_M.EUROSTAT,FR,FR,FRA,法国,France,CPI_YOY_M,调和居民消费价格指数同比,HICP annual rate of change,2020-04,M,%,NSA,YoY,0.4,Eurostat,prc_hicp_manr,prc_hicp_manr.CP00,HICP annual rate of change,https://ec.europa.eu/eurostat/databrowser/view/prc_hicp_manr/default/table,2026-02-06T23:00:00+0100,final,2026-08-13 18:04:54,2026-02-06T23:00:00+0100
FR.CPI_YOY_M.EUROSTAT,FR,FR,FRA,法国,France,CPI_YOY_M,调和居民消费价格指数同比,HICP annual rate of change,2020-05,M,%,NSA,YoY,0.4,Eurostat,prc_hicp_manr,prc_hicp_manr.CP00,HICP annual rate of change,https://ec.europa.eu/eurostat/databrowser/view/prc_hicp_manr/default/table,2026-02-06T23:00:00+0100,final,2026-08-13 18:04:54,2026-02-06T23:00:00+0100
FR.CPI_YOY_M.EUROSTAT,FR,FR,FRA,法国,France,CPI_YOY_M,调和居民消费价格指数同比,HICP annual rate of change,2020-06,M,%,NSA,YoY,0.2,Eurostat,prc_hicp_manr,prc_hicp_manr.CP00,HICP annual rate of change,https://ec.europa.eu/eurostat/databrowser/view/prc_hicp_manr/default/table,2026-02-06T23:00:00+0100,final,2026-08-13 18:04:54,2026-02-06T23:00:00+0100
FR.CPI_YOY_M.EUROSTAT,FR,FR,FRA,法国,France,CPI_YOY_M,调和居民消费价格指数同比,HICP annual rate of change,2020-07,M,%,NSA,YoY,0.9,Eurostat,prc_hicp_manr,prc_hicp_manr.CP00,HICP annual rate of change,https://ec.europa.eu/eurostat/databrowser/view/prc_hicp_manr/default/table,2026-02-06T23:00:00+0100,final,2026-08-13 18:04:54,2026-02-06T23:00:00+0100
FR.CPI_YOY_M.EUROSTAT,FR,FR,FRA,法国,France,CPI_YOY_M,调和居民消费价格指数同比,HICP annual rate of change,2020-08,M,%,NSA,YoY,0.2,Eurostat,prc_hicp_manr,prc_hicp_manr.CP00,HICP annual rate of change,https://ec.europa.eu/eurostat/databrowser/view/prc_hicp_manr/default/table,2026-02-06T23:00:00+0100,final,2026-08-13 18:04:54,2026-02-06T23:00:00+0100
FR.CPI_YOY_M.EUROSTAT,FR,FR,FRA,法国,France,CPI_YOY_M,调和居民消费价格指数同比,HICP annual rate of change,2020-09,M,%,NSA,YoY,0.0,Eurostat,prc_hicp_manr,prc_hicp_manr.CP00,HICP annual rate of change,https://ec.europa.eu/eurostat/databrowser/view/prc_hicp_manr/default/table,2026-02-06T23:00:00+0100,final,2026-08-13 18:04:54,2026-02-06T23:00:00+0100
FR.CPI_YOY_M.EUROSTAT,FR,FR,FRA,法国,France,CPI_YOY_M,调和居民消费价格指数同比,HICP annual rate of change,2020-10,M,%,NSA,YoY,0.1,Eurostat,prc_hicp_manr,prc_hicp_manr.CP00,HICP annual rate of change,https://ec.europa.eu/eurostat/databrowser/view/prc_hicp_manr/default/table,2026-02-06T23:00:00+0100,final,2026-08-13 18:04:54,2026-02-06T23:00:00+0100
FR.CPI_YOY_M.EUROSTAT,FR,FR,FRA,法国,France,CPI_YOY_M,调和居民消费价格指数同比,HICP annual rate of change,2020-11,M,%,NSA,YoY,0.2,Eurostat,prc_hicp_manr,prc_hicp_manr.CP00,HICP annual rate of change,https://ec.europa.eu/eurostat/databrowser/view/prc_hicp_manr/default/table,2026-02-06T23:00:00+0100,final,2026-08-13 18:04:54,2026-02-06T23:00:00+0100
FR.CPI_YOY_M.EUROSTAT,FR,FR,FRA,法国,France,CPI_YOY_M,调和居民消费价格指数同比,HICP annual rate of change,2020-12,M,%,NSA,YoY,0.0,Eurostat,prc_hicp_manr,prc_hicp_manr.CP00,HICP annual rate of change,https://ec.europa.eu/eurostat/databrowser/view/prc_hicp_manr/default/table,2026-02-06T23:00:00+0100,final,2026-08-13 18:04:54,2026-02-06T23:00:00+0100
FR.CPI_YOY_M.EUROSTAT,FR,FR,FRA,法国,France,CPI_YOY_M,调和居民消费价格指数同比,HICP annual rate of change,2021-01,M,%,NSA,YoY,0.8,Eurostat,prc_hicp_manr,prc_hicp_manr.CP00,HICP annual rate of change,https://ec.europa.eu/eurostat/databrowser/view/prc_hicp_manr/default/table,2026-02-06T23:00:00+0100,final,2026-08-13 18:04:54,2026-02-06T23:00:00+0100
FR.CPI_YOY_M.EUROSTAT,FR,FR,FRA,法国,France,CPI_YOY_M,调和居民消费价格指数同比,HICP annual rate of change,2021-02,M,%,NSA,YoY,0.8,Eurostat,prc_hicp_manr,prc_hicp_manr.CP00,HICP annual rate of change,https://ec.europa.eu/eurostat/databrowser/view/prc_hicp_manr/default/table,2026-02-06T23:00:00+0100,final,2026-08-13 18:04:54,2026-02-06T23:00:00+0100
FR.CPI_YOY_M.EUROSTAT,FR,FR,FRA,法国,France,CPI_YOY_M,调和居民消费价格指数同比,HICP annual rate of change,2021-03,M,%,NSA,YoY,1.4,Eurostat,prc_hicp_manr,prc_hicp_manr.CP00,HICP annual rate of change,https://ec.europa.eu/eurostat/databrowser/view/prc_hicp_manr/default/table,2026-02-06T23:00:00+0100,final,2026-08-13 18:04:54,2026-02-06T23:00:00+0100
FR.CPI_YOY_M.EUROSTAT,FR,FR,FRA,法国,France,CPI_YOY_M,调和居民消费价格指数同比,HICP annual rate of change,2021-04,M,%,NSA,YoY,1.6,Eurostat,prc_hicp_manr,prc_hicp_manr.CP00,HICP annual rate of change,https://ec.europa.eu/eurostat/databrowser/view/prc_hicp_manr/default/table,2026-02-06T23:00:00+0100,final,2026-08-13 18:04:54,2026-02-06T23:00:00+0100
FR.CPI_YOY_M.EUROSTAT,FR,FR,FRA,法国,France,CPI_YOY_M,调和居民消费价格指数同比,HICP annual rate of change,2021-05,M,%,NSA,YoY,1.8,Eurostat,prc_hicp_manr,prc_hicp_manr.CP00,HICP annual rate of change,https://ec.europa.eu/eurostat/databrowser/view/prc_hicp_manr/default/table,2026-02-06T23:00:00+0100,final,2026-08-13 18:04:54,2026-02-06T23:00:00+0100
FR.CPI_YOY_M.EUROSTAT,FR,FR,FRA,法国,France,CPI_YOY_M,调和居民消费价格指数同比,HICP annual rate of change,2021-06,M,%,NSA,YoY,1.9,Eurostat,prc_hicp_manr,prc_hicp_manr.CP00,HICP annual rate of change,https://ec.europa.eu/eurostat/databrowser/view/prc_hicp_manr/default/table,2026-02-06T23:00:00+0100,final,2026-08-13 18:04:54,2026-02-06T23:00:00+0100
FR.CPI_YOY_M.EUROSTAT,FR,FR,FRA,法国,France,CPI_YOY_M,调和居民消费价格指数同比,HICP annual rate of change,2021-07,M,%,NSA,YoY,1.5,Eurostat,prc_hicp_manr,prc_hicp_manr.CP00,HICP annual rate of change,https://ec.europa.eu/eurostat/databrowser/view/prc_hicp_manr/default/table,2026-02-06T23:00:00+0100,final,2026-08-13 18:04:54,2026-02-06T23:00:00+0100
FR.CPI_YOY_M.EUROSTAT,FR,FR,FRA,法国,France,CPI_YOY_M,调和居民消费价格指数同比,HICP annual rate of change,2021-08,M,%,NSA,YoY,2.4,Eurostat,prc_hicp_manr,prc_hicp_manr.CP00,HICP annual rate of change,https://ec.europa.eu/eurostat/databrowser/view/prc_hicp_manr/default/table,2026-02-06T23:00:00+0100,final,2026-08-13 18:04:54,2026-02-06T23:00:00+0100
FR.CPI_YOY_M.EUROSTAT,FR,FR,FRA,法国,France,CPI_YOY_M,调和居民消费价格指数同比,HICP annual rate of change,2021-09,M,%,NSA,YoY,2.7,Eurostat,prc_hicp_manr,prc_hicp_manr.CP00,HICP annual rate of change,https://ec.europa.eu/eurostat/databrowser/view/prc_hicp_manr/default/table,2026-02-06T23:00:00+0100,final,2026-08-13 18:04:54,2026-02-06T23:00:00+0100
FR.CPI_YOY_M.EUROSTAT,FR,FR,FRA,法国,France,CPI_YOY_M,调和居民消费价格指数同比,HICP annual rate of change,2021-10,M,%,NSA,YoY,3.2,Eurostat,prc_hicp_manr,prc_hicp_manr.CP00,HICP annual rate of change,https://ec.europa.eu/eurostat/databrowser/view/prc_hicp_manr/default/table,2026-02-06T23:00:00+0100,final,2026-08-13 18:04:54,2026-02-06T23:00:00+0100
FR.CPI_YOY_M.EUROSTAT,FR,FR,FRA,法国,France,CPI_YOY_M,调和居民消费价格指数同比,HICP annual rate of change,2021-11,M,%,NSA,YoY,3.4,Eurostat,prc_hicp_manr,prc_hicp_manr.CP00,HICP annual rate of change,https://ec.europa.eu/eurostat/databrowser/view/prc_hicp_manr/default/table,2026-02-06T23:00:00+0100,final,2026-08-13 18:04:54,2026-02-06T23:00:00+0100
FR.CPI_YOY_M.EUROSTAT,FR,FR,FRA,法国,France,CPI_YOY_M,调和居民消费价格指数同比,HICP annual rate of change,2021-12,M,%,NSA,YoY,3.4,Eurostat,prc_hicp_manr,prc_hicp_manr.CP00,HICP annual rate of change,https://ec.europa.eu/eurostat/databrowser/view/prc_hicp_manr/default/table,2026-02-06T23:00:00+0100,final,2026-08-13 18:04:54,2026-02-06T23:00:00+0100
FR.CPI_YOY_M.EUROSTAT,FR,FR,FRA,法国,France,CPI_YOY_M,调和居民消费价格指数同比,HICP annual rate of change,2022-01,M,%,NSA,YoY,3.3,Eurostat,prc_hicp_manr,prc_hicp_manr.CP00,HICP annual rate of change,https://ec.europa.eu/eurostat/databrowser/view/prc_hicp_manr/default/table,2026-02-06T23:00:00+0100,final,2026-08-13 18:04:54,2026-02-06T23:00:00+0100
FR.CPI_YOY_M.EUROSTAT,FR,FR,FRA,法国,France,CPI_YOY_M,调和居民消费价格指数同比,HICP annual rate of change,2022-02,M,%,NSA,YoY,4.2,Eurostat,prc_hicp_manr,prc_hicp_manr.CP00,HICP annual rate of change,https://ec.europa.eu/eurostat/databrowser/view/prc_hicp_manr/default/table,2026-02-06T23:00:00+0100,final,2026-08-13 18:04:54,2026-02-06T23:00:00+0100
FR.CPI_YOY_M.EUROSTAT,FR,FR,FRA,法国,France,CPI_YOY_M,调和居民消费价格指数同比,HICP annual rate of change,2022-03,M,%,NSA,YoY,5.1,Eurostat,prc_hicp_manr,prc_hicp_manr.CP00,HICP annual rate of change,https://ec.europa.eu/eurostat/databrowser/view/prc_hicp_manr/default/table,2026-02-06T23:00:00+0100,final,2026-08-13 18:04:54,2026-02-06T23:00:00+0100
FR.CPI_YOY_M.EUROSTAT,FR,FR,FRA,法国,France,CPI_YOY_M,调和居民消费价格指数同比,HICP annual rate of change,2022-04,M,%,NSA,YoY,5.4,Eurostat,prc_hicp_manr,prc_hicp_manr.CP00,HICP annual rate of change,https://ec.europa.eu/eurostat/databrowser/view/prc_hicp_manr/default/table,2026-02-06T23:00:00+0100,final,2026-08-13 18:04:54,2026-02-06T23:00:00+0100
FR.CPI_YOY_M.EUROSTAT,FR,FR,FRA,法国,France,CPI_YOY_M,调和居民消费价格指数同比,HICP annual rate of change,2022-05,M,%,NSA,YoY,5.8,Eurostat,prc_hicp_manr,prc_hicp_manr.CP00,HICP annual rate of change,https://ec.europa.eu/eurostat/databrowser/view/prc_hicp_manr/default/table,2026-02-06T23:00:00+0100,final,2026-08-13 18:04:54,2026-02-06T23:00:00+0100
FR.CPI_YOY_M.EUROSTAT,FR,FR,FRA,法国,France,CPI_YOY_M,调和居民消费价格指数同比,HICP annual rate of change,2022-06,M,%,NSA,YoY,6.5,Eurostat,prc_hicp_manr,prc_hicp_manr.CP00,HICP annual rate of change,https://ec.europa.eu/eurostat/databrowser/view/prc_hicp_manr/default/table,2026-02-06T23:00:00+0100,final,2026-08-13 18:04:54,2026-02-06T23:00:00+0100
FR.CPI_YOY_M.EUROSTAT,FR,FR,FRA,法国,France,CPI_YOY_M,调和居民消费价格指数同比,HICP annual rate of change,2022-07,M,%,NSA,YoY,6.8,Eurostat,prc_hicp_manr,prc_hicp_manr.CP00,HICP annual rate of change,https://ec.europa.eu/eurostat/databrowser/view/prc_hicp_manr/default/table,2026-02-06T23:00:00+0100,final,2026-08-13 18:04:54,2026-02-06T23:00:00+0100
FR.CPI_YOY_M.EUROSTAT,FR,FR,FRA,法国,France,CPI_YOY_M,调和居民消费价格指数同比,HICP annual rate of change,2022-08,M,%,NSA,YoY,6.6,Eurostat,prc_hicp_manr,prc_hicp_manr.CP00,HICP annual rate of change,https://ec.europa.eu/eurostat/databrowser/view/prc_hicp_manr/default/table,2026-02-06T23:00:00+0100,final,2026-08-13 18:04:54,2026-02-06T23:00:00+0100
FR.CPI_YOY_M.EUROSTAT,FR,FR,FRA,法国,France,CPI_YOY_M,调和居民消费价格指数同比,HICP annual rate of change,2022-09,M,%,NSA,YoY,6.2,Eurostat,prc_hicp_manr,prc_hicp_manr.CP00,HICP annual rate of change,https://ec.europa.eu/eurostat/databrowser/view/prc_hicp_manr/default/table,2026-02-06T23:00:00+0100,final,2026-08-13 18:04:54,2026-02-06T23:00:00+0100
FR.CPI_YOY_M.EUROSTAT,FR,FR,FRA,法国,France,CPI_YOY_M,调和居民消费价格指数同比,HICP annual rate of change,2022-10,M,%,NSA,YoY,7.1,Eurostat,prc_hicp_manr,prc_hicp_manr.CP00,HICP annual rate of change,https://ec.europa.eu/eurostat/databrowser/view/prc_hicp_manr/default/table,2026-02-06T23:00:00+0100,final,2026-08-13 18:04:54,2026-02-06T23:00:00+0100
FR.CPI_YOY_M.EUROSTAT,FR,FR,FRA,法国,France,CPI_YOY_M,调和居民消费价格指数同比,HICP annual rate of change,2022-11,M,%,NSA,YoY,7.1,Eurostat,prc_hicp_manr,prc_hicp_manr.CP00,HICP annual rate of change,https://ec.europa.eu/eurostat/databrowser/view/prc_hicp_manr/default/table,2026-02-06T23:00:00+0100,final,2026-08-13 18:04:54,2026-02-06T23:00:00+0100
FR.CPI_YOY_M.EUROSTAT,FR,FR,FRA,法国,France,CPI_YOY_M,调和居民消费价格指数同比,HICP annual rate of change,2022-12,M,%,NSA,YoY,6.7,Eurostat,prc_hicp_manr,prc_hicp_manr.CP00,HICP annual rate of change,https://ec.europa.eu/eurostat/databrowser/view/prc_hicp_manr/default/table,2026-02-06T23:00:00+0100,final,2026-08-13 18:04:54,2026-02-06T23:00:00+0100
FR.CPI_YOY_M.EUROSTAT,FR,FR,FRA,法国,France,CPI_YOY_M,调和居民消费价格指数同比,HICP annual rate of change,2023-01,M,%,NSA,YoY,7.0,Eurostat,prc_hicp_manr,prc_hicp_manr.CP00,HICP annual rate of change,https://ec.europa.eu/eurostat/databrowser/view/prc_hicp_manr/default/table,2026-02-06T23:00:00+0100,final,2026-08-13 18:04:54,2026-02-06T23:00:00+0100
FR.CPI_YOY_M.EUROSTAT,FR,FR,FRA,法国,France,CPI_YOY_M,调和居民消费价格指数同比,HICP annual rate of change,2023-02,M,%,NSA,YoY,7.3,Eurostat,prc_hicp_manr,prc_hicp_manr.CP00,HICP annual rate of change,https://ec.europa.eu/eurostat/databrowser/view/prc_hicp_manr/default/table,2026-02-06T23:00:00+0100,final,2026-08-13 18:04:54,2026-02-06T23:00:00+0100
FR.CPI_YOY_M.EUROSTAT,FR,FR,FRA,法国,France,CPI_YOY_M,调和居民消费价格指数同比,HICP annual rate of change,2023-03,M,%,NSA,YoY,6.7,Eurostat,prc_hicp_manr,prc_hicp_manr.CP00,HICP annual rate of change,https://ec.europa.eu/eurostat/databrowser/view/prc_hicp_manr/default/table,2026-02-06T23:00:00+0100,final,2026-08-13 18:04:54,2026-02-06T23:00:00+0100
FR.CPI_YOY_M.EUROSTAT,FR,FR,FRA,法国,France,CPI_YOY_M,调和居民消费价格指数同比,HICP annual rate of change,2023-04,M,%,NSA,YoY,6.9,Eurostat,prc_hicp_manr,prc_hicp_manr.CP00,HICP annual rate of change,https://ec.europa.eu/eurostat/databrowser/view/prc_hicp_manr/default/table,2026-02-06T23:00:00+0100,final,2026-08-13 18:04:54,2026-02-06T23:00:00+0100
FR.CPI_YOY_M.EUROSTAT,FR,FR,FRA,法国,France,CPI_YOY_M,调和居民消费价格指数同比,HICP annual rate of change,2023-05,M,%,NSA,YoY,6.0,Eurostat,prc_hicp_manr,prc_hicp_manr.CP00,HICP annual rate of change,https://ec.europa.eu/eurostat/databrowser/view/prc_hicp_manr/default/table,2026-02-06T23:00:00+0100,final,2026-08-13 18:04:54,2026-02-06T23:00:00+0100
FR.CPI_YOY_M.EUROSTAT,FR,FR,FRA,法国,France,CPI_YOY_M,调和居民消费价格指数同比,HICP annual rate of change,2023-06,M,%,NSA,YoY,5.3,Eurostat,prc_hicp_manr,prc_hicp_manr.CP00,HICP annual rate of change,https://ec.europa.eu/eurostat/databrowser/view/prc_hicp_manr/default/table,2026-02-06T23:00:00+0100,final,2026-08-13 18:04:54,2026-02-06T23:00:00+0100
FR.CPI_YOY_M.EUROSTAT,FR,FR,FRA,法国,France,CPI_YOY_M,调和居民消费价格指数同比,HICP annual rate of change,2023-07,M,%,NSA,YoY,5.1,Eurostat,prc_hicp_manr,prc_hicp_manr.CP00,HICP annual rate of change,https://ec.europa.eu/eurostat/databrowser/view/prc_hicp_manr/default/table,2026-02-06T23:00:00+0100,final,2026-08-13 18:04:54,2026-02-06T23:00:00+0100
FR.CPI_YOY_M.EUROSTAT,FR,FR,FRA,法国,France,CPI_YOY_M,调和居民消费价格指数同比,HICP annual rate of change,2023-08,M,%,NSA,YoY,5.7,Eurostat,prc_hicp_manr,prc_hicp_manr.CP00,HICP annual rate of change,https://ec.europa.eu/eurostat/databrowser/view/prc_hicp_manr/default/table,2026-02-06T23:00:00+0100,final,2026-08-13 18:04:54,2026-02-06T23:00:00+0100
FR.CPI_YOY_M.EUROSTAT,FR,FR,FRA,法国,France,CPI_YOY_M,调和居民消费价格指数同比,HICP annual rate of change,2023-09,M,%,NSA,YoY,5.7,Eurostat,prc_hicp_manr,prc_hicp_manr.CP00,HICP annual rate of change,https://ec.europa.eu/eurostat/databrowser/view/prc_hicp_manr/default/table,2026-02-06T23:00:00+0100,final,2026-08-13 18:04:54,2026-02-06T23:00:00+0100
FR.CPI_YOY_M.EUROSTAT,FR,FR,FRA,法国,France,CPI_YOY_M,调和居民消费价格指数同比,HICP annual rate of change,2023-10,M,%,NSA,YoY,4.5,Eurostat,prc_hicp_manr,prc_hicp_manr.CP00,HICP annual rate of change,https://ec.europa.eu/eurostat/databrowser/view/prc_hicp_manr/default/table,2026-02-06T23:00:00+0100,final,2026-08-13 18:04:54,2026-02-06T23:00:00+0100
FR.CPI_YOY_M.EUROSTAT,FR,FR,FRA,法国,France,CPI_YOY_M,调和居民消费价格指数同比,HICP annual rate of change,2023-11,M,%,NSA,YoY,3.9,Eurostat,prc_hicp_manr,prc_hicp_manr.CP00,HICP annual rate of change,https://ec.europa.eu/eurostat/databrowser/view/prc_hicp_manr/default/table,2026-02-06T23:00:00+0100,final,2026-08-13 18:04:54,2026-02-06T23:00:00+0100
FR.CPI_YOY_M.EUROSTAT,FR,FR,FRA,法国,France,CPI_YOY_M,调和居民消费价格指数同比,HICP annual rate of change,2023-12,M,%,NSA,YoY,4.1,Eurostat,prc_hicp_manr,prc_hicp_manr.CP00,HICP annual rate of change,https://ec.europa.eu/eurostat/databrowser/view/prc_hicp_manr/default/table,2026-02-06T23:00:00+0100,final,2026-08-13 18:04:54,2026-02-06T23:00:00+0100
FR.CPI_YOY_M.EUROSTAT,FR,FR,FRA,法国,France,CPI_YOY_M,调和居民消费价格指数同比,HICP annual rate of change,2024-01,M,%,NSA,YoY,3.4,Eurostat,prc_hicp_manr,prc_hicp_manr.CP00,HICP annual rate of change,https://ec.europa.eu/eurostat/databrowser/view/prc_hicp_manr/default/table,2026-02-06T23:00:00+0100,final,2026-08-13 18:04:54,2026-02-06T23:00:00+0100
FR.CPI_YOY_M.EUROSTAT,FR,FR,FRA,法国,France,CPI_YOY_M,调和居民消费价格指数同比,HICP annual rate of change,2024-02,M,%,NSA,YoY,3.2,Eurostat,prc_hicp_manr,prc_hicp_manr.CP00,HICP annual rate of change,https://ec.europa.eu/eurostat/databrowser/view/prc_hicp_manr/default/table,2026-02-06T23:00:00+0100,final,2026-08-13 18:04:54,2026-02-06T23:00:00+0100
FR.CPI_YOY_M.EUROSTAT,FR,FR,FRA,法国,France,CPI_YOY_M,调和居民消费价格指数同比,HICP annual rate of change,2024-03,M,%,NSA,YoY,2.4,Eurostat,prc_hicp_manr,prc_hicp_manr.CP00,HICP annual rate of change,https://ec.europa.eu/eurostat/databrowser/view/prc_hicp_manr/default/table,2026-02-06T23:00:00+0100,final,2026-08-13 18:04:54,2026-02-06T23:00:00+0100
FR.CPI_YOY_M.EUROSTAT,FR,FR,FRA,法国,France,CPI_YOY_M,调和居民消费价格指数同比,HICP annual rate of change,2024-04,M,%,NSA,YoY,2.4,Eurostat,prc_hicp_manr,prc_hicp_manr.CP00,HICP annual rate of change,https://ec.europa.eu/eurostat/databrowser/view/prc_hicp_manr/default/table,2026-02-06T23:00:00+0100,final,2026-08-13 18:04:54,2026-02-06T23:00:00+0100
FR.CPI_YOY_M.EUROSTAT,FR,FR,FRA,法国,France,CPI_YOY_M,调和居民消费价格指数同比,HICP annual rate of change,2024-05,M,%,NSA,YoY,2.6,Eurostat,prc_hicp_manr,prc_hicp_manr.CP00,HICP annual rate of change,https://ec.europa.eu/eurostat/databrowser/view/prc_hicp_manr/default/table,2026-02-06T23:00:00+0100,final,2026-08-13 18:04:54,2026-02-06T23:00:00+0100
FR.CPI_YOY_M.EUROSTAT,FR,FR,FRA,法国,France,CPI_YOY_M,调和居民消费价格指数同比,HICP annual rate of change,2024-06,M,%,NSA,YoY,2.5,Eurostat,prc_hicp_manr,prc_hicp_manr.CP00,HICP annual rate of change,https://ec.europa.eu/eurostat/databrowser/view/prc_hicp_manr/default/table,2026-02-06T23:00:00+0100,final,2026-08-13 18:04:54,2026-02-06T23:00:00+0100
FR.CPI_YOY_M.EUROSTAT,FR,FR,FRA,法国,France,CPI_YOY_M,调和居民消费价格指数同比,HICP annual rate of change,2024-07,M,%,NSA,YoY,2.7,Eurostat,prc_hicp_manr,prc_hicp_manr.CP00,HICP annual rate of change,https://ec.europa.eu/eurostat/databrowser/view/prc_hicp_manr/default/table,2026-02-06T23:00:00+0100,final,2026-08-13 18:04:54,2026-02-06T23:00:00+0100
FR.CPI_YOY_M.EUROSTAT,FR,FR,FRA,法国,France,CPI_YOY_M,调和居民消费价格指数同比,HICP annual rate of change,2024-08,M,%,NSA,YoY,2.2,Eurostat,prc_hicp_manr,prc_hicp_manr.CP00,HICP annual rate of change,https://ec.europa.eu/eurostat/databrowser/view/prc_hicp_manr/default/table,2026-02-06T23:00:00+0100,final,2026-08-13 18:04:54,2026-02-06T23:00:00+0100
FR.CPI_YOY_M.EUROSTAT,FR,FR,FRA,法国,France,CPI_YOY_M,调和居民消费价格指数同比,HICP annual rate of change,2024-09,M,%,NSA,YoY,1.4,Eurostat,prc_hicp_manr,prc_hicp_manr.CP00,HICP annual rate of change,https://ec.europa.eu/eurostat/databrowser/view/prc_hicp_manr/default/table,2026-02-06T23:00:00+0100,final,2026-08-13 18:04:54,2026-02-06T23:00:00+0100
FR.CPI_YOY_M.EUROSTAT,FR,FR,FRA,法国,France,CPI_YOY_M,调和居民消费价格指数同比,HICP annual rate of change,2024-10,M,%,NSA,YoY,1.6,Eurostat,prc_hicp_manr,prc_hicp_manr.CP00,HICP annual rate of change,https://ec.europa.eu/eurostat/databrowser/view/prc_hicp_manr/default/table,2026-02-06T23:00:00+0100,final,2026-08-13 18:04:54,2026-02-06T23:00:00+0100
FR.CPI_YOY_M.EUROSTAT,FR,FR,FRA,法国,France,CPI_YOY_M,调和居民消费价格指数同比,HICP annual rate of change,2024-11,M,%,NSA,YoY,1.7,Eurostat,prc_hicp_manr,prc_hicp_manr.CP00,HICP annual rate of change,https://ec.europa.eu/eurostat/databrowser/view/prc_hicp_manr/default/table,2026-02-06T23:00:00+0100,final,2026-08-13 18:04:54,2026-02-06T23:00:00+0100
FR.CPI_YOY_M.EUROSTAT,FR,FR,FRA,法国,France,CPI_YOY_M,调和居民消费价格指数同比,HICP annual rate of change,2024-12,M,%,NSA,YoY,1.8,Eurostat,prc_hicp_manr,prc_hicp_manr.CP00,HICP annual rate of change,https://ec.europa.eu/eurostat/databrowser/view/prc_hicp_manr/default/table,2026-02-06T23:00:00+0100,final,2026-08-13 18:04:54,2026-02-06T23:00:00+0100
FR.CPI_YOY_M.EUROSTAT,FR,FR,FRA,法国,France,CPI_YOY_M,调和居民消费价格指数同比,HICP annual rate of change,2025-01,M,%,NSA,YoY,1.8,Eurostat,prc_hicp_manr,prc_hicp_manr.CP00,HICP annual rate of change,https://ec.europa.eu/eurostat/databrowser/view/prc_hicp_manr/default/table,2026-02-06T23:00:00+0100,final,2026-08-13 18:04:54,2026-02-06T23:00:00+0100
FR.CPI_YOY_M.EUROSTAT,FR,FR,FRA,法国,France,CPI_YOY_M,调和居民消费价格指数同比,HICP annual rate of change,2025-02,M,%,NSA,YoY,0.9,Eurostat,prc_hicp_manr,prc_hicp_manr.CP00,HICP annual rate of change,https://ec.europa.eu/eurostat/databrowser/view/prc_hicp_manr/default/table,2026-02-06T23:00:00+0100,final,2026-08-13 18:04:54,2026-02-06T23:00:00+0100
FR.CPI_YOY_M.EUROSTAT,FR,FR,FRA,法国,France,CPI_YOY_M,调和居民消费价格指数同比,HICP annual rate of change,2025-03,M,%,NSA,YoY,0.9,Eurostat,prc_hicp_manr,prc_hicp_manr.CP00,HICP annual rate of change,https://ec.europa.eu/eurostat/databrowser/view/prc_hicp_manr/default/table,2026-02-06T23:00:00+0100,final,2026-08-13 18:04:54,2026-02-06T23:00:00+0100
FR.CPI_YOY_M.EUROSTAT,FR,FR,FRA,法国,France,CPI_YOY_M,调和居民消费价格指数同比,HICP annual rate of change,2025-04,M,%,NSA,YoY,0.9,Eurostat,prc_hicp_manr,prc_hicp_manr.CP00,HICP annual rate of change,https://ec.europa.eu/eurostat/databrowser/view/prc_hicp_manr/default/table,2026-02-06T23:00:00+0100,final,2026-08-13 18:04:54,2026-02-06T23:00:00+0100
FR.CPI_YOY_M.EUROSTAT,FR,FR,FRA,法国,France,CPI_YOY_M,调和居民消费价格指数同比,HICP annual rate of change,2025-05,M,%,NSA,YoY,0.6,Eurostat,prc_hicp_manr,prc_hicp_manr.CP00,HICP annual rate of change,https://ec.europa.eu/eurostat/databrowser/view/prc_hicp_manr/default/table,2026-02-06T23:00:00+0100,final,2026-08-13 18:04:54,2026-02-06T23:00:00+0100
FR.CPI_YOY_M.EUROSTAT,FR,FR,FRA,法国,France,CPI_YOY_M,调和居民消费价格指数同比,HICP annual rate of change,2025-06,M,%,NSA,YoY,0.9,Eurostat,prc_hicp_manr,prc_hicp_manr.CP00,HICP annual rate of change,https://ec.europa.eu/eurostat/databrowser/view/prc_hicp_manr/default/table,2026-02-06T23:00:00+0100,final,2026-08-13 18:04:54,2026-02-06T23:00:00+0100
FR.CPI_YOY_M.EUROSTAT,FR,FR,FRA,法国,France,CPI_YOY_M,调和居民消费价格指数同比,HICP annual rate of change,2025-07,M,%,NSA,YoY,0.9,Eurostat,prc_hicp_manr,prc_hicp_manr.CP00,HICP annual rate of change,https://ec.europa.eu/eurostat/databrowser/view/prc_hicp_manr/default/table,2026-02-06T23:00:00+0100,final,2026-08-13 18:04:54,2026-02-06T23:00:00+0100
FR.CPI_YOY_M.EUROSTAT,FR,FR,FRA,法国,France,CPI_YOY_M,调和居民消费价格指数同比,HICP annual rate of change,2025-08,M,%,NSA,YoY,0.8,Eurostat,prc_hicp_manr,prc_hicp_manr.CP00,HICP annual rate of change,https://ec.europa.eu/eurostat/databrowser/view/prc_hicp_manr/default/table,2026-02-06T23:00:00+0100,final,2026-08-13 18:04:54,2026-02-06T23:00:00+0100
FR.CPI_YOY_M.EUROSTAT,FR,FR,FRA,法国,France,CPI_YOY_M,调和居民消费价格指数同比,HICP annual rate of change,2025-09,M,%,NSA,YoY,1.1,Eurostat,prc_hicp_manr,prc_hicp_manr.CP00,HICP annual rate of change,https://ec.europa.eu/eurostat/databrowser/view/prc_hicp_manr/default/table,2026-02-06T23:00:00+0100,final,2026-08-13 18:04:54,2026-02-06T23:00:00+0100
FR.CPI_YOY_M.EUROSTAT,FR,FR,FRA,法国,France,CPI_YOY_M,调和居民消费价格指数同比,HICP annual rate of change,2025-10,M,%,NSA,YoY,0.8,Eurostat,prc_hicp_manr,prc_hicp_manr.CP00,HICP annual rate of change,https://ec.europa.eu/eurostat/databrowser/view/prc_hicp_manr/default/table,2026-02-06T23:00:00+0100,final,2026-08-13 18:04:54,2026-02-06T23:00:00+0100
FR.CPI_YOY_M.EUROSTAT,FR,FR,FRA,法国,France,CPI_YOY_M,调和居民消费价格指数同比,HICP annual rate of change,2025-11,M,%,NSA,YoY,0.8,Eurostat,prc_hicp_manr,prc_hicp_manr.CP00,HICP annual rate of change,https://ec.europa.eu/eurostat/databrowser/view/prc_hicp_manr/default/table,2026-02-06T23:00:00+0100,final,2026-08-13 18:04:54,2026-02-06T23:00:00+0100
FR.CPI_YOY_M.EUROSTAT,FR,FR,FRA,法国,France,CPI_YOY_M,调和居民消费价格指数同比,HICP annual rate of change,2025-12,M,%,NSA,YoY,0.7,Eurostat,prc_hicp_manr,prc_hicp_manr.CP00,HICP annual rate of change,https://ec.europa.eu/eurostat/databrowser/view/prc_hicp_manr/default/table,2026-02-06T23:00:00+0100,final,2026-08-13 18:04:54,2026-02-06T23:00:00+0100
IT.CPI_YOY_M.EUROSTAT,IT,IT,ITA,意大利,Italy,CPI_YOY_M,调和居民消费价格指数同比,HICP annual rate of change,2015-01,M,%,NSA,YoY,-0.5,Eurostat,prc_hicp_manr,prc_hicp_manr.CP00,HICP annual rate of change,https://ec.europa.eu/eurostat/databrowser/view/prc_hicp_manr/default/table,2026-02-06T23:00:00+0100,final,2026-08-13 18:04:54,2026-02-06T23:00:00+0100
IT.CPI_YOY_M.EUROSTAT,IT,IT,ITA,意大利,Italy,CPI_YOY_M,调和居民消费价格指数同比,HICP annual rate of change,2015-02,M,%,NSA,YoY,0.1,Eurostat,prc_hicp_manr,prc_hicp_manr.CP00,HICP annual rate of change,https://ec.europa.eu/eurostat/databrowser/view/prc_hicp_manr/default/table,2026-02-06T23:00:00+0100,final,2026-08-13 18:04:54,2026-02-06T23:00:00+0100
IT.CPI_YOY_M.EUROSTAT,IT,IT,ITA,意大利,Italy,CPI_YOY_M,调和居民消费价格指数同比,HICP annual rate of change,2015-03,M,%,NSA,YoY,0.0,Eurostat,prc_hicp_manr,prc_hicp_manr.CP00,HICP annual rate of change,https://ec.europa.eu/eurostat/databrowser/view/prc_hicp_manr/default/table,2026-02-06T23:00:00+0100,final,2026-08-13 18:04:54,2026-02-06T23:00:00+0100
IT.CPI_YOY_M.EUROSTAT,IT,IT,ITA,意大利,Italy,CPI_YOY_M,调和居民消费价格指数同比,HICP annual rate of change,2015-04,M,%,NSA,YoY,-0.1,Eurostat,prc_hicp_manr,prc_hicp_manr.CP00,HICP annual rate of change,https://ec.europa.eu/eurostat/databrowser/view/prc_hicp_manr/default/table,2026-02-06T23:00:00+0100,final,2026-08-13 18:04:54,2026-02-06T23:00:00+0100
IT.CPI_YOY_M.EUROSTAT,IT,IT,ITA,意大利,Italy,CPI_YOY_M,调和居民消费价格指数同比,HICP annual rate of change,2015-05,M,%,NSA,YoY,0.2,Eurostat,prc_hicp_manr,prc_hicp_manr.CP00,HICP annual rate of change,https://ec.europa.eu/eurostat/databrowser/view/prc_hicp_manr/default/table,2026-02-06T23:00:00+0100,final,2026-08-13 18:04:54,2026-02-06T23:00:00+0100
IT.CPI_YOY_M.EUROSTAT,IT,IT,ITA,意大利,Italy,CPI_YOY_M,调和居民消费价格指数同比,HICP annual rate of change,2015-06,M,%,NSA,YoY,0.2,Eurostat,prc_hicp_manr,prc_hicp_manr.CP00,HICP annual rate of change,https://ec.europa.eu/eurostat/databrowser/view/prc_hicp_manr/default/table,2026-02-06T23:00:00+0100,final,2026-08-13 18:04:54,2026-02-06T23:00:00+0100
IT.CPI_YOY_M.EUROSTAT,IT,IT,ITA,意大利,Italy,CPI_YOY_M,调和居民消费价格指数同比,HICP annual rate of change,2015-07,M,%,NSA,YoY,0.4,Eurostat,prc_hicp_manr,prc_hicp_manr.CP00,HICP annual rate of change,https://ec.europa.eu/eurostat/databrowser/view/prc_hicp_manr/default/table,2026-02-06T23:00:00+0100,final,2026-08-13 18:04:54,2026-02-06T23:00:00+0100
IT.CPI_YOY_M.EUROSTAT,IT,IT,ITA,意大利,Italy,CPI_YOY_M,调和居民消费价格指数同比,HICP annual rate of change,2015-08,M,%,NSA,YoY,0.3,Eurostat,prc_hicp_manr,prc_hicp_manr.CP00,HICP annual rate of change,https://ec.europa.eu/eurostat/databrowser/view/prc_hicp_manr/default/table,2026-02-06T23:00:00+0100,final,2026-08-13 18:04:54,2026-02-06T23:00:00+0100
IT.CPI_YOY_M.EUROSTAT,IT,IT,ITA,意大利,Italy,CPI_YOY_M,调和居民消费价格指数同比,HICP annual rate of change,2015-09,M,%,NSA,YoY,0.2,Eurostat,prc_hicp_manr,prc_hicp_manr.CP00,HICP annual rate of change,https://ec.europa.eu/eurostat/databrowser/view/prc_hicp_manr/default/table,2026-02-06T23:00:00+0100,final,2026-08-13 18:04:54,2026-02-06T23:00:00+0100
IT.CPI_YOY_M.EUROSTAT,IT,IT,ITA,意大利,Italy,CPI_YOY_M,调和居民消费价格指数同比,HICP annual rate of change,2015-10,M,%,NSA,YoY,0.3,Eurostat,prc_hicp_manr,prc_hicp_manr.CP00,HICP annual rate of change,https://ec.europa.eu/eurostat/databrowser/view/prc_hicp_manr/default/table,2026-02-06T23:00:00+0100,final,2026-08-13 18:04:54,2026-02-06T23:00:00+0100
IT.CPI_YOY_M.EUROSTAT,IT,IT,ITA,意大利,Italy,CPI_YOY_M,调和居民消费价格指数同比,HICP annual rate of change,2015-11,M,%,NSA,YoY,0.1,Eurostat,prc_hicp_manr,prc_hicp_manr.CP00,HICP annual rate of change,https://ec.europa.eu/eurostat/databrowser/view/prc_hicp_manr/default/table,2026-02-06T23:00:00+0100,final,2026-08-13 18:04:54,2026-02-06T23:00:00+0100
IT.CPI_YOY_M.EUROSTAT,IT,IT,ITA,意大利,Italy,CPI_YOY_M,调和居民消费价格指数同比,HICP annual rate of change,2015-12,M,%,NSA,YoY,0.1,Eurostat,prc_hicp_manr,prc_hicp_manr.CP00,HICP annual rate of change,https://ec.europa.eu/eurostat/databrowser/view/prc_hicp_manr/default/table,2026-02-06T23:00:00+0100,final,2026-08-13 18:04:54,2026-02-06T23:00:00+0100
IT.CPI_YOY_M.EUROSTAT,IT,IT,ITA,意大利,Italy,CPI_YOY_M,调和居民消费价格指数同比,HICP annual rate of change,2016-01,M,%,NSA,YoY,0.4,Eurostat,prc_hicp_manr,prc_hicp_manr.CP00,HICP annual rate of change,https://ec.europa.eu/eurostat/databrowser/view/prc_hicp_manr/default/table,2026-02-06T23:00:00+0100,final,2026-08-13 18:04:54,2026-02-06T23:00:00+0100
IT.CPI_YOY_M.EUROSTAT,IT,IT,ITA,意大利,Italy,CPI_YOY_M,调和居民消费价格指数同比,HICP annual rate of change,2016-02,M,%,NSA,YoY,-0.2,Eurostat,prc_hicp_manr,prc_hicp_manr.CP00,HICP annual rate of change,https://ec.europa.eu/eurostat/databrowser/view/prc_hicp_manr/default/table,2026-02-06T23:00:00+0100,final,2026-08-13 18:04:54,2026-02-06T23:00:00+0100
IT.CPI_YOY_M.EUROSTAT,IT,IT,ITA,意大利,Italy,CPI_YOY_M,调和居民消费价格指数同比,HICP annual rate of change,2016-03,M,%,NSA,YoY,-0.2,Eurostat,prc_hicp_manr,prc_hicp_manr.CP00,HICP annual rate of change,https://ec.europa.eu/eurostat/databrowser/view/prc_hicp_manr/default/table,2026-02-06T23:00:00+0100,final,2026-08-13 18:04:54,2026-02-06T23:00:00+0100
IT.CPI_YOY_M.EUROSTAT,IT,IT,ITA,意大利,Italy,CPI_YOY_M,调和居民消费价格指数同比,HICP annual rate of change,2016-04,M,%,NSA,YoY,-0.4,Eurostat,prc_hicp_manr,prc_hicp_manr.CP00,HICP annual rate of change,https://ec.europa.eu/eurostat/databrowser/view/prc_hicp_manr/default/table,2026-02-06T23:00:00+0100,final,2026-08-13 18:04:54,2026-02-06T23:00:00+0100
IT.CPI_YOY_M.EUROSTAT,IT,IT,ITA,意大利,Italy,CPI_YOY_M,调和居民消费价格指数同比,HICP annual rate of change,2016-05,M,%,NSA,YoY,-0.3,Eurostat,prc_hicp_manr,prc_hicp_manr.CP00,HICP annual rate of change,https://ec.europa.eu/eurostat/databrowser/view/prc_hicp_manr/default/table,2026-02-06T23:00:00+0100,final,2026-08-13 18:04:54,2026-02-06T23:00:00+0100
IT.CPI_YOY_M.EUROSTAT,IT,IT,ITA,意大利,Italy,CPI_YOY_M,调和居民消费价格指数同比,HICP annual rate of change,2016-06,M,%,NSA,YoY,-0.2,Eurostat,prc_hicp_manr,prc_hicp_manr.CP00,HICP annual rate of change,https://ec.europa.eu/eurostat/databrowser/view/prc_hicp_manr/default/table,2026-02-06T23:00:00+0100,final,2026-08-13 18:04:54,2026-02-06T23:00:00+0100
IT.CPI_YOY_M.EUROSTAT,IT,IT,ITA,意大利,Italy,CPI_YOY_M,调和居民消费价格指数同比,HICP annual rate of change,2016-07,M,%,NSA,YoY,-0.2,Eurostat,prc_hicp_manr,prc_hicp_manr.CP00,HICP annual rate of change,https://ec.europa.eu/eurostat/databrowser/view/prc_hicp_manr/default/table,2026-02-06T23:00:00+0100,final,2026-08-13 18:04:54,2026-02-06T23:00:00+0100
IT.CPI_YOY_M.EUROSTAT,IT,IT,ITA,意大利,Italy,CPI_YOY_M,调和居民消费价格指数同比,HICP annual rate of change,2016-08,M,%,NSA,YoY,-0.1,Eurostat,prc_hicp_manr,prc_hicp_manr.CP00,HICP annual rate of change,https://ec.europa.eu/eurostat/databrowser/view/prc_hicp_manr/default/table,2026-02-06T23:00:00+0100,final,2026-08-13 18:04:54,2026-02-06T23:00:00+0100
IT.CPI_YOY_M.EUROSTAT,IT,IT,ITA,意大利,Italy,CPI_YOY_M,调和居民消费价格指数同比,HICP annual rate of change,2016-09,M,%,NSA,YoY,0.1,Eurostat,prc_hicp_manr,prc_hicp_manr.CP00,HICP annual rate of change,https://ec.europa.eu/eurostat/databrowser/view/prc_hicp_manr/default/table,2026-02-06T23:00:00+0100,final,2026-08-13 18:04:54,2026-02-06T23:00:00+0100
IT.CPI_YOY_M.EUROSTAT,IT,IT,ITA,意大利,Italy,CPI_YOY_M,调和居民消费价格指数同比,HICP annual rate of change,2016-10,M,%,NSA,YoY,-0.1,Eurostat,prc_hicp_manr,prc_hicp_manr.CP00,HICP annual rate of change,https://ec.europa.eu/eurostat/databrowser/view/prc_hicp_manr/default/table,2026-02-06T23:00:00+0100,final,2026-08-13 18:04:54,2026-02-06T23:00:00+0100
IT.CPI_YOY_M.EUROSTAT,IT,IT,ITA,意大利,Italy,CPI_YOY_M,调和居民消费价格指数同比,HICP annual rate of change,2016-11,M,%,NSA,YoY,0.1,Eurostat,prc_hicp_manr,prc_hicp_manr.CP00,HICP annual rate of change,https://ec.europa.eu/eurostat/databrowser/view/prc_hicp_manr/default/table,2026-02-06T23:00:00+0100,final,2026-08-13 18:04:54,2026-02-06T23:00:00+0100
IT.CPI_YOY_M.EUROSTAT,IT,IT,ITA,意大利,Italy,CPI_YOY_M,调和居民消费价格指数同比,HICP annual rate of change,2016-12,M,%,NSA,YoY,0.5,Eurostat,prc_hicp_manr,prc_hicp_manr.CP00,HICP annual rate of change,https://ec.europa.eu/eurostat/databrowser/view/prc_hicp_manr/default/table,2026-02-06T23:00:00+0100,final,2026-08-13 18:04:54,2026-02-06T23:00:00+0100
IT.CPI_YOY_M.EUROSTAT,IT,IT,ITA,意大利,Italy,CPI_YOY_M,调和居民消费价格指数同比,HICP annual rate of change,2017-01,M,%,NSA,YoY,1.0,Eurostat,prc_hicp_manr,prc_hicp_manr.CP00,HICP annual rate of change,https://ec.europa.eu/eurostat/databrowser/view/prc_hicp_manr/default/table,2026-02-06T23:00:00+0100,final,2026-08-13 18:04:54,2026-02-06T23:00:00+0100
IT.CPI_YOY_M.EUROSTAT,IT,IT,ITA,意大利,Italy,CPI_YOY_M,调和居民消费价格指数同比,HICP annual rate of change,2017-02,M,%,NSA,YoY,1.6,Eurostat,prc_hicp_manr,prc_hicp_manr.CP00,HICP annual rate of change,https://ec.europa.eu/eurostat/databrowser/view/prc_hicp_manr/default/table,2026-02-06T23:00:00+0100,final,2026-08-13 18:04:54,2026-02-06T23:00:00+0100
IT.CPI_YOY_M.EUROSTAT,IT,IT,ITA,意大利,Italy,CPI_YOY_M,调和居民消费价格指数同比,HICP annual rate of change,2017-03,M,%,NSA,YoY,1.4,Eurostat,prc_hicp_manr,prc_hicp_manr.CP00,HICP annual rate of change,https://ec.europa.eu/eurostat/databrowser/view/prc_hicp_manr/default/table,2026-02-06T23:00:00+0100,final,2026-08-13 18:04:54,2026-02-06T23:00:00+0100
IT.CPI_YOY_M.EUROSTAT,IT,IT,ITA,意大利,Italy,CPI_YOY_M,调和居民消费价格指数同比,HICP annual rate of change,2017-04,M,%,NSA,YoY,2.0,Eurostat,prc_hicp_manr,prc_hicp_manr.CP00,HICP annual rate of change,https://ec.europa.eu/eurostat/databrowser/view/prc_hicp_manr/default/table,2026-02-06T23:00:00+0100,final,2026-08-13 18:04:54,2026-02-06T23:00:00+0100
IT.CPI_YOY_M.EUROSTAT,IT,IT,ITA,意大利,Italy,CPI_YOY_M,调和居民消费价格指数同比,HICP annual rate of change,2017-05,M,%,NSA,YoY,1.6,Eurostat,prc_hicp_manr,prc_hicp_manr.CP00,HICP annual rate of change,https://ec.europa.eu/eurostat/databrowser/view/prc_hicp_manr/default/table,2026-02-06T23:00:00+0100,final,2026-08-13 18:04:54,2026-02-06T23:00:00+0100
IT.CPI_YOY_M.EUROSTAT,IT,IT,ITA,意大利,Italy,CPI_YOY_M,调和居民消费价格指数同比,HICP annual rate of change,2017-06,M,%,NSA,YoY,1.2,Eurostat,prc_hicp_manr,prc_hicp_manr.CP00,HICP annual rate of change,https://ec.europa.eu/eurostat/databrowser/view/prc_hicp_manr/default/table,2026-02-06T23:00:00+0100,final,2026-08-13 18:04:54,2026-02-06T23:00:00+0100
IT.CPI_YOY_M.EUROSTAT,IT,IT,ITA,意大利,Italy,CPI_YOY_M,调和居民消费价格指数同比,HICP annual rate of change,2017-07,M,%,NSA,YoY,1.2,Eurostat,prc_hicp_manr,prc_hicp_manr.CP00,HICP annual rate of change,https://ec.europa.eu/eurostat/databrowser/view/prc_hicp_manr/default/table,2026-02-06T23:00:00+0100,final,2026-08-13 18:04:54,2026-02-06T23:00:00+0100
IT.CPI_YOY_M.EUROSTAT,IT,IT,ITA,意大利,Italy,CPI_YOY_M,调和居民消费价格指数同比,HICP annual rate of change,2017-08,M,%,NSA,YoY,1.4,Eurostat,prc_hicp_manr,prc_hicp_manr.CP00,HICP annual rate of change,https://ec.europa.eu/eurostat/databrowser/view/prc_hicp_manr/default/table,2026-02-06T23:00:00+0100,final,2026-08-13 18:04:54,2026-02-06T23:00:00+0100
IT.CPI_YOY_M.EUROSTAT,IT,IT,ITA,意大利,Italy,CPI_YOY_M,调和居民消费价格指数同比,HICP annual rate of change,2017-09,M,%,NSA,YoY,1.3,Eurostat,prc_hicp_manr,prc_hicp_manr.CP00,HICP annual rate of change,https://ec.europa.eu/eurostat/databrowser/view/prc_hicp_manr/default/table,2026-02-06T23:00:00+0100,final,2026-08-13 18:04:54,2026-02-06T23:00:00+0100
IT.CPI_YOY_M.EUROSTAT,IT,IT,ITA,意大利,Italy,CPI_YOY_M,调和居民消费价格指数同比,HICP annual rate of change,2017-10,M,%,NSA,YoY,1.1,Eurostat,prc_hicp_manr,prc_hicp_manr.CP00,HICP annual rate of change,https://ec.europa.eu/eurostat/databrowser/view/prc_hicp_manr/default/table,2026-02-06T23:00:00+0100,final,2026-08-13 18:04:54,2026-02-06T23:00:00+0100
IT.CPI_YOY_M.EUROSTAT,IT,IT,ITA,意大利,Italy,CPI_YOY_M,调和居民消费价格指数同比,HICP annual rate of change,2017-11,M,%,NSA,YoY,1.1,Eurostat,prc_hicp_manr,prc_hicp_manr.CP00,HICP annual rate of change,https://ec.europa.eu/eurostat/databrowser/view/prc_hicp_manr/default/table,2026-02-06T23:00:00+0100,final,2026-08-13 18:04:54,2026-02-06T23:00:00+0100
IT.CPI_YOY_M.EUROSTAT,IT,IT,ITA,意大利,Italy,CPI_YOY_M,调和居民消费价格指数同比,HICP annual rate of change,2017-12,M,%,NSA,YoY,1.0,Eurostat,prc_hicp_manr,prc_hicp_manr.CP00,HICP annual rate of change,https://ec.europa.eu/eurostat/databrowser/view/prc_hicp_manr/default/table,2026-02-06T23:00:00+0100,final,2026-08-13 18:04:54,2026-02-06T23:00:00+0100
IT.CPI_YOY_M.EUROSTAT,IT,IT,ITA,意大利,Italy,CPI_YOY_M,调和居民消费价格指数同比,HICP annual rate of change,2018-01,M,%,NSA,YoY,1.2,Eurostat,prc_hicp_manr,prc_hicp_manr.CP00,HICP annual rate of change,https://ec.europa.eu/eurostat/databrowser/view/prc_hicp_manr/default/table,2026-02-06T23:00:00+0100,final,2026-08-13 18:04:54,2026-02-06T23:00:00+0100
IT.CPI_YOY_M.EUROSTAT,IT,IT,ITA,意大利,Italy,CPI_YOY_M,调和居民消费价格指数同比,HICP annual rate of change,2018-02,M,%,NSA,YoY,0.5,Eurostat,prc_hicp_manr,prc_hicp_manr.CP00,HICP annual rate of change,https://ec.europa.eu/eurostat/databrowser/view/prc_hicp_manr/default/table,2026-02-06T23:00:00+0100,final,2026-08-13 18:04:54,2026-02-06T23:00:00+0100
IT.CPI_YOY_M.EUROSTAT,IT,IT,ITA,意大利,Italy,CPI_YOY_M,调和居民消费价格指数同比,HICP annual rate of change,2018-03,M,%,NSA,YoY,0.9,Eurostat,prc_hicp_manr,prc_hicp_manr.CP00,HICP annual rate of change,https://ec.europa.eu/eurostat/databrowser/view/prc_hicp_manr/default/table,2026-02-06T23:00:00+0100,final,2026-08-13 18:04:54,2026-02-06T23:00:00+0100
IT.CPI_YOY_M.EUROSTAT,IT,IT,ITA,意大利,Italy,CPI_YOY_M,调和居民消费价格指数同比,HICP annual rate of change,2018-04,M,%,NSA,YoY,0.6,Eurostat,prc_hicp_manr,prc_hicp_manr.CP00,HICP annual rate of change,https://ec.europa.eu/eurostat/databrowser/view/prc_hicp_manr/default/table,2026-02-06T23:00:00+0100,final,2026-08-13 18:04:54,2026-02-06T23:00:00+0100
IT.CPI_YOY_M.EUROSTAT,IT,IT,ITA,意大利,Italy,CPI_YOY_M,调和居民消费价格指数同比,HICP annual rate of change,2018-05,M,%,NSA,YoY,1.0,Eurostat,prc_hicp_manr,prc_hicp_manr.CP00,HICP annual rate of change,https://ec.europa.eu/eurostat/databrowser/view/prc_hicp_manr/default/table,2026-02-06T23:00:00+0100,final,2026-08-13 18:04:54,2026-02-06T23:00:00+0100
IT.CPI_YOY_M.EUROSTAT,IT,IT,ITA,意大利,Italy,CPI_YOY_M,调和居民消费价格指数同比,HICP annual rate of change,2018-06,M,%,NSA,YoY,1.4,Eurostat,prc_hicp_manr,prc_hicp_manr.CP00,HICP annual rate of change,https://ec.europa.eu/eurostat/databrowser/view/prc_hicp_manr/default/table,2026-02-06T23:00:00+0100,final,2026-08-13 18:04:54,2026-02-06T23:00:00+0100
IT.CPI_YOY_M.EUROSTAT,IT,IT,ITA,意大利,Italy,CPI_YOY_M,调和居民消费价格指数同比,HICP annual rate of change,2018-07,M,%,NSA,YoY,1.9,Eurostat,prc_hicp_manr,prc_hicp_manr.CP00,HICP annual rate of change,https://ec.europa.eu/eurostat/databrowser/view/prc_hicp_manr/default/table,2026-02-06T23:00:00+0100,final,2026-08-13 18:04:54,2026-02-06T23:00:00+0100
IT.CPI_YOY_M.EUROSTAT,IT,IT,ITA,意大利,Italy,CPI_YOY_M,调和居民消费价格指数同比,HICP annual rate of change,2018-08,M,%,NSA,YoY,1.6,Eurostat,prc_hicp_manr,prc_hicp_manr.CP00,HICP annual rate of change,https://ec.europa.eu/eurostat/databrowser/view/prc_hicp_manr/default/table,2026-02-06T23:00:00+0100,final,2026-08-13 18:04:54,2026-02-06T23:00:00+0100
IT.CPI_YOY_M.EUROSTAT,IT,IT,ITA,意大利,Italy,CPI_YOY_M,调和居民消费价格指数同比,HICP annual rate of change,2018-09,M,%,NSA,YoY,1.5,Eurostat,prc_hicp_manr,prc_hicp_manr.CP00,HICP annual rate of change,https://ec.europa.eu/eurostat/databrowser/view/prc_hicp_manr/default/table,2026-02-06T23:00:00+0100,final,2026-08-13 18:04:54,2026-02-06T23:00:00+0100
IT.CPI_YOY_M.EUROSTAT,IT,IT,ITA,意大利,Italy,CPI_YOY_M,调和居民消费价格指数同比,HICP annual rate of change,2018-10,M,%,NSA,YoY,1.7,Eurostat,prc_hicp_manr,prc_hicp_manr.CP00,HICP annual rate of change,https://ec.europa.eu/eurostat/databrowser/view/prc_hicp_manr/default/table,2026-02-06T23:00:00+0100,final,2026-08-13 18:04:54,2026-02-06T23:00:00+0100
IT.CPI_YOY_M.EUROSTAT,IT,IT,ITA,意大利,Italy,CPI_YOY_M,调和居民消费价格指数同比,HICP annual rate of change,2018-11,M,%,NSA,YoY,1.6,Eurostat,prc_hicp_manr,prc_hicp_manr.CP00,HICP annual rate of change,https://ec.europa.eu/eurostat/databrowser/view/prc_hicp_manr/default/table,2026-02-06T23:00:00+0100,final,2026-08-13 18:04:54,2026-02-06T23:00:00+0100
IT.CPI_YOY_M.EUROSTAT,IT,IT,ITA,意大利,Italy,CPI_YOY_M,调和居民消费价格指数同比,HICP annual rate of change,2018-12,M,%,NSA,YoY,1.2,Eurostat,prc_hicp_manr,prc_hicp_manr.CP00,HICP annual rate of change,https://ec.europa.eu/eurostat/databrowser/view/prc_hicp_manr/default/table,2026-02-06T23:00:00+0100,final,2026-08-13 18:04:54,2026-02-06T23:00:00+0100
IT.CPI_YOY_M.EUROSTAT,IT,IT,ITA,意大利,Italy,CPI_YOY_M,调和居民消费价格指数同比,HICP annual rate of change,2019-01,M,%,NSA,YoY,0.9,Eurostat,prc_hicp_manr,prc_hicp_manr.CP00,HICP annual rate of change,https://ec.europa.eu/eurostat/databrowser/view/prc_hicp_manr/default/table,2026-02-06T23:00:00+0100,final,2026-08-13 18:04:54,2026-02-06T23:00:00+0100
IT.CPI_YOY_M.EUROSTAT,IT,IT,ITA,意大利,Italy,CPI_YOY_M,调和居民消费价格指数同比,HICP annual rate of change,2019-02,M,%,NSA,YoY,1.1,Eurostat,prc_hicp_manr,prc_hicp_manr.CP00,HICP annual rate of change,https://ec.europa.eu/eurostat/databrowser/view/prc_hicp_manr/default/table,2026-02-06T23:00:00+0100,final,2026-08-13 18:04:54,2026-02-06T23:00:00+0100
IT.CPI_YOY_M.EUROSTAT,IT,IT,ITA,意大利,Italy,CPI_YOY_M,调和居民消费价格指数同比,HICP annual rate of change,2019-03,M,%,NSA,YoY,1.1,Eurostat,prc_hicp_manr,prc_hicp_manr.CP00,HICP annual rate of change,https://ec.europa.eu/eurostat/databrowser/view/prc_hicp_manr/default/table,2026-02-06T23:00:00+0100,final,2026-08-13 18:04:54,2026-02-06T23:00:00+0100
IT.CPI_YOY_M.EUROSTAT,IT,IT,ITA,意大利,Italy,CPI_YOY_M,调和居民消费价格指数同比,HICP annual rate of change,2019-04,M,%,NSA,YoY,1.1,Eurostat,prc_hicp_manr,prc_hicp_manr.CP00,HICP annual rate of change,https://ec.europa.eu/eurostat/databrowser/view/prc_hicp_manr/default/table,2026-02-06T23:00:00+0100,final,2026-08-13 18:04:54,2026-02-06T23:00:00+0100
IT.CPI_YOY_M.EUROSTAT,IT,IT,ITA,意大利,Italy,CPI_YOY_M,调和居民消费价格指数同比,HICP annual rate of change,2019-05,M,%,NSA,YoY,0.9,Eurostat,prc_hicp_manr,prc_hicp_manr.CP00,HICP annual rate of change,https://ec.europa.eu/eurostat/databrowser/view/prc_hicp_manr/default/table,2026-02-06T23:00:00+0100,final,2026-08-13 18:04:54,2026-02-06T23:00:00+0100
IT.CPI_YOY_M.EUROSTAT,IT,IT,ITA,意大利,Italy,CPI_YOY_M,调和居民消费价格指数同比,HICP annual rate of change,2019-06,M,%,NSA,YoY,0.8,Eurostat,prc_hicp_manr,prc_hicp_manr.CP00,HICP annual rate of change,https://ec.europa.eu/eurostat/databrowser/view/prc_hicp_manr/default/table,2026-02-06T23:00:00+0100,final,2026-08-13 18:04:54,2026-02-06T23:00:00+0100
IT.CPI_YOY_M.EUROSTAT,IT,IT,ITA,意大利,Italy,CPI_YOY_M,调和居民消费价格指数同比,HICP annual rate of change,2019-07,M,%,NSA,YoY,0.3,Eurostat,prc_hicp_manr,prc_hicp_manr.CP00,HICP annual rate of change,https://ec.europa.eu/eurostat/databrowser/view/prc_hicp_manr/default/table,2026-02-06T23:00:00+0100,final,2026-08-13 18:04:54,2026-02-06T23:00:00+0100
IT.CPI_YOY_M.EUROSTAT,IT,IT,ITA,意大利,Italy,CPI_YOY_M,调和居民消费价格指数同比,HICP annual rate of change,2019-08,M,%,NSA,YoY,0.5,Eurostat,prc_hicp_manr,prc_hicp_manr.CP00,HICP annual rate of change,https://ec.europa.eu/eurostat/databrowser/view/prc_hicp_manr/default/table,2026-02-06T23:00:00+0100,final,2026-08-13 18:04:54,2026-02-06T23:00:00+0100
IT.CPI_YOY_M.EUROSTAT,IT,IT,ITA,意大利,Italy,CPI_YOY_M,调和居民消费价格指数同比,HICP annual rate of change,2019-09,M,%,NSA,YoY,0.2,Eurostat,prc_hicp_manr,prc_hicp_manr.CP00,HICP annual rate of change,https://ec.europa.eu/eurostat/databrowser/view/prc_hicp_manr/default/table,2026-02-06T23:00:00+0100,final,2026-08-13 18:04:54,2026-02-06T23:00:00+0100
IT.CPI_YOY_M.EUROSTAT,IT,IT,ITA,意大利,Italy,CPI_YOY_M,调和居民消费价格指数同比,HICP annual rate of change,2019-10,M,%,NSA,YoY,0.2,Eurostat,prc_hicp_manr,prc_hicp_manr.CP00,HICP annual rate of change,https://ec.europa.eu/eurostat/databrowser/view/prc_hicp_manr/default/table,2026-02-06T23:00:00+0100,final,2026-08-13 18:04:54,2026-02-06T23:00:00+0100
IT.CPI_YOY_M.EUROSTAT,IT,IT,ITA,意大利,Italy,CPI_YOY_M,调和居民消费价格指数同比,HICP annual rate of change,2019-11,M,%,NSA,YoY,0.2,Eurostat,prc_hicp_manr,prc_hicp_manr.CP00,HICP annual rate of change,https://ec.europa.eu/eurostat/databrowser/view/prc_hicp_manr/default/table,2026-02-06T23:00:00+0100,final,2026-08-13 18:04:54,2026-02-06T23:00:00+0100
IT.CPI_YOY_M.EUROSTAT,IT,IT,ITA,意大利,Italy,CPI_YOY_M,调和居民消费价格指数同比,HICP annual rate of change,2019-12,M,%,NSA,YoY,0.5,Eurostat,prc_hicp_manr,prc_hicp_manr.CP00,HICP annual rate of change,https://ec.europa.eu/eurostat/databrowser/view/prc_hicp_manr/default/table,2026-02-06T23:00:00+0100,final,2026-08-13 18:04:54,2026-02-06T23:00:00+0100
IT.CPI_YOY_M.EUROSTAT,IT,IT,ITA,意大利,Italy,CPI_YOY_M,调和居民消费价格指数同比,HICP annual rate of change,2020-01,M,%,NSA,YoY,0.4,Eurostat,prc_hicp_manr,prc_hicp_manr.CP00,HICP annual rate of change,https://ec.europa.eu/eurostat/databrowser/view/prc_hicp_manr/default/table,2026-02-06T23:00:00+0100,final,2026-08-13 18:04:54,2026-02-06T23:00:00+0100
IT.CPI_YOY_M.EUROSTAT,IT,IT,ITA,意大利,Italy,CPI_YOY_M,调和居民消费价格指数同比,HICP annual rate of change,2020-02,M,%,NSA,YoY,0.2,Eurostat,prc_hicp_manr,prc_hicp_manr.CP00,HICP annual rate of change,https://ec.europa.eu/eurostat/databrowser/view/prc_hicp_manr/default/table,2026-02-06T23:00:00+0100,final,2026-08-13 18:04:54,2026-02-06T23:00:00+0100
IT.CPI_YOY_M.EUROSTAT,IT,IT,ITA,意大利,Italy,CPI_YOY_M,调和居民消费价格指数同比,HICP annual rate of change,2020-03,M,%,NSA,YoY,0.1,Eurostat,prc_hicp_manr,prc_hicp_manr.CP00,HICP annual rate of change,https://ec.europa.eu/eurostat/databrowser/view/prc_hicp_manr/default/table,2026-02-06T23:00:00+0100,final,2026-08-13 18:04:54,2026-02-06T23:00:00+0100
IT.CPI_YOY_M.EUROSTAT,IT,IT,ITA,意大利,Italy,CPI_YOY_M,调和居民消费价格指数同比,HICP annual rate of change,2020-04,M,%,NSA,YoY,0.1,Eurostat,prc_hicp_manr,prc_hicp_manr.CP00,HICP annual rate of change,https://ec.europa.eu/eurostat/databrowser/view/prc_hicp_manr/default/table,2026-02-06T23:00:00+0100,final,2026-08-13 18:04:54,2026-02-06T23:00:00+0100
IT.CPI_YOY_M.EUROSTAT,IT,IT,ITA,意大利,Italy,CPI_YOY_M,调和居民消费价格指数同比,HICP annual rate of change,2020-05,M,%,NSA,YoY,-0.3,Eurostat,prc_hicp_manr,prc_hicp_manr.CP00,HICP annual rate of change,https://ec.europa.eu/eurostat/databrowser/view/prc_hicp_manr/default/table,2026-02-06T23:00:00+0100,final,2026-08-13 18:04:54,2026-02-06T23:00:00+0100
IT.CPI_YOY_M.EUROSTAT,IT,IT,ITA,意大利,Italy,CPI_YOY_M,调和居民消费价格指数同比,HICP annual rate of change,2020-06,M,%,NSA,YoY,-0.4,Eurostat,prc_hicp_manr,prc_hicp_manr.CP00,HICP annual rate of change,https://ec.europa.eu/eurostat/databrowser/view/prc_hicp_manr/default/table,2026-02-06T23:00:00+0100,final,2026-08-13 18:04:54,2026-02-06T23:00:00+0100
IT.CPI_YOY_M.EUROSTAT,IT,IT,ITA,意大利,Italy,CPI_YOY_M,调和居民消费价格指数同比,HICP annual rate of change,2020-07,M,%,NSA,YoY,0.8,Eurostat,prc_hicp_manr,prc_hicp_manr.CP00,HICP annual rate of change,https://ec.europa.eu/eurostat/databrowser/view/prc_hicp_manr/default/table,2026-02-06T23:00:00+0100,final,2026-08-13 18:04:54,2026-02-06T23:00:00+0100
IT.CPI_YOY_M.EUROSTAT,IT,IT,ITA,意大利,Italy,CPI_YOY_M,调和居民消费价格指数同比,HICP annual rate of change,2020-08,M,%,NSA,YoY,-0.5,Eurostat,prc_hicp_manr,prc_hicp_manr.CP00,HICP annual rate of change,https://ec.europa.eu/eurostat/databrowser/view/prc_hicp_manr/default/table,2026-02-06T23:00:00+0100,final,2026-08-13 18:04:54,2026-02-06T23:00:00+0100
IT.CPI_YOY_M.EUROSTAT,IT,IT,ITA,意大利,Italy,CPI_YOY_M,调和居民消费价格指数同比,HICP annual rate of change,2020-09,M,%,NSA,YoY,-1.0,Eurostat,prc_hicp_manr,prc_hicp_manr.CP00,HICP annual rate of change,https://ec.europa.eu/eurostat/databrowser/view/prc_hicp_manr/default/table,2026-02-06T23:00:00+0100,final,2026-08-13 18:04:54,2026-02-06T23:00:00+0100
IT.CPI_YOY_M.EUROSTAT,IT,IT,ITA,意大利,Italy,CPI_YOY_M,调和居民消费价格指数同比,HICP annual rate of change,2020-10,M,%,NSA,YoY,-0.6,Eurostat,prc_hicp_manr,prc_hicp_manr.CP00,HICP annual rate of change,https://ec.europa.eu/eurostat/databrowser/view/prc_hicp_manr/default/table,2026-02-06T23:00:00+0100,final,2026-08-13 18:04:54,2026-02-06T23:00:00+0100
IT.CPI_YOY_M.EUROSTAT,IT,IT,ITA,意大利,Italy,CPI_YOY_M,调和居民消费价格指数同比,HICP annual rate of change,2020-11,M,%,NSA,YoY,-0.3,Eurostat,prc_hicp_manr,prc_hicp_manr.CP00,HICP annual rate of change,https://ec.europa.eu/eurostat/databrowser/view/prc_hicp_manr/default/table,2026-02-06T23:00:00+0100,final,2026-08-13 18:04:54,2026-02-06T23:00:00+0100
IT.CPI_YOY_M.EUROSTAT,IT,IT,ITA,意大利,Italy,CPI_YOY_M,调和居民消费价格指数同比,HICP annual rate of change,2020-12,M,%,NSA,YoY,-0.3,Eurostat,prc_hicp_manr,prc_hicp_manr.CP00,HICP annual rate of change,https://ec.europa.eu/eurostat/databrowser/view/prc_hicp_manr/default/table,2026-02-06T23:00:00+0100,final,2026-08-13 18:04:54,2026-02-06T23:00:00+0100
IT.CPI_YOY_M.EUROSTAT,IT,IT,ITA,意大利,Italy,CPI_YOY_M,调和居民消费价格指数同比,HICP annual rate of change,2021-01,M,%,NSA,YoY,0.7,Eurostat,prc_hicp_manr,prc_hicp_manr.CP00,HICP annual rate of change,https://ec.europa.eu/eurostat/databrowser/view/prc_hicp_manr/default/table,2026-02-06T23:00:00+0100,final,2026-08-13 18:04:54,2026-02-06T23:00:00+0100
IT.CPI_YOY_M.EUROSTAT,IT,IT,ITA,意大利,Italy,CPI_YOY_M,调和居民消费价格指数同比,HICP annual rate of change,2021-02,M,%,NSA,YoY,1.0,Eurostat,prc_hicp_manr,prc_hicp_manr.CP00,HICP annual rate of change,https://ec.europa.eu/eurostat/databrowser/view/prc_hicp_manr/default/table,2026-02-06T23:00:00+0100,final,2026-08-13 18:04:54,2026-02-06T23:00:00+0100
IT.CPI_YOY_M.EUROSTAT,IT,IT,ITA,意大利,Italy,CPI_YOY_M,调和居民消费价格指数同比,HICP annual rate of change,2021-03,M,%,NSA,YoY,0.6,Eurostat,prc_hicp_manr,prc_hicp_manr.CP00,HICP annual rate of change,https://ec.europa.eu/eurostat/databrowser/view/prc_hicp_manr/default/table,2026-02-06T23:00:00+0100,final,2026-08-13 18:04:54,2026-02-06T23:00:00+0100
IT.CPI_YOY_M.EUROSTAT,IT,IT,ITA,意大利,Italy,CPI_YOY_M,调和居民消费价格指数同比,HICP annual rate of change,2021-04,M,%,NSA,YoY,1.0,Eurostat,prc_hicp_manr,prc_hicp_manr.CP00,HICP annual rate of change,https://ec.europa.eu/eurostat/databrowser/view/prc_hicp_manr/default/table,2026-02-06T23:00:00+0100,final,2026-08-13 18:04:54,2026-02-06T23:00:00+0100
IT.CPI_YOY_M.EUROSTAT,IT,IT,ITA,意大利,Italy,CPI_YOY_M,调和居民消费价格指数同比,HICP annual rate of change,2021-05,M,%,NSA,YoY,1.2,Eurostat,prc_hicp_manr,prc_hicp_manr.CP00,HICP annual rate of change,https://ec.europa.eu/eurostat/databrowser/view/prc_hicp_manr/default/table,2026-02-06T23:00:00+0100,final,2026-08-13 18:04:54,2026-02-06T23:00:00+0100
IT.CPI_YOY_M.EUROSTAT,IT,IT,ITA,意大利,Italy,CPI_YOY_M,调和居民消费价格指数同比,HICP annual rate of change,2021-06,M,%,NSA,YoY,1.3,Eurostat,prc_hicp_manr,prc_hicp_manr.CP00,HICP annual rate of change,https://ec.europa.eu/eurostat/databrowser/view/prc_hicp_manr/default/table,2026-02-06T23:00:00+0100,final,2026-08-13 18:04:54,2026-02-06T23:00:00+0100
IT.CPI_YOY_M.EUROSTAT,IT,IT,ITA,意大利,Italy,CPI_YOY_M,调和居民消费价格指数同比,HICP annual rate of change,2021-07,M,%,NSA,YoY,1.0,Eurostat,prc_hicp_manr,prc_hicp_manr.CP00,HICP annual rate of change,https://ec.europa.eu/eurostat/databrowser/view/prc_hicp_manr/default/table,2026-02-06T23:00:00+0100,final,2026-08-13 18:04:54,2026-02-06T23:00:00+0100
IT.CPI_YOY_M.EUROSTAT,IT,IT,ITA,意大利,Italy,CPI_YOY_M,调和居民消费价格指数同比,HICP annual rate of change,2021-08,M,%,NSA,YoY,2.5,Eurostat,prc_hicp_manr,prc_hicp_manr.CP00,HICP annual rate of change,https://ec.europa.eu/eurostat/databrowser/view/prc_hicp_manr/default/table,2026-02-06T23:00:00+0100,final,2026-08-13 18:04:54,2026-02-06T23:00:00+0100
IT.CPI_YOY_M.EUROSTAT,IT,IT,ITA,意大利,Italy,CPI_YOY_M,调和居民消费价格指数同比,HICP annual rate of change,2021-09,M,%,NSA,YoY,2.9,Eurostat,prc_hicp_manr,prc_hicp_manr.CP00,HICP annual rate of change,https://ec.europa.eu/eurostat/databrowser/view/prc_hicp_manr/default/table,2026-02-06T23:00:00+0100,final,2026-08-13 18:04:54,2026-02-06T23:00:00+0100
IT.CPI_YOY_M.EUROSTAT,IT,IT,ITA,意大利,Italy,CPI_YOY_M,调和居民消费价格指数同比,HICP annual rate of change,2021-10,M,%,NSA,YoY,3.2,Eurostat,prc_hicp_manr,prc_hicp_manr.CP00,HICP annual rate of change,https://ec.europa.eu/eurostat/databrowser/view/prc_hicp_manr/default/table,2026-02-06T23:00:00+0100,final,2026-08-13 18:04:54,2026-02-06T23:00:00+0100
IT.CPI_YOY_M.EUROSTAT,IT,IT,ITA,意大利,Italy,CPI_YOY_M,调和居民消费价格指数同比,HICP annual rate of change,2021-11,M,%,NSA,YoY,3.9,Eurostat,prc_hicp_manr,prc_hicp_manr.CP00,HICP annual rate of change,https://ec.europa.eu/eurostat/databrowser/view/prc_hicp_manr/default/table,2026-02-06T23:00:00+0100,final,2026-08-13 18:04:54,2026-02-06T23:00:00+0100
IT.CPI_YOY_M.EUROSTAT,IT,IT,ITA,意大利,Italy,CPI_YOY_M,调和居民消费价格指数同比,HICP annual rate of change,2021-12,M,%,NSA,YoY,4.2,Eurostat,prc_hicp_manr,prc_hicp_manr.CP00,HICP annual rate of change,https://ec.europa.eu/eurostat/databrowser/view/prc_hicp_manr/default/table,2026-02-06T23:00:00+0100,final,2026-08-13 18:04:54,2026-02-06T23:00:00+0100
IT.CPI_YOY_M.EUROSTAT,IT,IT,ITA,意大利,Italy,CPI_YOY_M,调和居民消费价格指数同比,HICP annual rate of change,2022-01,M,%,NSA,YoY,5.1,Eurostat,prc_hicp_manr,prc_hicp_manr.CP00,HICP annual rate of change,https://ec.europa.eu/eurostat/databrowser/view/prc_hicp_manr/default/table,2026-02-06T23:00:00+0100,final,2026-08-13 18:04:54,2026-02-06T23:00:00+0100
IT.CPI_YOY_M.EUROSTAT,IT,IT,ITA,意大利,Italy,CPI_YOY_M,调和居民消费价格指数同比,HICP annual rate of change,2022-02,M,%,NSA,YoY,6.2,Eurostat,prc_hicp_manr,prc_hicp_manr.CP00,HICP annual rate of change,https://ec.europa.eu/eurostat/databrowser/view/prc_hicp_manr/default/table,2026-02-06T23:00:00+0100,final,2026-08-13 18:04:54,2026-02-06T23:00:00+0100
IT.CPI_YOY_M.EUROSTAT,IT,IT,ITA,意大利,Italy,CPI_YOY_M,调和居民消费价格指数同比,HICP annual rate of change,2022-03,M,%,NSA,YoY,6.8,Eurostat,prc_hicp_manr,prc_hicp_manr.CP00,HICP annual rate of change,https://ec.europa.eu/eurostat/databrowser/view/prc_hicp_manr/default/table,2026-02-06T23:00:00+0100,final,2026-08-13 18:04:54,2026-02-06T23:00:00+0100
IT.CPI_YOY_M.EUROSTAT,IT,IT,ITA,意大利,Italy,CPI_YOY_M,调和居民消费价格指数同比,HICP annual rate of change,2022-04,M,%,NSA,YoY,6.3,Eurostat,prc_hicp_manr,prc_hicp_manr.CP00,HICP annual rate of change,https://ec.europa.eu/eurostat/databrowser/view/prc_hicp_manr/default/table,2026-02-06T23:00:00+0100,final,2026-08-13 18:04:54,2026-02-06T23:00:00+0100
IT.CPI_YOY_M.EUROSTAT,IT,IT,ITA,意大利,Italy,CPI_YOY_M,调和居民消费价格指数同比,HICP annual rate of change,2022-05,M,%,NSA,YoY,7.3,Eurostat,prc_hicp_manr,prc_hicp_manr.CP00,HICP annual rate of change,https://ec.europa.eu/eurostat/databrowser/view/prc_hicp_manr/default/table,2026-02-06T23:00:00+0100,final,2026-08-13 18:04:54,2026-02-06T23:00:00+0100
IT.CPI_YOY_M.EUROSTAT,IT,IT,ITA,意大利,Italy,CPI_YOY_M,调和居民消费价格指数同比,HICP annual rate of change,2022-06,M,%,NSA,YoY,8.5,Eurostat,prc_hicp_manr,prc_hicp_manr.CP00,HICP annual rate of change,https://ec.europa.eu/eurostat/databrowser/view/prc_hicp_manr/default/table,2026-02-06T23:00:00+0100,final,2026-08-13 18:04:54,2026-02-06T23:00:00+0100
IT.CPI_YOY_M.EUROSTAT,IT,IT,ITA,意大利,Italy,CPI_YOY_M,调和居民消费价格指数同比,HICP annual rate of change,2022-07,M,%,NSA,YoY,8.4,Eurostat,prc_hicp_manr,prc_hicp_manr.CP00,HICP annual rate of change,https://ec.europa.eu/eurostat/databrowser/view/prc_hicp_manr/default/table,2026-02-06T23:00:00+0100,final,2026-08-13 18:04:54,2026-02-06T23:00:00+0100
IT.CPI_YOY_M.EUROSTAT,IT,IT,ITA,意大利,Italy,CPI_YOY_M,调和居民消费价格指数同比,HICP annual rate of change,2022-08,M,%,NSA,YoY,9.1,Eurostat,prc_hicp_manr,prc_hicp_manr.CP00,HICP annual rate of change,https://ec.europa.eu/eurostat/databrowser/view/prc_hicp_manr/default/table,2026-02-06T23:00:00+0100,final,2026-08-13 18:04:54,2026-02-06T23:00:00+0100
IT.CPI_YOY_M.EUROSTAT,IT,IT,ITA,意大利,Italy,CPI_YOY_M,调和居民消费价格指数同比,HICP annual rate of change,2022-09,M,%,NSA,YoY,9.4,Eurostat,prc_hicp_manr,prc_hicp_manr.CP00,HICP annual rate of change,https://ec.europa.eu/eurostat/databrowser/view/prc_hicp_manr/default/table,2026-02-06T23:00:00+0100,final,2026-08-13 18:04:54,2026-02-06T23:00:00+0100
IT.CPI_YOY_M.EUROSTAT,IT,IT,ITA,意大利,Italy,CPI_YOY_M,调和居民消费价格指数同比,HICP annual rate of change,2022-10,M,%,NSA,YoY,12.6,Eurostat,prc_hicp_manr,prc_hicp_manr.CP00,HICP annual rate of change,https://ec.europa.eu/eurostat/databrowser/view/prc_hicp_manr/default/table,2026-02-06T23:00:00+0100,final,2026-08-13 18:04:54,2026-02-06T23:00:00+0100
IT.CPI_YOY_M.EUROSTAT,IT,IT,ITA,意大利,Italy,CPI_YOY_M,调和居民消费价格指数同比,HICP annual rate of change,2022-11,M,%,NSA,YoY,12.6,Eurostat,prc_hicp_manr,prc_hicp_manr.CP00,HICP annual rate of change,https://ec.europa.eu/eurostat/databrowser/view/prc_hicp_manr/default/table,2026-02-06T23:00:00+0100,final,2026-08-13 18:04:54,2026-02-06T23:00:00+0100
IT.CPI_YOY_M.EUROSTAT,IT,IT,ITA,意大利,Italy,CPI_YOY_M,调和居民消费价格指数同比,HICP annual rate of change,2022-12,M,%,NSA,YoY,12.3,Eurostat,prc_hicp_manr,prc_hicp_manr.CP00,HICP annual rate of change,https://ec.europa.eu/eurostat/databrowser/view/prc_hicp_manr/default/table,2026-02-06T23:00:00+0100,final,2026-08-13 18:04:54,2026-02-06T23:00:00+0100
IT.CPI_YOY_M.EUROSTAT,IT,IT,ITA,意大利,Italy,CPI_YOY_M,调和居民消费价格指数同比,HICP annual rate of change,2023-01,M,%,NSA,YoY,10.7,Eurostat,prc_hicp_manr,prc_hicp_manr.CP00,HICP annual rate of change,https://ec.europa.eu/eurostat/databrowser/view/prc_hicp_manr/default/table,2026-02-06T23:00:00+0100,final,2026-08-13 18:04:54,2026-02-06T23:00:00+0100
IT.CPI_YOY_M.EUROSTAT,IT,IT,ITA,意大利,Italy,CPI_YOY_M,调和居民消费价格指数同比,HICP annual rate of change,2023-02,M,%,NSA,YoY,9.8,Eurostat,prc_hicp_manr,prc_hicp_manr.CP00,HICP annual rate of change,https://ec.europa.eu/eurostat/databrowser/view/prc_hicp_manr/default/table,2026-02-06T23:00:00+0100,final,2026-08-13 18:04:54,2026-02-06T23:00:00+0100
IT.CPI_YOY_M.EUROSTAT,IT,IT,ITA,意大利,Italy,CPI_YOY_M,调和居民消费价格指数同比,HICP annual rate of change,2023-03,M,%,NSA,YoY,8.1,Eurostat,prc_hicp_manr,prc_hicp_manr.CP00,HICP annual rate of change,https://ec.europa.eu/eurostat/databrowser/view/prc_hicp_manr/default/table,2026-02-06T23:00:00+0100,final,2026-08-13 18:04:54,2026-02-06T23:00:00+0100
IT.CPI_YOY_M.EUROSTAT,IT,IT,ITA,意大利,Italy,CPI_YOY_M,调和居民消费价格指数同比,HICP annual rate of change,2023-04,M,%,NSA,YoY,8.6,Eurostat,prc_hicp_manr,prc_hicp_manr.CP00,HICP annual rate of change,https://ec.europa.eu/eurostat/databrowser/view/prc_hicp_manr/default/table,2026-02-06T23:00:00+0100,final,2026-08-13 18:04:54,2026-02-06T23:00:00+0100
IT.CPI_YOY_M.EUROSTAT,IT,IT,ITA,意大利,Italy,CPI_YOY_M,调和居民消费价格指数同比,HICP annual rate of change,2023-05,M,%,NSA,YoY,8.0,Eurostat,prc_hicp_manr,prc_hicp_manr.CP00,HICP annual rate of change,https://ec.europa.eu/eurostat/databrowser/view/prc_hicp_manr/default/table,2026-02-06T23:00:00+0100,final,2026-08-13 18:04:54,2026-02-06T23:00:00+0100
IT.CPI_YOY_M.EUROSTAT,IT,IT,ITA,意大利,Italy,CPI_YOY_M,调和居民消费价格指数同比,HICP annual rate of change,2023-06,M,%,NSA,YoY,6.7,Eurostat,prc_hicp_manr,prc_hicp_manr.CP00,HICP annual rate of change,https://ec.europa.eu/eurostat/databrowser/view/prc_hicp_manr/default/table,2026-02-06T23:00:00+0100,final,2026-08-13 18:04:54,2026-02-06T23:00:00+0100
IT.CPI_YOY_M.EUROSTAT,IT,IT,ITA,意大利,Italy,CPI_YOY_M,调和居民消费价格指数同比,HICP annual rate of change,2023-07,M,%,NSA,YoY,6.3,Eurostat,prc_hicp_manr,prc_hicp_manr.CP00,HICP annual rate of change,https://ec.europa.eu/eurostat/databrowser/view/prc_hicp_manr/default/table,2026-02-06T23:00:00+0100,final,2026-08-13 18:04:54,2026-02-06T23:00:00+0100
IT.CPI_YOY_M.EUROSTAT,IT,IT,ITA,意大利,Italy,CPI_YOY_M,调和居民消费价格指数同比,HICP annual rate of change,2023-08,M,%,NSA,YoY,5.5,Eurostat,prc_hicp_manr,prc_hicp_manr.CP00,HICP annual rate of change,https://ec.europa.eu/eurostat/databrowser/view/prc_hicp_manr/default/table,2026-02-06T23:00:00+0100,final,2026-08-13 18:04:54,2026-02-06T23:00:00+0100
IT.CPI_YOY_M.EUROSTAT,IT,IT,ITA,意大利,Italy,CPI_YOY_M,调和居民消费价格指数同比,HICP annual rate of change,2023-09,M,%,NSA,YoY,5.6,Eurostat,prc_hicp_manr,prc_hicp_manr.CP00,HICP annual rate of change,https://ec.europa.eu/eurostat/databrowser/view/prc_hicp_manr/default/table,2026-02-06T23:00:00+0100,final,2026-08-13 18:04:54,2026-02-06T23:00:00+0100
IT.CPI_YOY_M.EUROSTAT,IT,IT,ITA,意大利,Italy,CPI_YOY_M,调和居民消费价格指数同比,HICP annual rate of change,2023-10,M,%,NSA,YoY,1.8,Eurostat,prc_hicp_manr,prc_hicp_manr.CP00,HICP annual rate of change,https://ec.europa.eu/eurostat/databrowser/view/prc_hicp_manr/default/table,2026-02-06T23:00:00+0100,final,2026-08-13 18:04:54,2026-02-06T23:00:00+0100
IT.CPI_YOY_M.EUROSTAT,IT,IT,ITA,意大利,Italy,CPI_YOY_M,调和居民消费价格指数同比,HICP annual rate of change,2023-11,M,%,NSA,YoY,0.6,Eurostat,prc_hicp_manr,prc_hicp_manr.CP00,HICP annual rate of change,https://ec.europa.eu/eurostat/databrowser/view/prc_hicp_manr/default/table,2026-02-06T23:00:00+0100,final,2026-08-13 18:04:54,2026-02-06T23:00:00+0100
IT.CPI_YOY_M.EUROSTAT,IT,IT,ITA,意大利,Italy,CPI_YOY_M,调和居民消费价格指数同比,HICP annual rate of change,2023-12,M,%,NSA,YoY,0.5,Eurostat,prc_hicp_manr,prc_hicp_manr.CP00,HICP annual rate of change,https://ec.europa.eu/eurostat/databrowser/view/prc_hicp_manr/default/table,2026-02-06T23:00:00+0100,final,2026-08-13 18:04:54,2026-02-06T23:00:00+0100
IT.CPI_YOY_M.EUROSTAT,IT,IT,ITA,意大利,Italy,CPI_YOY_M,调和居民消费价格指数同比,HICP annual rate of change,2024-01,M,%,NSA,YoY,0.9,Eurostat,prc_hicp_manr,prc_hicp_manr.CP00,HICP annual rate of change,https://ec.europa.eu/eurostat/databrowser/view/prc_hicp_manr/default/table,2026-02-06T23:00:00+0100,final,2026-08-13 18:04:54,2026-02-06T23:00:00+0100
IT.CPI_YOY_M.EUROSTAT,IT,IT,ITA,意大利,Italy,CPI_YOY_M,调和居民消费价格指数同比,HICP annual rate of change,2024-02,M,%,NSA,YoY,0.8,Eurostat,prc_hicp_manr,prc_hicp_manr.CP00,HICP annual rate of change,https://ec.europa.eu/eurostat/databrowser/view/prc_hicp_manr/default/table,2026-02-06T23:00:00+0100,final,2026-08-13 18:04:54,2026-02-06T23:00:00+0100
IT.CPI_YOY_M.EUROSTAT,IT,IT,ITA,意大利,Italy,CPI_YOY_M,调和居民消费价格指数同比,HICP annual rate of change,2024-03,M,%,NSA,YoY,1.2,Eurostat,prc_hicp_manr,prc_hicp_manr.CP00,HICP annual rate of change,https://ec.europa.eu/eurostat/databrowser/view/prc_hicp_manr/default/table,2026-02-06T23:00:00+0100,final,2026-08-13 18:04:54,2026-02-06T23:00:00+0100
IT.CPI_YOY_M.EUROSTAT,IT,IT,ITA,意大利,Italy,CPI_YOY_M,调和居民消费价格指数同比,HICP annual rate of change,2024-04,M,%,NSA,YoY,0.9,Eurostat,prc_hicp_manr,prc_hicp_manr.CP00,HICP annual rate of change,https://ec.europa.eu/eurostat/databrowser/view/prc_hicp_manr/default/table,2026-02-06T23:00:00+0100,final,2026-08-13 18:04:54,2026-02-06T23:00:00+0100
IT.CPI_YOY_M.EUROSTAT,IT,IT,ITA,意大利,Italy,CPI_YOY_M,调和居民消费价格指数同比,HICP annual rate of change,2024-05,M,%,NSA,YoY,0.8,Eurostat,prc_hicp_manr,prc_hicp_manr.CP00,HICP annual rate of change,https://ec.europa.eu/eurostat/databrowser/view/prc_hicp_manr/default/table,2026-02-06T23:00:00+0100,final,2026-08-13 18:04:54,2026-02-06T23:00:00+0100
IT.CPI_YOY_M.EUROSTAT,IT,IT,ITA,意大利,Italy,CPI_YOY_M,调和居民消费价格指数同比,HICP annual rate of change,2024-06,M,%,NSA,YoY,0.9,Eurostat,prc_hicp_manr,prc_hicp_manr.CP00,HICP annual rate of change,https://ec.europa.eu/eurostat/databrowser/view/prc_hicp_manr/default/table,2026-02-06T23:00:00+0100,final,2026-08-13 18:04:54,2026-02-06T23:00:00+0100
IT.CPI_YOY_M.EUROSTAT,IT,IT,ITA,意大利,Italy,CPI_YOY_M,调和居民消费价格指数同比,HICP annual rate of change,2024-07,M,%,NSA,YoY,1.6,Eurostat,prc_hicp_manr,prc_hicp_manr.CP00,HICP annual rate of change,https://ec.europa.eu/eurostat/databrowser/view/prc_hicp_manr/default/table,2026-02-06T23:00:00+0100,final,2026-08-13 18:04:54,2026-02-06T23:00:00+0100
IT.CPI_YOY_M.EUROSTAT,IT,IT,ITA,意大利,Italy,CPI_YOY_M,调和居民消费价格指数同比,HICP annual rate of change,2024-08,M,%,NSA,YoY,1.2,Eurostat,prc_hicp_manr,prc_hicp_manr.CP00,HICP annual rate of change,https://ec.europa.eu/eurostat/databrowser/view/prc_hicp_manr/default/table,2026-02-06T23:00:00+0100,final,2026-08-13 18:04:54,2026-02-06T23:00:00+0100
IT.CPI_YOY_M.EUROSTAT,IT,IT,ITA,意大利,Italy,CPI_YOY_M,调和居民消费价格指数同比,HICP annual rate of change,2024-09,M,%,NSA,YoY,0.7,Eurostat,prc_hicp_manr,prc_hicp_manr.CP00,HICP annual rate of change,https://ec.europa.eu/eurostat/databrowser/view/prc_hicp_manr/default/table,2026-02-06T23:00:00+0100,final,2026-08-13 18:04:54,2026-02-06T23:00:00+0100
IT.CPI_YOY_M.EUROSTAT,IT,IT,ITA,意大利,Italy,CPI_YOY_M,调和居民消费价格指数同比,HICP annual rate of change,2024-10,M,%,NSA,YoY,1.0,Eurostat,prc_hicp_manr,prc_hicp_manr.CP00,HICP annual rate of change,https://ec.europa.eu/eurostat/databrowser/view/prc_hicp_manr/default/table,2026-02-06T23:00:00+0100,final,2026-08-13 18:04:54,2026-02-06T23:00:00+0100
IT.CPI_YOY_M.EUROSTAT,IT,IT,ITA,意大利,Italy,CPI_YOY_M,调和居民消费价格指数同比,HICP annual rate of change,2024-11,M,%,NSA,YoY,1.5,Eurostat,prc_hicp_manr,prc_hicp_manr.CP00,HICP annual rate of change,https://ec.europa.eu/eurostat/databrowser/view/prc_hicp_manr/default/table,2026-02-06T23:00:00+0100,final,2026-08-13 18:04:54,2026-02-06T23:00:00+0100
IT.CPI_YOY_M.EUROSTAT,IT,IT,ITA,意大利,Italy,CPI_YOY_M,调和居民消费价格指数同比,HICP annual rate of change,2024-12,M,%,NSA,YoY,1.4,Eurostat,prc_hicp_manr,prc_hicp_manr.CP00,HICP annual rate of change,https://ec.europa.eu/eurostat/databrowser/view/prc_hicp_manr/default/table,2026-02-06T23:00:00+0100,final,2026-08-13 18:04:54,2026-02-06T23:00:00+0100
IT.CPI_YOY_M.EUROSTAT,IT,IT,ITA,意大利,Italy,CPI_YOY_M,调和居民消费价格指数同比,HICP annual rate of change,2025-01,M,%,NSA,YoY,1.7,Eurostat,prc_hicp_manr,prc_hicp_manr.CP00,HICP annual rate of change,https://ec.europa.eu/eurostat/databrowser/view/prc_hicp_manr/default/table,2026-02-06T23:00:00+0100,final,2026-08-13 18:04:54,2026-02-06T23:00:00+0100
IT.CPI_YOY_M.EUROSTAT,IT,IT,ITA,意大利,Italy,CPI_YOY_M,调和居民消费价格指数同比,HICP annual rate of change,2025-02,M,%,NSA,YoY,1.7,Eurostat,prc_hicp_manr,prc_hicp_manr.CP00,HICP annual rate of change,https://ec.europa.eu/eurostat/databrowser/view/prc_hicp_manr/default/table,2026-02-06T23:00:00+0100,final,2026-08-13 18:04:54,2026-02-06T23:00:00+0100
IT.CPI_YOY_M.EUROSTAT,IT,IT,ITA,意大利,Italy,CPI_YOY_M,调和居民消费价格指数同比,HICP annual rate of change,2025-03,M,%,NSA,YoY,2.1,Eurostat,prc_hicp_manr,prc_hicp_manr.CP00,HICP annual rate of change,https://ec.europa.eu/eurostat/databrowser/view/prc_hicp_manr/default/table,2026-02-06T23:00:00+0100,final,2026-08-13 18:04:54,2026-02-06T23:00:00+0100
IT.CPI_YOY_M.EUROSTAT,IT,IT,ITA,意大利,Italy,CPI_YOY_M,调和居民消费价格指数同比,HICP annual rate of change,2025-04,M,%,NSA,YoY,2.0,Eurostat,prc_hicp_manr,prc_hicp_manr.CP00,HICP annual rate of change,https://ec.europa.eu/eurostat/databrowser/view/prc_hicp_manr/default/table,2026-02-06T23:00:00+0100,final,2026-08-13 18:04:54,2026-02-06T23:00:00+0100
IT.CPI_YOY_M.EUROSTAT,IT,IT,ITA,意大利,Italy,CPI_YOY_M,调和居民消费价格指数同比,HICP annual rate of change,2025-05,M,%,NSA,YoY,1.7,Eurostat,prc_hicp_manr,prc_hicp_manr.CP00,HICP annual rate of change,https://ec.europa.eu/eurostat/databrowser/view/prc_hicp_manr/default/table,2026-02-06T23:00:00+0100,final,2026-08-13 18:04:54,2026-02-06T23:00:00+0100
IT.CPI_YOY_M.EUROSTAT,IT,IT,ITA,意大利,Italy,CPI_YOY_M,调和居民消费价格指数同比,HICP annual rate of change,2025-06,M,%,NSA,YoY,1.8,Eurostat,prc_hicp_manr,prc_hicp_manr.CP00,HICP annual rate of change,https://ec.europa.eu/eurostat/databrowser/view/prc_hicp_manr/default/table,2026-02-06T23:00:00+0100,final,2026-08-13 18:04:54,2026-02-06T23:00:00+0100
IT.CPI_YOY_M.EUROSTAT,IT,IT,ITA,意大利,Italy,CPI_YOY_M,调和居民消费价格指数同比,HICP annual rate of change,2025-07,M,%,NSA,YoY,1.7,Eurostat,prc_hicp_manr,prc_hicp_manr.CP00,HICP annual rate of change,https://ec.europa.eu/eurostat/databrowser/view/prc_hicp_manr/default/table,2026-02-06T23:00:00+0100,final,2026-08-13 18:04:54,2026-02-06T23:00:00+0100
IT.CPI_YOY_M.EUROSTAT,IT,IT,ITA,意大利,Italy,CPI_YOY_M,调和居民消费价格指数同比,HICP annual rate of change,2025-08,M,%,NSA,YoY,1.6,Eurostat,prc_hicp_manr,prc_hicp_manr.CP00,HICP annual rate of change,https://ec.europa.eu/eurostat/databrowser/view/prc_hicp_manr/default/table,2026-02-06T23:00:00+0100,final,2026-08-13 18:04:54,2026-02-06T23:00:00+0100
IT.CPI_YOY_M.EUROSTAT,IT,IT,ITA,意大利,Italy,CPI_YOY_M,调和居民消费价格指数同比,HICP annual rate of change,2025-09,M,%,NSA,YoY,1.8,Eurostat,prc_hicp_manr,prc_hicp_manr.CP00,HICP annual rate of change,https://ec.europa.eu/eurostat/databrowser/view/prc_hicp_manr/default/table,2026-02-06T23:00:00+0100,final,2026-08-13 18:04:54,2026-02-06T23:00:00+0100
IT.CPI_YOY_M.EUROSTAT,IT,IT,ITA,意大利,Italy,CPI_YOY_M,调和居民消费价格指数同比,HICP annual rate of change,2025-10,M,%,NSA,YoY,1.3,Eurostat,prc_hicp_manr,prc_hicp_manr.CP00,HICP annual rate of change,https://ec.europa.eu/eurostat/databrowser/view/prc_hicp_manr/default/table,2026-02-06T23:00:00+0100,final,2026-08-13 18:04:54,2026-02-06T23:00:00+0100
IT.CPI_YOY_M.EUROSTAT,IT,IT,ITA,意大利,Italy,CPI_YOY_M,调和居民消费价格指数同比,HICP annual rate of change,2025-11,M,%,NSA,YoY,1.1,Eurostat,prc_hicp_manr,prc_hicp_manr.CP00,HICP annual rate of change,https://ec.europa.eu/eurostat/databrowser/view/prc_hicp_manr/default/table,2026-02-06T23:00:00+0100,final,2026-08-13 18:04:54,2026-02-06T23:00:00+0100
IT.CPI_YOY_M.EUROSTAT,IT,IT,ITA,意大利,Italy,CPI_YOY_M,调和居民消费价格指数同比,HICP annual rate of change,2025-12,M,%,NSA,YoY,1.2,Eurostat,prc_hicp_manr,prc_hicp_manr.CP00,HICP annual rate of change,https://ec.europa.eu/eurostat/databrowser/view/prc_hicp_manr/default/table,2026-02-06T23:00:00+0100,final,2026-08-13 18:04:54,2026-02-06T23:00:00+0100
DE.UNEMPLOYMENT_RATE_M.EUROSTAT,DE,DE,DEU,德国,Germany,UNEMPLOYMENT_RATE_M,月度失业率,Monthly unemployment rate,2015-01,M,%,SA,level,4.5,Eurostat,une_rt_m,une_rt_m.M.SA.TOTAL.PC_ACT.T,Monthly unemployment rate,https://ec.europa.eu/eurostat/databrowser/view/une_rt_m/default/table,2026-08-12T23:00:00+0200,final,2026-08-13 18:04:54,2026-08-12T23:00:00+0200
DE.UNEMPLOYMENT_RATE_M.EUROSTAT,DE,DE,DEU,德国,Germany,UNEMPLOYMENT_RATE_M,月度失业率,Monthly unemployment rate,2015-02,M,%,SA,level,4.5,Eurostat,une_rt_m,une_rt_m.M.SA.TOTAL.PC_ACT.T,Monthly unemployment rate,https://ec.europa.eu/eurostat/databrowser/view/une_rt_m/default/table,2026-08-12T23:00:00+0200,final,2026-08-13 18:04:54,2026-08-12T23:00:00+0200
DE.UNEMPLOYMENT_RATE_M.EUROSTAT,DE,DE,DEU,德国,Germany,UNEMPLOYMENT_RATE_M,月度失业率,Monthly unemployment rate,2015-03,M,%,SA,level,4.5,Eurostat,une_rt_m,une_rt_m.M.SA.TOTAL.PC_ACT.T,Monthly unemployment rate,https://ec.europa.eu/eurostat/databrowser/view/une_rt_m/default/table,2026-08-12T23:00:00+0200,final,2026-08-13 18:04:54,2026-08-12T23:00:00+0200
DE.UNEMPLOYMENT_RATE_M.EUROSTAT,DE,DE,DEU,德国,Germany,UNEMPLOYMENT_RATE_M,月度失业率,Monthly unemployment rate,2015-04,M,%,SA,level,4.4,Eurostat,une_rt_m,une_rt_m.M.SA.TOTAL.PC_ACT.T,Monthly unemployment rate,https://ec.europa.eu/eurostat/databrowser/view/une_rt_m/default/table,2026-08-12T23:00:00+0200,final,2026-08-13 18:04:54,2026-08-12T23:00:00+0200
DE.UNEMPLOYMENT_RATE_M.EUROSTAT,DE,DE,DEU,德国,Germany,UNEMPLOYMENT_RATE_M,月度失业率,Monthly unemployment rate,2015-05,M,%,SA,level,4.4,Eurostat,une_rt_m,une_rt_m.M.SA.TOTAL.PC_ACT.T,Monthly unemployment rate,https://ec.europa.eu/eurostat/databrowser/view/une_rt_m/default/table,2026-08-12T23:00:00+0200,final,2026-08-13 18:04:54,2026-08-12T23:00:00+0200
DE.UNEMPLOYMENT_RATE_M.EUROSTAT,DE,DE,DEU,德国,Germany,UNEMPLOYMENT_RATE_M,月度失业率,Monthly unemployment rate,2015-06,M,%,SA,level,4.4,Eurostat,une_rt_m,une_rt_m.M.SA.TOTAL.PC_ACT.T,Monthly unemployment rate,https://ec.europa.eu/eurostat/databrowser/view/une_rt_m/default/table,2026-08-12T23:00:00+0200,final,2026-08-13 18:04:54,2026-08-12T23:00:00+0200
DE.UNEMPLOYMENT_RATE_M.EUROSTAT,DE,DE,DEU,德国,Germany,UNEMPLOYMENT_RATE_M,月度失业率,Monthly unemployment rate,2015-07,M,%,SA,level,4.3,Eurostat,une_rt_m,une_rt_m.M.SA.TOTAL.PC_ACT.T,Monthly unemployment rate,https://ec.europa.eu/eurostat/databrowser/view/une_rt_m/default/table,2026-08-12T23:00:00+0200,final,2026-08-13 18:04:54,2026-08-12T23:00:00+0200
DE.UNEMPLOYMENT_RATE_M.EUROSTAT,DE,DE,DEU,德国,Germany,UNEMPLOYMENT_RATE_M,月度失业率,Monthly unemployment rate,2015-08,M,%,SA,level,4.3,Eurostat,une_rt_m,une_rt_m.M.SA.TOTAL.PC_ACT.T,Monthly unemployment rate,https://ec.europa.eu/eurostat/databrowser/view/une_rt_m/default/table,2026-08-12T23:00:00+0200,final,2026-08-13 18:04:54,2026-08-12T23:00:00+0200
DE.UNEMPLOYMENT_RATE_M.EUROSTAT,DE,DE,DEU,德国,Germany,UNEMPLOYMENT_RATE_M,月度失业率,Monthly unemployment rate,2015-09,M,%,SA,level,4.3,Eurostat,une_rt_m,une_rt_m.M.SA.TOTAL.PC_ACT.T,Monthly unemployment rate,https://ec.europa.eu/eurostat/databrowser/view/une_rt_m/default/table,2026-08-12T23:00:00+0200,final,2026-08-13 18:04:54,2026-08-12T23:00:00+0200
DE.UNEMPLOYMENT_RATE_M.EUROSTAT,DE,DE,DEU,德国,Germany,UNEMPLOYMENT_RATE_M,月度失业率,Monthly unemployment rate,2015-10,M,%,SA,level,4.2,Eurostat,une_rt_m,une_rt_m.M.SA.TOTAL.PC_ACT.T,Monthly unemployment rate,https://ec.europa.eu/eurostat/databrowser/view/une_rt_m/default/table,2026-08-12T23:00:00+0200,final,2026-08-13 18:04:54,2026-08-12T23:00:00+0200
DE.UNEMPLOYMENT_RATE_M.EUROSTAT,DE,DE,DEU,德国,Germany,UNEMPLOYMENT_RATE_M,月度失业率,Monthly unemployment rate,2015-11,M,%,SA,level,4.2,Eurostat,une_rt_m,une_rt_m.M.SA.TOTAL.PC_ACT.T,Monthly unemployment rate,https://ec.europa.eu/eurostat/databrowser/view/une_rt_m/default/table,2026-08-12T23:00:00+0200,final,2026-08-13 18:04:54,2026-08-12T23:00:00+0200
DE.UNEMPLOYMENT_RATE_M.EUROSTAT,DE,DE,DEU,德国,Germany,UNEMPLOYMENT_RATE_M,月度失业率,Monthly unemployment rate,2015-12,M,%,SA,level,4.2,Eurostat,une_rt_m,une_rt_m.M.SA.TOTAL.PC_ACT.T,Monthly unemployment rate,https://ec.europa.eu/eurostat/databrowser/view/une_rt_m/default/table,2026-08-12T23:00:00+0200,final,2026-08-13 18:04:54,2026-08-12T23:00:00+0200
DE.UNEMPLOYMENT_RATE_M.EUROSTAT,DE,DE,DEU,德国,Germany,UNEMPLOYMENT_RATE_M,月度失业率,Monthly unemployment rate,2016-01,M,%,SA,level,4.1,Eurostat,une_rt_m,une_rt_m.M.SA.TOTAL.PC_ACT.T,Monthly unemployment rate,https://ec.europa.eu/eurostat/databrowser/view/une_rt_m/default/table,2026-08-12T23:00:00+0200,final,2026-08-13 18:04:54,2026-08-12T23:00:00+0200
DE.UNEMPLOYMENT_RATE_M.EUROSTAT,DE,DE,DEU,德国,Germany,UNEMPLOYMENT_RATE_M,月度失业率,Monthly unemployment rate,2016-02,M,%,SA,level,4.1,Eurostat,une_rt_m,une_rt_m.M.SA.TOTAL.PC_ACT.T,Monthly unemployment rate,https://ec.europa.eu/eurostat/databrowser/view/une_rt_m/default/table,2026-08-12T23:00:00+0200,final,2026-08-13 18:04:54,2026-08-12T23:00:00+0200
DE.UNEMPLOYMENT_RATE_M.EUROSTAT,DE,DE,DEU,德国,Germany,UNEMPLOYMENT_RATE_M,月度失业率,Monthly unemployment rate,2016-03,M,%,SA,level,4.0,Eurostat,une_rt_m,une_rt_m.M.SA.TOTAL.PC_ACT.T,Monthly unemployment rate,https://ec.europa.eu/eurostat/databrowser/view/une_rt_m/default/table,2026-08-12T23:00:00+0200,final,2026-08-13 18:04:54,2026-08-12T23:00:00+0200
DE.UNEMPLOYMENT_RATE_M.EUROSTAT,DE,DE,DEU,德国,Germany,UNEMPLOYMENT_RATE_M,月度失业率,Monthly unemployment rate,2016-04,M,%,SA,level,4.0,Eurostat,une_rt_m,une_rt_m.M.SA.TOTAL.PC_ACT.T,Monthly unemployment rate,https://ec.europa.eu/eurostat/databrowser/view/une_rt_m/default/table,2026-08-12T23:00:00+0200,final,2026-08-13 18:04:54,2026-08-12T23:00:00+0200
DE.UNEMPLOYMENT_RATE_M.EUROSTAT,DE,DE,DEU,德国,Germany,UNEMPLOYMENT_RATE_M,月度失业率,Monthly unemployment rate,2016-05,M,%,SA,level,4.0,Eurostat,une_rt_m,une_rt_m.M.SA.TOTAL.PC_ACT.T,Monthly unemployment rate,https://ec.europa.eu/eurostat/databrowser/view/une_rt_m/default/table,2026-08-12T23:00:00+0200,final,2026-08-13 18:04:54,2026-08-12T23:00:00+0200
DE.UNEMPLOYMENT_RATE_M.EUROSTAT,DE,DE,DEU,德国,Germany,UNEMPLOYMENT_RATE_M,月度失业率,Monthly unemployment rate,2016-06,M,%,SA,level,4.0,Eurostat,une_rt_m,une_rt_m.M.SA.TOTAL.PC_ACT.T,Monthly unemployment rate,https://ec.europa.eu/eurostat/databrowser/view/une_rt_m/default/table,2026-08-12T23:00:00+0200,final,2026-08-13 18:04:54,2026-08-12T23:00:00+0200
DE.UNEMPLOYMENT_RATE_M.EUROSTAT,DE,DE,DEU,德国,Germany,UNEMPLOYMENT_RATE_M,月度失业率,Monthly unemployment rate,2016-07,M,%,SA,level,3.9,Eurostat,une_rt_m,une_rt_m.M.SA.TOTAL.PC_ACT.T,Monthly unemployment rate,https://ec.europa.eu/eurostat/databrowser/view/une_rt_m/default/table,2026-08-12T23:00:00+0200,final,2026-08-13 18:04:54,2026-08-12T23:00:00+0200
DE.UNEMPLOYMENT_RATE_M.EUROSTAT,DE,DE,DEU,德国,Germany,UNEMPLOYMENT_RATE_M,月度失业率,Monthly unemployment rate,2016-08,M,%,SA,level,3.9,Eurostat,une_rt_m,une_rt_m.M.SA.TOTAL.PC_ACT.T,Monthly unemployment rate,https://ec.europa.eu/eurostat/databrowser/view/une_rt_m/default/table,2026-08-12T23:00:00+0200,final,2026-08-13 18:04:54,2026-08-12T23:00:00+0200
DE.UNEMPLOYMENT_RATE_M.EUROSTAT,DE,DE,DEU,德国,Germany,UNEMPLOYMENT_RATE_M,月度失业率,Monthly unemployment rate,2016-09,M,%,SA,level,3.8,Eurostat,une_rt_m,une_rt_m.M.SA.TOTAL.PC_ACT.T,Monthly unemployment rate,https://ec.europa.eu/eurostat/databrowser/view/une_rt_m/default/table,2026-08-12T23:00:00+0200,final,2026-08-13 18:04:54,2026-08-12T23:00:00+0200
DE.UNEMPLOYMENT_RATE_M.EUROSTAT,DE,DE,DEU,德国,Germany,UNEMPLOYMENT_RATE_M,月度失业率,Monthly unemployment rate,2016-10,M,%,SA,level,3.7,Eurostat,une_rt_m,une_rt_m.M.SA.TOTAL.PC_ACT.T,Monthly unemployment rate,https://ec.europa.eu/eurostat/databrowser/view/une_rt_m/default/table,2026-08-12T23:00:00+0200,final,2026-08-13 18:04:54,2026-08-12T23:00:00+0200
DE.UNEMPLOYMENT_RATE_M.EUROSTAT,DE,DE,DEU,德国,Germany,UNEMPLOYMENT_RATE_M,月度失业率,Monthly unemployment rate,2016-11,M,%,SA,level,3.7,Eurostat,une_rt_m,une_rt_m.M.SA.TOTAL.PC_ACT.T,Monthly unemployment rate,https://ec.europa.eu/eurostat/databrowser/view/une_rt_m/default/table,2026-08-12T23:00:00+0200,final,2026-08-13 18:04:54,2026-08-12T23:00:00+0200
DE.UNEMPLOYMENT_RATE_M.EUROSTAT,DE,DE,DEU,德国,Germany,UNEMPLOYMENT_RATE_M,月度失业率,Monthly unemployment rate,2016-12,M,%,SA,level,3.7,Eurostat,une_rt_m,une_rt_m.M.SA.TOTAL.PC_ACT.T,Monthly unemployment rate,https://ec.europa.eu/eurostat/databrowser/view/une_rt_m/default/table,2026-08-12T23:00:00+0200,final,2026-08-13 18:04:54,2026-08-12T23:00:00+0200
DE.UNEMPLOYMENT_RATE_M.EUROSTAT,DE,DE,DEU,德国,Germany,UNEMPLOYMENT_RATE_M,月度失业率,Monthly unemployment rate,2017-01,M,%,SA,level,3.7,Eurostat,une_rt_m,une_rt_m.M.SA.TOTAL.PC_ACT.T,Monthly unemployment rate,https://ec.europa.eu/eurostat/databrowser/view/une_rt_m/default/table,2026-08-12T23:00:00+0200,final,2026-08-13 18:04:54,2026-08-12T23:00:00+0200
DE.UNEMPLOYMENT_RATE_M.EUROSTAT,DE,DE,DEU,德国,Germany,UNEMPLOYMENT_RATE_M,月度失业率,Monthly unemployment rate,2017-02,M,%,SA,level,3.6,Eurostat,une_rt_m,une_rt_m.M.SA.TOTAL.PC_ACT.T,Monthly unemployment rate,https://ec.europa.eu/eurostat/databrowser/view/une_rt_m/default/table,2026-08-12T23:00:00+0200,final,2026-08-13 18:04:54,2026-08-12T23:00:00+0200
DE.UNEMPLOYMENT_RATE_M.EUROSTAT,DE,DE,DEU,德国,Germany,UNEMPLOYMENT_RATE_M,月度失业率,Monthly unemployment rate,2017-03,M,%,SA,level,3.6,Eurostat,une_rt_m,une_rt_m.M.SA.TOTAL.PC_ACT.T,Monthly unemployment rate,https://ec.europa.eu/eurostat/databrowser/view/une_rt_m/default/table,2026-08-12T23:00:00+0200,final,2026-08-13 18:04:54,2026-08-12T23:00:00+0200
DE.UNEMPLOYMENT_RATE_M.EUROSTAT,DE,DE,DEU,德国,Germany,UNEMPLOYMENT_RATE_M,月度失业率,Monthly unemployment rate,2017-04,M,%,SA,level,3.6,Eurostat,une_rt_m,une_rt_m.M.SA.TOTAL.PC_ACT.T,Monthly unemployment rate,https://ec.europa.eu/eurostat/databrowser/view/une_rt_m/default/table,2026-08-12T23:00:00+0200,final,2026-08-13 18:04:54,2026-08-12T23:00:00+0200
DE.UNEMPLOYMENT_RATE_M.EUROSTAT,DE,DE,DEU,德国,Germany,UNEMPLOYMENT_RATE_M,月度失业率,Monthly unemployment rate,2017-05,M,%,SA,level,3.6,Eurostat,une_rt_m,une_rt_m.M.SA.TOTAL.PC_ACT.T,Monthly unemployment rate,https://ec.europa.eu/eurostat/databrowser/view/une_rt_m/default/table,2026-08-12T23:00:00+0200,final,2026-08-13 18:04:54,2026-08-12T23:00:00+0200
DE.UNEMPLOYMENT_RATE_M.EUROSTAT,DE,DE,DEU,德国,Germany,UNEMPLOYMENT_RATE_M,月度失业率,Monthly unemployment rate,2017-06,M,%,SA,level,3.5,Eurostat,une_rt_m,une_rt_m.M.SA.TOTAL.PC_ACT.T,Monthly unemployment rate,https://ec.europa.eu/eurostat/databrowser/view/une_rt_m/default/table,2026-08-12T23:00:00+0200,final,2026-08-13 18:04:54,2026-08-12T23:00:00+0200
DE.UNEMPLOYMENT_RATE_M.EUROSTAT,DE,DE,DEU,德国,Germany,UNEMPLOYMENT_RATE_M,月度失业率,Monthly unemployment rate,2017-07,M,%,SA,level,3.5,Eurostat,une_rt_m,une_rt_m.M.SA.TOTAL.PC_ACT.T,Monthly unemployment rate,https://ec.europa.eu/eurostat/databrowser/view/une_rt_m/default/table,2026-08-12T23:00:00+0200,final,2026-08-13 18:04:54,2026-08-12T23:00:00+0200
DE.UNEMPLOYMENT_RATE_M.EUROSTAT,DE,DE,DEU,德国,Germany,UNEMPLOYMENT_RATE_M,月度失业率,Monthly unemployment rate,2017-08,M,%,SA,level,3.5,Eurostat,une_rt_m,une_rt_m.M.SA.TOTAL.PC_ACT.T,Monthly unemployment rate,https://ec.europa.eu/eurostat/databrowser/view/une_rt_m/default/table,2026-08-12T23:00:00+0200,final,2026-08-13 18:04:54,2026-08-12T23:00:00+0200
DE.UNEMPLOYMENT_RATE_M.EUROSTAT,DE,DE,DEU,德国,Germany,UNEMPLOYMENT_RATE_M,月度失业率,Monthly unemployment rate,2017-09,M,%,SA,level,3.4,Eurostat,une_rt_m,une_rt_m.M.SA.TOTAL.PC_ACT.T,Monthly unemployment rate,https://ec.europa.eu/eurostat/databrowser/view/une_rt_m/default/table,2026-08-12T23:00:00+0200,final,2026-08-13 18:04:54,2026-08-12T23:00:00+0200
DE.UNEMPLOYMENT_RATE_M.EUROSTAT,DE,DE,DEU,德国,Germany,UNEMPLOYMENT_RATE_M,月度失业率,Monthly unemployment rate,2017-10,M,%,SA,level,3.4,Eurostat,une_rt_m,une_rt_m.M.SA.TOTAL.PC_ACT.T,Monthly unemployment rate,https://ec.europa.eu/eurostat/databrowser/view/une_rt_m/default/table,2026-08-12T23:00:00+0200,final,2026-08-13 18:04:54,2026-08-12T23:00:00+0200
DE.UNEMPLOYMENT_RATE_M.EUROSTAT,DE,DE,DEU,德国,Germany,UNEMPLOYMENT_RATE_M,月度失业率,Monthly unemployment rate,2017-11,M,%,SA,level,3.4,Eurostat,une_rt_m,une_rt_m.M.SA.TOTAL.PC_ACT.T,Monthly unemployment rate,https://ec.europa.eu/eurostat/databrowser/view/une_rt_m/default/table,2026-08-12T23:00:00+0200,final,2026-08-13 18:04:54,2026-08-12T23:00:00+0200
DE.UNEMPLOYMENT_RATE_M.EUROSTAT,DE,DE,DEU,德国,Germany,UNEMPLOYMENT_RATE_M,月度失业率,Monthly unemployment rate,2017-12,M,%,SA,level,3.4,Eurostat,une_rt_m,une_rt_m.M.SA.TOTAL.PC_ACT.T,Monthly unemployment rate,https://ec.europa.eu/eurostat/databrowser/view/une_rt_m/default/table,2026-08-12T23:00:00+0200,final,2026-08-13 18:04:54,2026-08-12T23:00:00+0200
DE.UNEMPLOYMENT_RATE_M.EUROSTAT,DE,DE,DEU,德国,Germany,UNEMPLOYMENT_RATE_M,月度失业率,Monthly unemployment rate,2018-01,M,%,SA,level,3.3,Eurostat,une_rt_m,une_rt_m.M.SA.TOTAL.PC_ACT.T,Monthly unemployment rate,https://ec.europa.eu/eurostat/databrowser/view/une_rt_m/default/table,2026-08-12T23:00:00+0200,final,2026-08-13 18:04:54,2026-08-12T23:00:00+0200
DE.UNEMPLOYMENT_RATE_M.EUROSTAT,DE,DE,DEU,德国,Germany,UNEMPLOYMENT_RATE_M,月度失业率,Monthly unemployment rate,2018-02,M,%,SA,level,3.3,Eurostat,une_rt_m,une_rt_m.M.SA.TOTAL.PC_ACT.T,Monthly unemployment rate,https://ec.europa.eu/eurostat/databrowser/view/une_rt_m/default/table,2026-08-12T23:00:00+0200,final,2026-08-13 18:04:54,2026-08-12T23:00:00+0200
DE.UNEMPLOYMENT_RATE_M.EUROSTAT,DE,DE,DEU,德国,Germany,UNEMPLOYMENT_RATE_M,月度失业率,Monthly unemployment rate,2018-03,M,%,SA,level,3.3,Eurostat,une_rt_m,une_rt_m.M.SA.TOTAL.PC_ACT.T,Monthly unemployment rate,https://ec.europa.eu/eurostat/databrowser/view/une_rt_m/default/table,2026-08-12T23:00:00+0200,final,2026-08-13 18:04:54,2026-08-12T23:00:00+0200
DE.UNEMPLOYMENT_RATE_M.EUROSTAT,DE,DE,DEU,德国,Germany,UNEMPLOYMENT_RATE_M,月度失业率,Monthly unemployment rate,2018-04,M,%,SA,level,3.2,Eurostat,une_rt_m,une_rt_m.M.SA.TOTAL.PC_ACT.T,Monthly unemployment rate,https://ec.europa.eu/eurostat/databrowser/view/une_rt_m/default/table,2026-08-12T23:00:00+0200,final,2026-08-13 18:04:54,2026-08-12T23:00:00+0200
DE.UNEMPLOYMENT_RATE_M.EUROSTAT,DE,DE,DEU,德国,Germany,UNEMPLOYMENT_RATE_M,月度失业率,Monthly unemployment rate,2018-05,M,%,SA,level,3.2,Eurostat,une_rt_m,une_rt_m.M.SA.TOTAL.PC_ACT.T,Monthly unemployment rate,https://ec.europa.eu/eurostat/databrowser/view/une_rt_m/default/table,2026-08-12T23:00:00+0200,final,2026-08-13 18:04:54,2026-08-12T23:00:00+0200
DE.UNEMPLOYMENT_RATE_M.EUROSTAT,DE,DE,DEU,德国,Germany,UNEMPLOYMENT_RATE_M,月度失业率,Monthly unemployment rate,2018-06,M,%,SA,level,3.2,Eurostat,une_rt_m,une_rt_m.M.SA.TOTAL.PC_ACT.T,Monthly unemployment rate,https://ec.europa.eu/eurostat/databrowser/view/une_rt_m/default/table,2026-08-12T23:00:00+0200,final,2026-08-13 18:04:54,2026-08-12T23:00:00+0200
DE.UNEMPLOYMENT_RATE_M.EUROSTAT,DE,DE,DEU,德国,Germany,UNEMPLOYMENT_RATE_M,月度失业率,Monthly unemployment rate,2018-07,M,%,SA,level,3.2,Eurostat,une_rt_m,une_rt_m.M.SA.TOTAL.PC_ACT.T,Monthly unemployment rate,https://ec.europa.eu/eurostat/databrowser/view/une_rt_m/default/table,2026-08-12T23:00:00+0200,final,2026-08-13 18:04:54,2026-08-12T23:00:00+0200
DE.UNEMPLOYMENT_RATE_M.EUROSTAT,DE,DE,DEU,德国,Germany,UNEMPLOYMENT_RATE_M,月度失业率,Monthly unemployment rate,2018-08,M,%,SA,level,3.2,Eurostat,une_rt_m,une_rt_m.M.SA.TOTAL.PC_ACT.T,Monthly unemployment rate,https://ec.europa.eu/eurostat/databrowser/view/une_rt_m/default/table,2026-08-12T23:00:00+0200,final,2026-08-13 18:04:54,2026-08-12T23:00:00+0200
DE.UNEMPLOYMENT_RATE_M.EUROSTAT,DE,DE,DEU,德国,Germany,UNEMPLOYMENT_RATE_M,月度失业率,Monthly unemployment rate,2018-09,M,%,SA,level,3.1,Eurostat,une_rt_m,une_rt_m.M.SA.TOTAL.PC_ACT.T,Monthly unemployment rate,https://ec.europa.eu/eurostat/databrowser/view/une_rt_m/default/table,2026-08-12T23:00:00+0200,final,2026-08-13 18:04:54,2026-08-12T23:00:00+0200
DE.UNEMPLOYMENT_RATE_M.EUROSTAT,DE,DE,DEU,德国,Germany,UNEMPLOYMENT_RATE_M,月度失业率,Monthly unemployment rate,2018-10,M,%,SA,level,3.1,Eurostat,une_rt_m,une_rt_m.M.SA.TOTAL.PC_ACT.T,Monthly unemployment rate,https://ec.europa.eu/eurostat/databrowser/view/une_rt_m/default/table,2026-08-12T23:00:00+0200,final,2026-08-13 18:04:54,2026-08-12T23:00:00+0200
DE.UNEMPLOYMENT_RATE_M.EUROSTAT,DE,DE,DEU,德国,Germany,UNEMPLOYMENT_RATE_M,月度失业率,Monthly unemployment rate,2018-11,M,%,SA,level,3.1,Eurostat,une_rt_m,une_rt_m.M.SA.TOTAL.PC_ACT.T,Monthly unemployment rate,https://ec.europa.eu/eurostat/databrowser/view/une_rt_m/default/table,2026-08-12T23:00:00+0200,final,2026-08-13 18:04:54,2026-08-12T23:00:00+0200
DE.UNEMPLOYMENT_RATE_M.EUROSTAT,DE,DE,DEU,德国,Germany,UNEMPLOYMENT_RATE_M,月度失业率,Monthly unemployment rate,2018-12,M,%,SA,level,3.1,Eurostat,une_rt_m,une_rt_m.M.SA.TOTAL.PC_ACT.T,Monthly unemployment rate,https://ec.europa.eu/eurostat/databrowser/view/une_rt_m/default/table,2026-08-12T23:00:00+0200,final,2026-08-13 18:04:54,2026-08-12T23:00:00+0200
DE.UNEMPLOYMENT_RATE_M.EUROSTAT,DE,DE,DEU,德国,Germany,UNEMPLOYMENT_RATE_M,月度失业率,Monthly unemployment rate,2019-01,M,%,SA,level,3.0,Eurostat,une_rt_m,une_rt_m.M.SA.TOTAL.PC_ACT.T,Monthly unemployment rate,https://ec.europa.eu/eurostat/databrowser/view/une_rt_m/default/table,2026-08-12T23:00:00+0200,final,2026-08-13 18:04:54,2026-08-12T23:00:00+0200
DE.UNEMPLOYMENT_RATE_M.EUROSTAT,DE,DE,DEU,德国,Germany,UNEMPLOYMENT_RATE_M,月度失业率,Monthly unemployment rate,2019-02,M,%,SA,level,3.0,Eurostat,une_rt_m,une_rt_m.M.SA.TOTAL.PC_ACT.T,Monthly unemployment rate,https://ec.europa.eu/eurostat/databrowser/view/une_rt_m/default/table,2026-08-12T23:00:00+0200,final,2026-08-13 18:04:54,2026-08-12T23:00:00+0200
DE.UNEMPLOYMENT_RATE_M.EUROSTAT,DE,DE,DEU,德国,Germany,UNEMPLOYMENT_RATE_M,月度失业率,Monthly unemployment rate,2019-03,M,%,SA,level,3.0,Eurostat,une_rt_m,une_rt_m.M.SA.TOTAL.PC_ACT.T,Monthly unemployment rate,https://ec.europa.eu/eurostat/databrowser/view/une_rt_m/default/table,2026-08-12T23:00:00+0200,final,2026-08-13 18:04:54,2026-08-12T23:00:00+0200
DE.UNEMPLOYMENT_RATE_M.EUROSTAT,DE,DE,DEU,德国,Germany,UNEMPLOYMENT_RATE_M,月度失业率,Monthly unemployment rate,2019-04,M,%,SA,level,2.9,Eurostat,une_rt_m,une_rt_m.M.SA.TOTAL.PC_ACT.T,Monthly unemployment rate,https://ec.europa.eu/eurostat/databrowser/view/une_rt_m/default/table,2026-08-12T23:00:00+0200,final,2026-08-13 18:04:54,2026-08-12T23:00:00+0200
DE.UNEMPLOYMENT_RATE_M.EUROSTAT,DE,DE,DEU,德国,Germany,UNEMPLOYMENT_RATE_M,月度失业率,Monthly unemployment rate,2019-05,M,%,SA,level,2.9,Eurostat,une_rt_m,une_rt_m.M.SA.TOTAL.PC_ACT.T,Monthly unemployment rate,https://ec.europa.eu/eurostat/databrowser/view/une_rt_m/default/table,2026-08-12T23:00:00+0200,final,2026-08-13 18:04:54,2026-08-12T23:00:00+0200
DE.UNEMPLOYMENT_RATE_M.EUROSTAT,DE,DE,DEU,德国,Germany,UNEMPLOYMENT_RATE_M,月度失业率,Monthly unemployment rate,2019-06,M,%,SA,level,2.9,Eurostat,une_rt_m,une_rt_m.M.SA.TOTAL.PC_ACT.T,Monthly unemployment rate,https://ec.europa.eu/eurostat/databrowser/view/une_rt_m/default/table,2026-08-12T23:00:00+0200,final,2026-08-13 18:04:54,2026-08-12T23:00:00+0200
DE.UNEMPLOYMENT_RATE_M.EUROSTAT,DE,DE,DEU,德国,Germany,UNEMPLOYMENT_RATE_M,月度失业率,Monthly unemployment rate,2019-07,M,%,SA,level,2.9,Eurostat,une_rt_m,une_rt_m.M.SA.TOTAL.PC_ACT.T,Monthly unemployment rate,https://ec.europa.eu/eurostat/databrowser/view/une_rt_m/default/table,2026-08-12T23:00:00+0200,final,2026-08-13 18:04:54,2026-08-12T23:00:00+0200
DE.UNEMPLOYMENT_RATE_M.EUROSTAT,DE,DE,DEU,德国,Germany,UNEMPLOYMENT_RATE_M,月度失业率,Monthly unemployment rate,2019-08,M,%,SA,level,2.9,Eurostat,une_rt_m,une_rt_m.M.SA.TOTAL.PC_ACT.T,Monthly unemployment rate,https://ec.europa.eu/eurostat/databrowser/view/une_rt_m/default/table,2026-08-12T23:00:00+0200,final,2026-08-13 18:04:54,2026-08-12T23:00:00+0200
DE.UNEMPLOYMENT_RATE_M.EUROSTAT,DE,DE,DEU,德国,Germany,UNEMPLOYMENT_RATE_M,月度失业率,Monthly unemployment rate,2019-09,M,%,SA,level,2.9,Eurostat,une_rt_m,une_rt_m.M.SA.TOTAL.PC_ACT.T,Monthly unemployment rate,https://ec.europa.eu/eurostat/databrowser/view/une_rt_m/default/table,2026-08-12T23:00:00+0200,final,2026-08-13 18:04:54,2026-08-12T23:00:00+0200
DE.UNEMPLOYMENT_RATE_M.EUROSTAT,DE,DE,DEU,德国,Germany,UNEMPLOYMENT_RATE_M,月度失业率,Monthly unemployment rate,2019-10,M,%,SA,level,2.9,Eurostat,une_rt_m,une_rt_m.M.SA.TOTAL.PC_ACT.T,Monthly unemployment rate,https://ec.europa.eu/eurostat/databrowser/view/une_rt_m/default/table,2026-08-12T23:00:00+0200,final,2026-08-13 18:04:54,2026-08-12T23:00:00+0200
DE.UNEMPLOYMENT_RATE_M.EUROSTAT,DE,DE,DEU,德国,Germany,UNEMPLOYMENT_RATE_M,月度失业率,Monthly unemployment rate,2019-11,M,%,SA,level,3.0,Eurostat,une_rt_m,une_rt_m.M.SA.TOTAL.PC_ACT.T,Monthly unemployment rate,https://ec.europa.eu/eurostat/databrowser/view/une_rt_m/default/table,2026-08-12T23:00:00+0200,final,2026-08-13 18:04:54,2026-08-12T23:00:00+0200
DE.UNEMPLOYMENT_RATE_M.EUROSTAT,DE,DE,DEU,德国,Germany,UNEMPLOYMENT_RATE_M,月度失业率,Monthly unemployment rate,2019-12,M,%,SA,level,3.1,Eurostat,une_rt_m,une_rt_m.M.SA.TOTAL.PC_ACT.T,Monthly unemployment rate,https://ec.europa.eu/eurostat/databrowser/view/une_rt_m/default/table,2026-08-12T23:00:00+0200,final,2026-08-13 18:04:54,2026-08-12T23:00:00+0200
DE.UNEMPLOYMENT_RATE_M.EUROSTAT,DE,DE,DEU,德国,Germany,UNEMPLOYMENT_RATE_M,月度失业率,Monthly unemployment rate,2020-01,M,%,SA,level,3.2,Eurostat,une_rt_m,une_rt_m.M.SA.TOTAL.PC_ACT.T,Monthly unemployment rate,https://ec.europa.eu/eurostat/databrowser/view/une_rt_m/default/table,2026-08-12T23:00:00+0200,final,2026-08-13 18:04:54,2026-08-12T23:00:00+0200
DE.UNEMPLOYMENT_RATE_M.EUROSTAT,DE,DE,DEU,德国,Germany,UNEMPLOYMENT_RATE_M,月度失业率,Monthly unemployment rate,2020-02,M,%,SA,level,3.3,Eurostat,une_rt_m,une_rt_m.M.SA.TOTAL.PC_ACT.T,Monthly unemployment rate,https://ec.europa.eu/eurostat/databrowser/view/une_rt_m/default/table,2026-08-12T23:00:00+0200,final,2026-08-13 18:04:54,2026-08-12T23:00:00+0200
DE.UNEMPLOYMENT_RATE_M.EUROSTAT,DE,DE,DEU,德国,Germany,UNEMPLOYMENT_RATE_M,月度失业率,Monthly unemployment rate,2020-03,M,%,SA,level,3.4,Eurostat,une_rt_m,une_rt_m.M.SA.TOTAL.PC_ACT.T,Monthly unemployment rate,https://ec.europa.eu/eurostat/databrowser/view/une_rt_m/default/table,2026-08-12T23:00:00+0200,final,2026-08-13 18:04:54,2026-08-12T23:00:00+0200
DE.UNEMPLOYMENT_RATE_M.EUROSTAT,DE,DE,DEU,德国,Germany,UNEMPLOYMENT_RATE_M,月度失业率,Monthly unemployment rate,2020-04,M,%,SA,level,3.5,Eurostat,une_rt_m,une_rt_m.M.SA.TOTAL.PC_ACT.T,Monthly unemployment rate,https://ec.europa.eu/eurostat/databrowser/view/une_rt_m/default/table,2026-08-12T23:00:00+0200,final,2026-08-13 18:04:54,2026-08-12T23:00:00+0200
DE.UNEMPLOYMENT_RATE_M.EUROSTAT,DE,DE,DEU,德国,Germany,UNEMPLOYMENT_RATE_M,月度失业率,Monthly unemployment rate,2020-05,M,%,SA,level,3.7,Eurostat,une_rt_m,une_rt_m.M.SA.TOTAL.PC_ACT.T,Monthly unemployment rate,https://ec.europa.eu/eurostat/databrowser/view/une_rt_m/default/table,2026-08-12T23:00:00+0200,final,2026-08-13 18:04:54,2026-08-12T23:00:00+0200
DE.UNEMPLOYMENT_RATE_M.EUROSTAT,DE,DE,DEU,德国,Germany,UNEMPLOYMENT_RATE_M,月度失业率,Monthly unemployment rate,2020-06,M,%,SA,level,3.8,Eurostat,une_rt_m,une_rt_m.M.SA.TOTAL.PC_ACT.T,Monthly unemployment rate,https://ec.europa.eu/eurostat/databrowser/view/une_rt_m/default/table,2026-08-12T23:00:00+0200,final,2026-08-13 18:04:54,2026-08-12T23:00:00+0200
DE.UNEMPLOYMENT_RATE_M.EUROSTAT,DE,DE,DEU,德国,Germany,UNEMPLOYMENT_RATE_M,月度失业率,Monthly unemployment rate,2020-07,M,%,SA,level,3.8,Eurostat,une_rt_m,une_rt_m.M.SA.TOTAL.PC_ACT.T,Monthly unemployment rate,https://ec.europa.eu/eurostat/databrowser/view/une_rt_m/default/table,2026-08-12T23:00:00+0200,final,2026-08-13 18:04:54,2026-08-12T23:00:00+0200
DE.UNEMPLOYMENT_RATE_M.EUROSTAT,DE,DE,DEU,德国,Germany,UNEMPLOYMENT_RATE_M,月度失业率,Monthly unemployment rate,2020-08,M,%,SA,level,3.9,Eurostat,une_rt_m,une_rt_m.M.SA.TOTAL.PC_ACT.T,Monthly unemployment rate,https://ec.europa.eu/eurostat/databrowser/view/une_rt_m/default/table,2026-08-12T23:00:00+0200,final,2026-08-13 18:04:54,2026-08-12T23:00:00+0200
DE.UNEMPLOYMENT_RATE_M.EUROSTAT,DE,DE,DEU,德国,Germany,UNEMPLOYMENT_RATE_M,月度失业率,Monthly unemployment rate,2020-09,M,%,SA,level,3.8,Eurostat,une_rt_m,une_rt_m.M.SA.TOTAL.PC_ACT.T,Monthly unemployment rate,https://ec.europa.eu/eurostat/databrowser/view/une_rt_m/default/table,2026-08-12T23:00:00+0200,final,2026-08-13 18:04:54,2026-08-12T23:00:00+0200
DE.UNEMPLOYMENT_RATE_M.EUROSTAT,DE,DE,DEU,德国,Germany,UNEMPLOYMENT_RATE_M,月度失业率,Monthly unemployment rate,2020-10,M,%,SA,level,3.8,Eurostat,une_rt_m,une_rt_m.M.SA.TOTAL.PC_ACT.T,Monthly unemployment rate,https://ec.europa.eu/eurostat/databrowser/view/une_rt_m/default/table,2026-08-12T23:00:00+0200,final,2026-08-13 18:04:54,2026-08-12T23:00:00+0200
DE.UNEMPLOYMENT_RATE_M.EUROSTAT,DE,DE,DEU,德国,Germany,UNEMPLOYMENT_RATE_M,月度失业率,Monthly unemployment rate,2020-11,M,%,SA,level,3.8,Eurostat,une_rt_m,une_rt_m.M.SA.TOTAL.PC_ACT.T,Monthly unemployment rate,https://ec.europa.eu/eurostat/databrowser/view/une_rt_m/default/table,2026-08-12T23:00:00+0200,final,2026-08-13 18:04:54,2026-08-12T23:00:00+0200
DE.UNEMPLOYMENT_RATE_M.EUROSTAT,DE,DE,DEU,德国,Germany,UNEMPLOYMENT_RATE_M,月度失业率,Monthly unemployment rate,2020-12,M,%,SA,level,3.8,Eurostat,une_rt_m,une_rt_m.M.SA.TOTAL.PC_ACT.T,Monthly unemployment rate,https://ec.europa.eu/eurostat/databrowser/view/une_rt_m/default/table,2026-08-12T23:00:00+0200,final,2026-08-13 18:04:54,2026-08-12T23:00:00+0200
DE.UNEMPLOYMENT_RATE_M.EUROSTAT,DE,DE,DEU,德国,Germany,UNEMPLOYMENT_RATE_M,月度失业率,Monthly unemployment rate,2021-01,M,%,SA,level,3.9,Eurostat,une_rt_m,une_rt_m.M.SA.TOTAL.PC_ACT.T,Monthly unemployment rate,https://ec.europa.eu/eurostat/databrowser/view/une_rt_m/default/table,2026-08-12T23:00:00+0200,final,2026-08-13 18:04:54,2026-08-12T23:00:00+0200
DE.UNEMPLOYMENT_RATE_M.EUROSTAT,DE,DE,DEU,德国,Germany,UNEMPLOYMENT_RATE_M,月度失业率,Monthly unemployment rate,2021-02,M,%,SA,level,3.9,Eurostat,une_rt_m,une_rt_m.M.SA.TOTAL.PC_ACT.T,Monthly unemployment rate,https://ec.europa.eu/eurostat/databrowser/view/une_rt_m/default/table,2026-08-12T23:00:00+0200,final,2026-08-13 18:04:54,2026-08-12T23:00:00+0200
DE.UNEMPLOYMENT_RATE_M.EUROSTAT,DE,DE,DEU,德国,Germany,UNEMPLOYMENT_RATE_M,月度失业率,Monthly unemployment rate,2021-03,M,%,SA,level,3.9,Eurostat,une_rt_m,une_rt_m.M.SA.TOTAL.PC_ACT.T,Monthly unemployment rate,https://ec.europa.eu/eurostat/databrowser/view/une_rt_m/default/table,2026-08-12T23:00:00+0200,final,2026-08-13 18:04:54,2026-08-12T23:00:00+0200
DE.UNEMPLOYMENT_RATE_M.EUROSTAT,DE,DE,DEU,德国,Germany,UNEMPLOYMENT_RATE_M,月度失业率,Monthly unemployment rate,2021-04,M,%,SA,level,3.8,Eurostat,une_rt_m,une_rt_m.M.SA.TOTAL.PC_ACT.T,Monthly unemployment rate,https://ec.europa.eu/eurostat/databrowser/view/une_rt_m/default/table,2026-08-12T23:00:00+0200,final,2026-08-13 18:04:54,2026-08-12T23:00:00+0200
DE.UNEMPLOYMENT_RATE_M.EUROSTAT,DE,DE,DEU,德国,Germany,UNEMPLOYMENT_RATE_M,月度失业率,Monthly unemployment rate,2021-05,M,%,SA,level,3.7,Eurostat,une_rt_m,une_rt_m.M.SA.TOTAL.PC_ACT.T,Monthly unemployment rate,https://ec.europa.eu/eurostat/databrowser/view/une_rt_m/default/table,2026-08-12T23:00:00+0200,final,2026-08-13 18:04:54,2026-08-12T23:00:00+0200
DE.UNEMPLOYMENT_RATE_M.EUROSTAT,DE,DE,DEU,德国,Germany,UNEMPLOYMENT_RATE_M,月度失业率,Monthly unemployment rate,2021-06,M,%,SA,level,3.6,Eurostat,une_rt_m,une_rt_m.M.SA.TOTAL.PC_ACT.T,Monthly unemployment rate,https://ec.europa.eu/eurostat/databrowser/view/une_rt_m/default/table,2026-08-12T23:00:00+0200,final,2026-08-13 18:04:54,2026-08-12T23:00:00+0200
DE.UNEMPLOYMENT_RATE_M.EUROSTAT,DE,DE,DEU,德国,Germany,UNEMPLOYMENT_RATE_M,月度失业率,Monthly unemployment rate,2021-07,M,%,SA,level,3.5,Eurostat,une_rt_m,une_rt_m.M.SA.TOTAL.PC_ACT.T,Monthly unemployment rate,https://ec.europa.eu/eurostat/databrowser/view/une_rt_m/default/table,2026-08-12T23:00:00+0200,final,2026-08-13 18:04:54,2026-08-12T23:00:00+0200
DE.UNEMPLOYMENT_RATE_M.EUROSTAT,DE,DE,DEU,德国,Germany,UNEMPLOYMENT_RATE_M,月度失业率,Monthly unemployment rate,2021-08,M,%,SA,level,3.4,Eurostat,une_rt_m,une_rt_m.M.SA.TOTAL.PC_ACT.T,Monthly unemployment rate,https://ec.europa.eu/eurostat/databrowser/view/une_rt_m/default/table,2026-08-12T23:00:00+0200,final,2026-08-13 18:04:54,2026-08-12T23:00:00+0200
DE.UNEMPLOYMENT_RATE_M.EUROSTAT,DE,DE,DEU,德国,Germany,UNEMPLOYMENT_RATE_M,月度失业率,Monthly unemployment rate,2021-09,M,%,SA,level,3.4,Eurostat,une_rt_m,une_rt_m.M.SA.TOTAL.PC_ACT.T,Monthly unemployment rate,https://ec.europa.eu/eurostat/databrowser/view/une_rt_m/default/table,2026-08-12T23:00:00+0200,final,2026-08-13 18:04:54,2026-08-12T23:00:00+0200
DE.UNEMPLOYMENT_RATE_M.EUROSTAT,DE,DE,DEU,德国,Germany,UNEMPLOYMENT_RATE_M,月度失业率,Monthly unemployment rate,2021-10,M,%,SA,level,3.4,Eurostat,une_rt_m,une_rt_m.M.SA.TOTAL.PC_ACT.T,Monthly unemployment rate,https://ec.europa.eu/eurostat/databrowser/view/une_rt_m/default/table,2026-08-12T23:00:00+0200,final,2026-08-13 18:04:54,2026-08-12T23:00:00+0200
DE.UNEMPLOYMENT_RATE_M.EUROSTAT,DE,DE,DEU,德国,Germany,UNEMPLOYMENT_RATE_M,月度失业率,Monthly unemployment rate,2021-11,M,%,SA,level,3.4,Eurostat,une_rt_m,une_rt_m.M.SA.TOTAL.PC_ACT.T,Monthly unemployment rate,https://ec.europa.eu/eurostat/databrowser/view/une_rt_m/default/table,2026-08-12T23:00:00+0200,final,2026-08-13 18:04:54,2026-08-12T23:00:00+0200
DE.UNEMPLOYMENT_RATE_M.EUROSTAT,DE,DE,DEU,德国,Germany,UNEMPLOYMENT_RATE_M,月度失业率,Monthly unemployment rate,2021-12,M,%,SA,level,3.3,Eurostat,une_rt_m,une_rt_m.M.SA.TOTAL.PC_ACT.T,Monthly unemployment rate,https://ec.europa.eu/eurostat/databrowser/view/une_rt_m/default/table,2026-08-12T23:00:00+0200,final,2026-08-13 18:04:54,2026-08-12T23:00:00+0200
DE.UNEMPLOYMENT_RATE_M.EUROSTAT,DE,DE,DEU,德国,Germany,UNEMPLOYMENT_RATE_M,月度失业率,Monthly unemployment rate,2022-01,M,%,SA,level,3.3,Eurostat,une_rt_m,une_rt_m.M.SA.TOTAL.PC_ACT.T,Monthly unemployment rate,https://ec.europa.eu/eurostat/databrowser/view/une_rt_m/default/table,2026-08-12T23:00:00+0200,final,2026-08-13 18:04:54,2026-08-12T23:00:00+0200
DE.UNEMPLOYMENT_RATE_M.EUROSTAT,DE,DE,DEU,德国,Germany,UNEMPLOYMENT_RATE_M,月度失业率,Monthly unemployment rate,2022-02,M,%,SA,level,3.2,Eurostat,une_rt_m,une_rt_m.M.SA.TOTAL.PC_ACT.T,Monthly unemployment rate,https://ec.europa.eu/eurostat/databrowser/view/une_rt_m/default/table,2026-08-12T23:00:00+0200,final,2026-08-13 18:04:54,2026-08-12T23:00:00+0200
DE.UNEMPLOYMENT_RATE_M.EUROSTAT,DE,DE,DEU,德国,Germany,UNEMPLOYMENT_RATE_M,月度失业率,Monthly unemployment rate,2022-03,M,%,SA,level,3.2,Eurostat,une_rt_m,une_rt_m.M.SA.TOTAL.PC_ACT.T,Monthly unemployment rate,https://ec.europa.eu/eurostat/databrowser/view/une_rt_m/default/table,2026-08-12T23:00:00+0200,final,2026-08-13 18:04:54,2026-08-12T23:00:00+0200
DE.UNEMPLOYMENT_RATE_M.EUROSTAT,DE,DE,DEU,德国,Germany,UNEMPLOYMENT_RATE_M,月度失业率,Monthly unemployment rate,2022-04,M,%,SA,level,3.1,Eurostat,une_rt_m,une_rt_m.M.SA.TOTAL.PC_ACT.T,Monthly unemployment rate,https://ec.europa.eu/eurostat/databrowser/view/une_rt_m/default/table,2026-08-12T23:00:00+0200,final,2026-08-13 18:04:54,2026-08-12T23:00:00+0200
DE.UNEMPLOYMENT_RATE_M.EUROSTAT,DE,DE,DEU,德国,Germany,UNEMPLOYMENT_RATE_M,月度失业率,Monthly unemployment rate,2022-05,M,%,SA,level,3.1,Eurostat,une_rt_m,une_rt_m.M.SA.TOTAL.PC_ACT.T,Monthly unemployment rate,https://ec.europa.eu/eurostat/databrowser/view/une_rt_m/default/table,2026-08-12T23:00:00+0200,final,2026-08-13 18:04:54,2026-08-12T23:00:00+0200
DE.UNEMPLOYMENT_RATE_M.EUROSTAT,DE,DE,DEU,德国,Germany,UNEMPLOYMENT_RATE_M,月度失业率,Monthly unemployment rate,2022-06,M,%,SA,level,3.1,Eurostat,une_rt_m,une_rt_m.M.SA.TOTAL.PC_ACT.T,Monthly unemployment rate,https://ec.europa.eu/eurostat/databrowser/view/une_rt_m/default/table,2026-08-12T23:00:00+0200,final,2026-08-13 18:04:54,2026-08-12T23:00:00+0200
DE.UNEMPLOYMENT_RATE_M.EUROSTAT,DE,DE,DEU,德国,Germany,UNEMPLOYMENT_RATE_M,月度失业率,Monthly unemployment rate,2022-07,M,%,SA,level,3.1,Eurostat,une_rt_m,une_rt_m.M.SA.TOTAL.PC_ACT.T,Monthly unemployment rate,https://ec.europa.eu/eurostat/databrowser/view/une_rt_m/default/table,2026-08-12T23:00:00+0200,final,2026-08-13 18:04:54,2026-08-12T23:00:00+0200
DE.UNEMPLOYMENT_RATE_M.EUROSTAT,DE,DE,DEU,德国,Germany,UNEMPLOYMENT_RATE_M,月度失业率,Monthly unemployment rate,2022-08,M,%,SA,level,3.1,Eurostat,une_rt_m,une_rt_m.M.SA.TOTAL.PC_ACT.T,Monthly unemployment rate,https://ec.europa.eu/eurostat/databrowser/view/une_rt_m/default/table,2026-08-12T23:00:00+0200,final,2026-08-13 18:04:54,2026-08-12T23:00:00+0200
DE.UNEMPLOYMENT_RATE_M.EUROSTAT,DE,DE,DEU,德国,Germany,UNEMPLOYMENT_RATE_M,月度失业率,Monthly unemployment rate,2022-09,M,%,SA,level,3.1,Eurostat,une_rt_m,une_rt_m.M.SA.TOTAL.PC_ACT.T,Monthly unemployment rate,https://ec.europa.eu/eurostat/databrowser/view/une_rt_m/default/table,2026-08-12T23:00:00+0200,final,2026-08-13 18:04:54,2026-08-12T23:00:00+0200
DE.UNEMPLOYMENT_RATE_M.EUROSTAT,DE,DE,DEU,德国,Germany,UNEMPLOYMENT_RATE_M,月度失业率,Monthly unemployment rate,2022-10,M,%,SA,level,3.1,Eurostat,une_rt_m,une_rt_m.M.SA.TOTAL.PC_ACT.T,Monthly unemployment rate,https://ec.europa.eu/eurostat/databrowser/view/une_rt_m/default/table,2026-08-12T23:00:00+0200,final,2026-08-13 18:04:54,2026-08-12T23:00:00+0200
DE.UNEMPLOYMENT_RATE_M.EUROSTAT,DE,DE,DEU,德国,Germany,UNEMPLOYMENT_RATE_M,月度失业率,Monthly unemployment rate,2022-11,M,%,SA,level,3.1,Eurostat,une_rt_m,une_rt_m.M.SA.TOTAL.PC_ACT.T,Monthly unemployment rate,https://ec.europa.eu/eurostat/databrowser/view/une_rt_m/default/table,2026-08-12T23:00:00+0200,final,2026-08-13 18:04:54,2026-08-12T23:00:00+0200
DE.UNEMPLOYMENT_RATE_M.EUROSTAT,DE,DE,DEU,德国,Germany,UNEMPLOYMENT_RATE_M,月度失业率,Monthly unemployment rate,2022-12,M,%,SA,level,3.1,Eurostat,une_rt_m,une_rt_m.M.SA.TOTAL.PC_ACT.T,Monthly unemployment rate,https://ec.europa.eu/eurostat/databrowser/view/une_rt_m/default/table,2026-08-12T23:00:00+0200,final,2026-08-13 18:04:54,2026-08-12T23:00:00+0200
DE.UNEMPLOYMENT_RATE_M.EUROSTAT,DE,DE,DEU,德国,Germany,UNEMPLOYMENT_RATE_M,月度失业率,Monthly unemployment rate,2023-01,M,%,SA,level,3.1,Eurostat,une_rt_m,une_rt_m.M.SA.TOTAL.PC_ACT.T,Monthly unemployment rate,https://ec.europa.eu/eurostat/databrowser/view/une_rt_m/default/table,2026-08-12T23:00:00+0200,final,2026-08-13 18:04:54,2026-08-12T23:00:00+0200
DE.UNEMPLOYMENT_RATE_M.EUROSTAT,DE,DE,DEU,德国,Germany,UNEMPLOYMENT_RATE_M,月度失业率,Monthly unemployment rate,2023-02,M,%,SA,level,3.0,Eurostat,une_rt_m,une_rt_m.M.SA.TOTAL.PC_ACT.T,Monthly unemployment rate,https://ec.europa.eu/eurostat/databrowser/view/une_rt_m/default/table,2026-08-12T23:00:00+0200,final,2026-08-13 18:04:54,2026-08-12T23:00:00+0200
DE.UNEMPLOYMENT_RATE_M.EUROSTAT,DE,DE,DEU,德国,Germany,UNEMPLOYMENT_RATE_M,月度失业率,Monthly unemployment rate,2023-03,M,%,SA,level,3.0,Eurostat,une_rt_m,une_rt_m.M.SA.TOTAL.PC_ACT.T,Monthly unemployment rate,https://ec.europa.eu/eurostat/databrowser/view/une_rt_m/default/table,2026-08-12T23:00:00+0200,final,2026-08-13 18:04:54,2026-08-12T23:00:00+0200
DE.UNEMPLOYMENT_RATE_M.EUROSTAT,DE,DE,DEU,德国,Germany,UNEMPLOYMENT_RATE_M,月度失业率,Monthly unemployment rate,2023-04,M,%,SA,level,3.0,Eurostat,une_rt_m,une_rt_m.M.SA.TOTAL.PC_ACT.T,Monthly unemployment rate,https://ec.europa.eu/eurostat/databrowser/view/une_rt_m/default/table,2026-08-12T23:00:00+0200,final,2026-08-13 18:04:54,2026-08-12T23:00:00+0200
DE.UNEMPLOYMENT_RATE_M.EUROSTAT,DE,DE,DEU,德国,Germany,UNEMPLOYMENT_RATE_M,月度失业率,Monthly unemployment rate,2023-05,M,%,SA,level,3.0,Eurostat,une_rt_m,une_rt_m.M.SA.TOTAL.PC_ACT.T,Monthly unemployment rate,https://ec.europa.eu/eurostat/databrowser/view/une_rt_m/default/table,2026-08-12T23:00:00+0200,final,2026-08-13 18:04:54,2026-08-12T23:00:00+0200
DE.UNEMPLOYMENT_RATE_M.EUROSTAT,DE,DE,DEU,德国,Germany,UNEMPLOYMENT_RATE_M,月度失业率,Monthly unemployment rate,2023-06,M,%,SA,level,3.0,Eurostat,une_rt_m,une_rt_m.M.SA.TOTAL.PC_ACT.T,Monthly unemployment rate,https://ec.europa.eu/eurostat/databrowser/view/une_rt_m/default/table,2026-08-12T23:00:00+0200,final,2026-08-13 18:04:54,2026-08-12T23:00:00+0200
DE.UNEMPLOYMENT_RATE_M.EUROSTAT,DE,DE,DEU,德国,Germany,UNEMPLOYMENT_RATE_M,月度失业率,Monthly unemployment rate,2023-07,M,%,SA,level,3.0,Eurostat,une_rt_m,une_rt_m.M.SA.TOTAL.PC_ACT.T,Monthly unemployment rate,https://ec.europa.eu/eurostat/databrowser/view/une_rt_m/default/table,2026-08-12T23:00:00+0200,final,2026-08-13 18:04:54,2026-08-12T23:00:00+0200
DE.UNEMPLOYMENT_RATE_M.EUROSTAT,DE,DE,DEU,德国,Germany,UNEMPLOYMENT_RATE_M,月度失业率,Monthly unemployment rate,2023-08,M,%,SA,level,3.1,Eurostat,une_rt_m,une_rt_m.M.SA.TOTAL.PC_ACT.T,Monthly unemployment rate,https://ec.europa.eu/eurostat/databrowser/view/une_rt_m/default/table,2026-08-12T23:00:00+0200,final,2026-08-13 18:04:54,2026-08-12T23:00:00+0200
DE.UNEMPLOYMENT_RATE_M.EUROSTAT,DE,DE,DEU,德国,Germany,UNEMPLOYMENT_RATE_M,月度失业率,Monthly unemployment rate,2023-09,M,%,SA,level,3.1,Eurostat,une_rt_m,une_rt_m.M.SA.TOTAL.PC_ACT.T,Monthly unemployment rate,https://ec.europa.eu/eurostat/databrowser/view/une_rt_m/default/table,2026-08-12T23:00:00+0200,final,2026-08-13 18:04:54,2026-08-12T23:00:00+0200
DE.UNEMPLOYMENT_RATE_M.EUROSTAT,DE,DE,DEU,德国,Germany,UNEMPLOYMENT_RATE_M,月度失业率,Monthly unemployment rate,2023-10,M,%,SA,level,3.1,Eurostat,une_rt_m,une_rt_m.M.SA.TOTAL.PC_ACT.T,Monthly unemployment rate,https://ec.europa.eu/eurostat/databrowser/view/une_rt_m/default/table,2026-08-12T23:00:00+0200,final,2026-08-13 18:04:54,2026-08-12T23:00:00+0200
DE.UNEMPLOYMENT_RATE_M.EUROSTAT,DE,DE,DEU,德国,Germany,UNEMPLOYMENT_RATE_M,月度失业率,Monthly unemployment rate,2023-11,M,%,SA,level,3.2,Eurostat,une_rt_m,une_rt_m.M.SA.TOTAL.PC_ACT.T,Monthly unemployment rate,https://ec.europa.eu/eurostat/databrowser/view/une_rt_m/default/table,2026-08-12T23:00:00+0200,final,2026-08-13 18:04:54,2026-08-12T23:00:00+0200
DE.UNEMPLOYMENT_RATE_M.EUROSTAT,DE,DE,DEU,德国,Germany,UNEMPLOYMENT_RATE_M,月度失业率,Monthly unemployment rate,2023-12,M,%,SA,level,3.2,Eurostat,une_rt_m,une_rt_m.M.SA.TOTAL.PC_ACT.T,Monthly unemployment rate,https://ec.europa.eu/eurostat/databrowser/view/une_rt_m/default/table,2026-08-12T23:00:00+0200,final,2026-08-13 18:04:54,2026-08-12T23:00:00+0200
DE.UNEMPLOYMENT_RATE_M.EUROSTAT,DE,DE,DEU,德国,Germany,UNEMPLOYMENT_RATE_M,月度失业率,Monthly unemployment rate,2024-01,M,%,SA,level,3.2,Eurostat,une_rt_m,une_rt_m.M.SA.TOTAL.PC_ACT.T,Monthly unemployment rate,https://ec.europa.eu/eurostat/databrowser/view/une_rt_m/default/table,2026-08-12T23:00:00+0200,final,2026-08-13 18:04:54,2026-08-12T23:00:00+0200
DE.UNEMPLOYMENT_RATE_M.EUROSTAT,DE,DE,DEU,德国,Germany,UNEMPLOYMENT_RATE_M,月度失业率,Monthly unemployment rate,2024-02,M,%,SA,level,3.2,Eurostat,une_rt_m,une_rt_m.M.SA.TOTAL.PC_ACT.T,Monthly unemployment rate,https://ec.europa.eu/eurostat/databrowser/view/une_rt_m/default/table,2026-08-12T23:00:00+0200,final,2026-08-13 18:04:54,2026-08-12T23:00:00+0200
DE.UNEMPLOYMENT_RATE_M.EUROSTAT,DE,DE,DEU,德国,Germany,UNEMPLOYMENT_RATE_M,月度失业率,Monthly unemployment rate,2024-03,M,%,SA,level,3.3,Eurostat,une_rt_m,une_rt_m.M.SA.TOTAL.PC_ACT.T,Monthly unemployment rate,https://ec.europa.eu/eurostat/databrowser/view/une_rt_m/default/table,2026-08-12T23:00:00+0200,final,2026-08-13 18:04:54,2026-08-12T23:00:00+0200
DE.UNEMPLOYMENT_RATE_M.EUROSTAT,DE,DE,DEU,德国,Germany,UNEMPLOYMENT_RATE_M,月度失业率,Monthly unemployment rate,2024-04,M,%,SA,level,3.4,Eurostat,une_rt_m,une_rt_m.M.SA.TOTAL.PC_ACT.T,Monthly unemployment rate,https://ec.europa.eu/eurostat/databrowser/view/une_rt_m/default/table,2026-08-12T23:00:00+0200,final,2026-08-13 18:04:54,2026-08-12T23:00:00+0200
DE.UNEMPLOYMENT_RATE_M.EUROSTAT,DE,DE,DEU,德国,Germany,UNEMPLOYMENT_RATE_M,月度失业率,Monthly unemployment rate,2024-05,M,%,SA,level,3.4,Eurostat,une_rt_m,une_rt_m.M.SA.TOTAL.PC_ACT.T,Monthly unemployment rate,https://ec.europa.eu/eurostat/databrowser/view/une_rt_m/default/table,2026-08-12T23:00:00+0200,final,2026-08-13 18:04:54,2026-08-12T23:00:00+0200
DE.UNEMPLOYMENT_RATE_M.EUROSTAT,DE,DE,DEU,德国,Germany,UNEMPLOYMENT_RATE_M,月度失业率,Monthly unemployment rate,2024-06,M,%,SA,level,3.4,Eurostat,une_rt_m,une_rt_m.M.SA.TOTAL.PC_ACT.T,Monthly unemployment rate,https://ec.europa.eu/eurostat/databrowser/view/une_rt_m/default/table,2026-08-12T23:00:00+0200,final,2026-08-13 18:04:54,2026-08-12T23:00:00+0200
DE.UNEMPLOYMENT_RATE_M.EUROSTAT,DE,DE,DEU,德国,Germany,UNEMPLOYMENT_RATE_M,月度失业率,Monthly unemployment rate,2024-07,M,%,SA,level,3.4,Eurostat,une_rt_m,une_rt_m.M.SA.TOTAL.PC_ACT.T,Monthly unemployment rate,https://ec.europa.eu/eurostat/databrowser/view/une_rt_m/default/table,2026-08-12T23:00:00+0200,final,2026-08-13 18:04:54,2026-08-12T23:00:00+0200
DE.UNEMPLOYMENT_RATE_M.EUROSTAT,DE,DE,DEU,德国,Germany,UNEMPLOYMENT_RATE_M,月度失业率,Monthly unemployment rate,2024-08,M,%,SA,level,3.4,Eurostat,une_rt_m,une_rt_m.M.SA.TOTAL.PC_ACT.T,Monthly unemployment rate,https://ec.europa.eu/eurostat/databrowser/view/une_rt_m/default/table,2026-08-12T23:00:00+0200,final,2026-08-13 18:04:54,2026-08-12T23:00:00+0200
DE.UNEMPLOYMENT_RATE_M.EUROSTAT,DE,DE,DEU,德国,Germany,UNEMPLOYMENT_RATE_M,月度失业率,Monthly unemployment rate,2024-09,M,%,SA,level,3.4,Eurostat,une_rt_m,une_rt_m.M.SA.TOTAL.PC_ACT.T,Monthly unemployment rate,https://ec.europa.eu/eurostat/databrowser/view/une_rt_m/default/table,2026-08-12T23:00:00+0200,final,2026-08-13 18:04:54,2026-08-12T23:00:00+0200
DE.UNEMPLOYMENT_RATE_M.EUROSTAT,DE,DE,DEU,德国,Germany,UNEMPLOYMENT_RATE_M,月度失业率,Monthly unemployment rate,2024-10,M,%,SA,level,3.4,Eurostat,une_rt_m,une_rt_m.M.SA.TOTAL.PC_ACT.T,Monthly unemployment rate,https://ec.europa.eu/eurostat/databrowser/view/une_rt_m/default/table,2026-08-12T23:00:00+0200,final,2026-08-13 18:04:54,2026-08-12T23:00:00+0200
DE.UNEMPLOYMENT_RATE_M.EUROSTAT,DE,DE,DEU,德国,Germany,UNEMPLOYMENT_RATE_M,月度失业率,Monthly unemployment rate,2024-11,M,%,SA,level,3.4,Eurostat,une_rt_m,une_rt_m.M.SA.TOTAL.PC_ACT.T,Monthly unemployment rate,https://ec.europa.eu/eurostat/databrowser/view/une_rt_m/default/table,2026-08-12T23:00:00+0200,final,2026-08-13 18:04:54,2026-08-12T23:00:00+0200
DE.UNEMPLOYMENT_RATE_M.EUROSTAT,DE,DE,DEU,德国,Germany,UNEMPLOYMENT_RATE_M,月度失业率,Monthly unemployment rate,2024-12,M,%,SA,level,3.5,Eurostat,une_rt_m,une_rt_m.M.SA.TOTAL.PC_ACT.T,Monthly unemployment rate,https://ec.europa.eu/eurostat/databrowser/view/une_rt_m/default/table,2026-08-12T23:00:00+0200,final,2026-08-13 18:04:54,2026-08-12T23:00:00+0200
DE.UNEMPLOYMENT_RATE_M.EUROSTAT,DE,DE,DEU,德国,Germany,UNEMPLOYMENT_RATE_M,月度失业率,Monthly unemployment rate,2025-01,M,%,SA,level,3.5,Eurostat,une_rt_m,une_rt_m.M.SA.TOTAL.PC_ACT.T,Monthly unemployment rate,https://ec.europa.eu/eurostat/databrowser/view/une_rt_m/default/table,2026-08-12T23:00:00+0200,final,2026-08-13 18:04:54,2026-08-12T23:00:00+0200
DE.UNEMPLOYMENT_RATE_M.EUROSTAT,DE,DE,DEU,德国,Germany,UNEMPLOYMENT_RATE_M,月度失业率,Monthly unemployment rate,2025-02,M,%,SA,level,3.6,Eurostat,une_rt_m,une_rt_m.M.SA.TOTAL.PC_ACT.T,Monthly unemployment rate,https://ec.europa.eu/eurostat/databrowser/view/une_rt_m/default/table,2026-08-12T23:00:00+0200,final,2026-08-13 18:04:54,2026-08-12T23:00:00+0200
DE.UNEMPLOYMENT_RATE_M.EUROSTAT,DE,DE,DEU,德国,Germany,UNEMPLOYMENT_RATE_M,月度失业率,Monthly unemployment rate,2025-03,M,%,SA,level,3.6,Eurostat,une_rt_m,une_rt_m.M.SA.TOTAL.PC_ACT.T,Monthly unemployment rate,https://ec.europa.eu/eurostat/databrowser/view/une_rt_m/default/table,2026-08-12T23:00:00+0200,final,2026-08-13 18:04:54,2026-08-12T23:00:00+0200
DE.UNEMPLOYMENT_RATE_M.EUROSTAT,DE,DE,DEU,德国,Germany,UNEMPLOYMENT_RATE_M,月度失业率,Monthly unemployment rate,2025-04,M,%,SA,level,3.7,Eurostat,une_rt_m,une_rt_m.M.SA.TOTAL.PC_ACT.T,Monthly unemployment rate,https://ec.europa.eu/eurostat/databrowser/view/une_rt_m/default/table,2026-08-12T23:00:00+0200,final,2026-08-13 18:04:54,2026-08-12T23:00:00+0200
DE.UNEMPLOYMENT_RATE_M.EUROSTAT,DE,DE,DEU,德国,Germany,UNEMPLOYMENT_RATE_M,月度失业率,Monthly unemployment rate,2025-05,M,%,SA,level,3.7,Eurostat,une_rt_m,une_rt_m.M.SA.TOTAL.PC_ACT.T,Monthly unemployment rate,https://ec.europa.eu/eurostat/databrowser/view/une_rt_m/default/table,2026-08-12T23:00:00+0200,final,2026-08-13 18:04:54,2026-08-12T23:00:00+0200
DE.UNEMPLOYMENT_RATE_M.EUROSTAT,DE,DE,DEU,德国,Germany,UNEMPLOYMENT_RATE_M,月度失业率,Monthly unemployment rate,2025-06,M,%,SA,level,3.7,Eurostat,une_rt_m,une_rt_m.M.SA.TOTAL.PC_ACT.T,Monthly unemployment rate,https://ec.europa.eu/eurostat/databrowser/view/une_rt_m/default/table,2026-08-12T23:00:00+0200,final,2026-08-13 18:04:54,2026-08-12T23:00:00+0200
DE.UNEMPLOYMENT_RATE_M.EUROSTAT,DE,DE,DEU,德国,Germany,UNEMPLOYMENT_RATE_M,月度失业率,Monthly unemployment rate,2025-07,M,%,SA,level,3.8,Eurostat,une_rt_m,une_rt_m.M.SA.TOTAL.PC_ACT.T,Monthly unemployment rate,https://ec.europa.eu/eurostat/databrowser/view/une_rt_m/default/table,2026-08-12T23:00:00+0200,final,2026-08-13 18:04:54,2026-08-12T23:00:00+0200
DE.UNEMPLOYMENT_RATE_M.EUROSTAT,DE,DE,DEU,德国,Germany,UNEMPLOYMENT_RATE_M,月度失业率,Monthly unemployment rate,2025-08,M,%,SA,level,3.8,Eurostat,une_rt_m,une_rt_m.M.SA.TOTAL.PC_ACT.T,Monthly unemployment rate,https://ec.europa.eu/eurostat/databrowser/view/une_rt_m/default/table,2026-08-12T23:00:00+0200,final,2026-08-13 18:04:54,2026-08-12T23:00:00+0200
DE.UNEMPLOYMENT_RATE_M.EUROSTAT,DE,DE,DEU,德国,Germany,UNEMPLOYMENT_RATE_M,月度失业率,Monthly unemployment rate,2025-09,M,%,SA,level,3.8,Eurostat,une_rt_m,une_rt_m.M.SA.TOTAL.PC_ACT.T,Monthly unemployment rate,https://ec.europa.eu/eurostat/databrowser/view/une_rt_m/default/table,2026-08-12T23:00:00+0200,final,2026-08-13 18:04:54,2026-08-12T23:00:00+0200
DE.UNEMPLOYMENT_RATE_M.EUROSTAT,DE,DE,DEU,德国,Germany,UNEMPLOYMENT_RATE_M,月度失业率,Monthly unemployment rate,2025-10,M,%,SA,level,3.9,Eurostat,une_rt_m,une_rt_m.M.SA.TOTAL.PC_ACT.T,Monthly unemployment rate,https://ec.europa.eu/eurostat/databrowser/view/une_rt_m/default/table,2026-08-12T23:00:00+0200,final,2026-08-13 18:04:54,2026-08-12T23:00:00+0200
DE.UNEMPLOYMENT_RATE_M.EUROSTAT,DE,DE,DEU,德国,Germany,UNEMPLOYMENT_RATE_M,月度失业率,Monthly unemployment rate,2025-11,M,%,SA,level,3.9,Eurostat,une_rt_m,une_rt_m.M.SA.TOTAL.PC_ACT.T,Monthly unemployment rate,https://ec.europa.eu/eurostat/databrowser/view/une_rt_m/default/table,2026-08-12T23:00:00+0200,final,2026-08-13 18:04:54,2026-08-12T23:00:00+0200
DE.UNEMPLOYMENT_RATE_M.EUROSTAT,DE,DE,DEU,德国,Germany,UNEMPLOYMENT_RATE_M,月度失业率,Monthly unemployment rate,2025-12,M,%,SA,level,3.9,Eurostat,une_rt_m,une_rt_m.M.SA.TOTAL.PC_ACT.T,Monthly unemployment rate,https://ec.europa.eu/eurostat/databrowser/view/une_rt_m/default/table,2026-08-12T23:00:00+0200,final,2026-08-13 18:04:54,2026-08-12T23:00:00+0200
DE.UNEMPLOYMENT_RATE_M.EUROSTAT,DE,DE,DEU,德国,Germany,UNEMPLOYMENT_RATE_M,月度失业率,Monthly unemployment rate,2026-01,M,%,SA,level,3.9,Eurostat,une_rt_m,une_rt_m.M.SA.TOTAL.PC_ACT.T,Monthly unemployment rate,https://ec.europa.eu/eurostat/databrowser/view/une_rt_m/default/table,2026-08-12T23:00:00+0200,final,2026-08-13 18:04:54,2026-08-12T23:00:00+0200
DE.UNEMPLOYMENT_RATE_M.EUROSTAT,DE,DE,DEU,德国,Germany,UNEMPLOYMENT_RATE_M,月度失业率,Monthly unemployment rate,2026-02,M,%,SA,level,3.8,Eurostat,une_rt_m,une_rt_m.M.SA.TOTAL.PC_ACT.T,Monthly unemployment rate,https://ec.europa.eu/eurostat/databrowser/view/une_rt_m/default/table,2026-08-12T23:00:00+0200,final,2026-08-13 18:04:54,2026-08-12T23:00:00+0200
DE.UNEMPLOYMENT_RATE_M.EUROSTAT,DE,DE,DEU,德国,Germany,UNEMPLOYMENT_RATE_M,月度失业率,Monthly unemployment rate,2026-03,M,%,SA,level,3.8,Eurostat,une_rt_m,une_rt_m.M.SA.TOTAL.PC_ACT.T,Monthly unemployment rate,https://ec.europa.eu/eurostat/databrowser/view/une_rt_m/default/table,2026-08-12T23:00:00+0200,final,2026-08-13 18:04:54,2026-08-12T23:00:00+0200
DE.UNEMPLOYMENT_RATE_M.EUROSTAT,DE,DE,DEU,德国,Germany,UNEMPLOYMENT_RATE_M,月度失业率,Monthly unemployment rate,2026-04,M,%,SA,level,3.8,Eurostat,une_rt_m,une_rt_m.M.SA.TOTAL.PC_ACT.T,Monthly unemployment rate,https://ec.europa.eu/eurostat/databrowser/view/une_rt_m/default/table,2026-08-12T23:00:00+0200,final,2026-08-13 18:04:54,2026-08-12T23:00:00+0200
DE.UNEMPLOYMENT_RATE_M.EUROSTAT,DE,DE,DEU,德国,Germany,UNEMPLOYMENT_RATE_M,月度失业率,Monthly unemployment rate,2026-05,M,%,SA,level,3.8,Eurostat,une_rt_m,une_rt_m.M.SA.TOTAL.PC_ACT.T,Monthly unemployment rate,https://ec.europa.eu/eurostat/databrowser/view/une_rt_m/default/table,2026-08-12T23:00:00+0200,final,2026-08-13 18:04:54,2026-08-12T23:00:00+0200
DE.UNEMPLOYMENT_RATE_M.EUROSTAT,DE,DE,DEU,德国,Germany,UNEMPLOYMENT_RATE_M,月度失业率,Monthly unemployment rate,2026-06,M,%,SA,level,3.9,Eurostat,une_rt_m,une_rt_m.M.SA.TOTAL.PC_ACT.T,Monthly unemployment rate,https://ec.europa.eu/eurostat/databrowser/view/une_rt_m/default/table,2026-08-12T23:00:00+0200,final,2026-08-13 18:04:54,2026-08-12T23:00:00+0200
ES.UNEMPLOYMENT_RATE_M.EUROSTAT,ES,ES,ESP,西班牙,Spain,UNEMPLOYMENT_RATE_M,月度失业率,Monthly unemployment rate,2015-01,M,%,SA,level,23.4,Eurostat,une_rt_m,une_rt_m.M.SA.TOTAL.PC_ACT.T,Monthly unemployment rate,https://ec.europa.eu/eurostat/databrowser/view/une_rt_m/default/table,2026-08-12T23:00:00+0200,final,2026-08-13 18:04:54,2026-08-12T23:00:00+0200
ES.UNEMPLOYMENT_RATE_M.EUROSTAT,ES,ES,ESP,西班牙,Spain,UNEMPLOYMENT_RATE_M,月度失业率,Monthly unemployment rate,2015-02,M,%,SA,level,23.1,Eurostat,une_rt_m,une_rt_m.M.SA.TOTAL.PC_ACT.T,Monthly unemployment rate,https://ec.europa.eu/eurostat/databrowser/view/une_rt_m/default/table,2026-08-12T23:00:00+0200,final,2026-08-13 18:04:54,2026-08-12T23:00:00+0200
ES.UNEMPLOYMENT_RATE_M.EUROSTAT,ES,ES,ESP,西班牙,Spain,UNEMPLOYMENT_RATE_M,月度失业率,Monthly unemployment rate,2015-03,M,%,SA,level,22.9,Eurostat,une_rt_m,une_rt_m.M.SA.TOTAL.PC_ACT.T,Monthly unemployment rate,https://ec.europa.eu/eurostat/databrowser/view/une_rt_m/default/table,2026-08-12T23:00:00+0200,final,2026-08-13 18:04:54,2026-08-12T23:00:00+0200
ES.UNEMPLOYMENT_RATE_M.EUROSTAT,ES,ES,ESP,西班牙,Spain,UNEMPLOYMENT_RATE_M,月度失业率,Monthly unemployment rate,2015-04,M,%,SA,level,22.7,Eurostat,une_rt_m,une_rt_m.M.SA.TOTAL.PC_ACT.T,Monthly unemployment rate,https://ec.europa.eu/eurostat/databrowser/view/une_rt_m/default/table,2026-08-12T23:00:00+0200,final,2026-08-13 18:04:54,2026-08-12T23:00:00+0200
ES.UNEMPLOYMENT_RATE_M.EUROSTAT,ES,ES,ESP,西班牙,Spain,UNEMPLOYMENT_RATE_M,月度失业率,Monthly unemployment rate,2015-05,M,%,SA,level,22.5,Eurostat,une_rt_m,une_rt_m.M.SA.TOTAL.PC_ACT.T,Monthly unemployment rate,https://ec.europa.eu/eurostat/databrowser/view/une_rt_m/default/table,2026-08-12T23:00:00+0200,final,2026-08-13 18:04:54,2026-08-12T23:00:00+0200
ES.UNEMPLOYMENT_RATE_M.EUROSTAT,ES,ES,ESP,西班牙,Spain,UNEMPLOYMENT_RATE_M,月度失业率,Monthly unemployment rate,2015-06,M,%,SA,level,22.3,Eurostat,une_rt_m,une_rt_m.M.SA.TOTAL.PC_ACT.T,Monthly unemployment rate,https://ec.europa.eu/eurostat/databrowser/view/une_rt_m/default/table,2026-08-12T23:00:00+0200,final,2026-08-13 18:04:54,2026-08-12T23:00:00+0200
ES.UNEMPLOYMENT_RATE_M.EUROSTAT,ES,ES,ESP,西班牙,Spain,UNEMPLOYMENT_RATE_M,月度失业率,Monthly unemployment rate,2015-07,M,%,SA,level,21.9,Eurostat,une_rt_m,une_rt_m.M.SA.TOTAL.PC_ACT.T,Monthly unemployment rate,https://ec.europa.eu/eurostat/databrowser/view/une_rt_m/default/table,2026-08-12T23:00:00+0200,final,2026-08-13 18:04:54,2026-08-12T23:00:00+0200
ES.UNEMPLOYMENT_RATE_M.EUROSTAT,ES,ES,ESP,西班牙,Spain,UNEMPLOYMENT_RATE_M,月度失业率,Monthly unemployment rate,2015-08,M,%,SA,level,21.6,Eurostat,une_rt_m,une_rt_m.M.SA.TOTAL.PC_ACT.T,Monthly unemployment rate,https://ec.europa.eu/eurostat/databrowser/view/une_rt_m/default/table,2026-08-12T23:00:00+0200,final,2026-08-13 18:04:54,2026-08-12T23:00:00+0200
ES.UNEMPLOYMENT_RATE_M.EUROSTAT,ES,ES,ESP,西班牙,Spain,UNEMPLOYMENT_RATE_M,月度失业率,Monthly unemployment rate,2015-09,M,%,SA,level,21.4,Eurostat,une_rt_m,une_rt_m.M.SA.TOTAL.PC_ACT.T,Monthly unemployment rate,https://ec.europa.eu/eurostat/databrowser/view/une_rt_m/default/table,2026-08-12T23:00:00+0200,final,2026-08-13 18:04:54,2026-08-12T23:00:00+0200
ES.UNEMPLOYMENT_RATE_M.EUROSTAT,ES,ES,ESP,西班牙,Spain,UNEMPLOYMENT_RATE_M,月度失业率,Monthly unemployment rate,2015-10,M,%,SA,level,21.3,Eurostat,une_rt_m,une_rt_m.M.SA.TOTAL.PC_ACT.T,Monthly unemployment rate,https://ec.europa.eu/eurostat/databrowser/view/une_rt_m/default/table,2026-08-12T23:00:00+0200,final,2026-08-13 18:04:54,2026-08-12T23:00:00+0200
ES.UNEMPLOYMENT_RATE_M.EUROSTAT,ES,ES,ESP,西班牙,Spain,UNEMPLOYMENT_RATE_M,月度失业率,Monthly unemployment rate,2015-11,M,%,SA,level,20.9,Eurostat,une_rt_m,une_rt_m.M.SA.TOTAL.PC_ACT.T,Monthly unemployment rate,https://ec.europa.eu/eurostat/databrowser/view/une_rt_m/default/table,2026-08-12T23:00:00+0200,final,2026-08-13 18:04:54,2026-08-12T23:00:00+0200
ES.UNEMPLOYMENT_RATE_M.EUROSTAT,ES,ES,ESP,西班牙,Spain,UNEMPLOYMENT_RATE_M,月度失业率,Monthly unemployment rate,2015-12,M,%,SA,level,20.8,Eurostat,une_rt_m,une_rt_m.M.SA.TOTAL.PC_ACT.T,Monthly unemployment rate,https://ec.europa.eu/eurostat/databrowser/view/une_rt_m/default/table,2026-08-12T23:00:00+0200,final,2026-08-13 18:04:54,2026-08-12T23:00:00+0200
ES.UNEMPLOYMENT_RATE_M.EUROSTAT,ES,ES,ESP,西班牙,Spain,UNEMPLOYMENT_RATE_M,月度失业率,Monthly unemployment rate,2016-01,M,%,SA,level,20.5,Eurostat,une_rt_m,une_rt_m.M.SA.TOTAL.PC_ACT.T,Monthly unemployment rate,https://ec.europa.eu/eurostat/databrowser/view/une_rt_m/default/table,2026-08-12T23:00:00+0200,final,2026-08-13 18:04:54,2026-08-12T23:00:00+0200
ES.UNEMPLOYMENT_RATE_M.EUROSTAT,ES,ES,ESP,西班牙,Spain,UNEMPLOYMENT_RATE_M,月度失业率,Monthly unemployment rate,2016-02,M,%,SA,level,20.4,Eurostat,une_rt_m,une_rt_m.M.SA.TOTAL.PC_ACT.T,Monthly unemployment rate,https://ec.europa.eu/eurostat/databrowser/view/une_rt_m/default/table,2026-08-12T23:00:00+0200,final,2026-08-13 18:04:54,2026-08-12T23:00:00+0200
ES.UNEMPLOYMENT_RATE_M.EUROSTAT,ES,ES,ESP,西班牙,Spain,UNEMPLOYMENT_RATE_M,月度失业率,Monthly unemployment rate,2016-03,M,%,SA,level,20.3,Eurostat,une_rt_m,une_rt_m.M.SA.TOTAL.PC_ACT.T,Monthly unemployment rate,https://ec.europa.eu/eurostat/databrowser/view/une_rt_m/default/table,2026-08-12T23:00:00+0200,final,2026-08-13 18:04:54,2026-08-12T23:00:00+0200
ES.UNEMPLOYMENT_RATE_M.EUROSTAT,ES,ES,ESP,西班牙,Spain,UNEMPLOYMENT_RATE_M,月度失业率,Monthly unemployment rate,2016-04,M,%,SA,level,20.3,Eurostat,une_rt_m,une_rt_m.M.SA.TOTAL.PC_ACT.T,Monthly unemployment rate,https://ec.europa.eu/eurostat/databrowser/view/une_rt_m/default/table,2026-08-12T23:00:00+0200,final,2026-08-13 18:04:54,2026-08-12T23:00:00+0200
ES.UNEMPLOYMENT_RATE_M.EUROSTAT,ES,ES,ESP,西班牙,Spain,UNEMPLOYMENT_RATE_M,月度失业率,Monthly unemployment rate,2016-05,M,%,SA,level,20.2,Eurostat,une_rt_m,une_rt_m.M.SA.TOTAL.PC_ACT.T,Monthly unemployment rate,https://ec.europa.eu/eurostat/databrowser/view/une_rt_m/default/table,2026-08-12T23:00:00+0200,final,2026-08-13 18:04:54,2026-08-12T23:00:00+0200
ES.UNEMPLOYMENT_RATE_M.EUROSTAT,ES,ES,ESP,西班牙,Spain,UNEMPLOYMENT_RATE_M,月度失业率,Monthly unemployment rate,2016-06,M,%,SA,level,19.9,Eurostat,une_rt_m,une_rt_m.M.SA.TOTAL.PC_ACT.T,Monthly unemployment rate,https://ec.europa.eu/eurostat/databrowser/view/une_rt_m/default/table,2026-08-12T23:00:00+0200,final,2026-08-13 18:04:54,2026-08-12T23:00:00+0200
ES.UNEMPLOYMENT_RATE_M.EUROSTAT,ES,ES,ESP,西班牙,Spain,UNEMPLOYMENT_RATE_M,月度失业率,Monthly unemployment rate,2016-07,M,%,SA,level,19.5,Eurostat,une_rt_m,une_rt_m.M.SA.TOTAL.PC_ACT.T,Monthly unemployment rate,https://ec.europa.eu/eurostat/databrowser/view/une_rt_m/default/table,2026-08-12T23:00:00+0200,final,2026-08-13 18:04:54,2026-08-12T23:00:00+0200
ES.UNEMPLOYMENT_RATE_M.EUROSTAT,ES,ES,ESP,西班牙,Spain,UNEMPLOYMENT_RATE_M,月度失业率,Monthly unemployment rate,2016-08,M,%,SA,level,19.3,Eurostat,une_rt_m,une_rt_m.M.SA.TOTAL.PC_ACT.T,Monthly unemployment rate,https://ec.europa.eu/eurostat/databrowser/view/une_rt_m/default/table,2026-08-12T23:00:00+0200,final,2026-08-13 18:04:54,2026-08-12T23:00:00+0200
ES.UNEMPLOYMENT_RATE_M.EUROSTAT,ES,ES,ESP,西班牙,Spain,UNEMPLOYMENT_RATE_M,月度失业率,Monthly unemployment rate,2016-09,M,%,SA,level,19.1,Eurostat,une_rt_m,une_rt_m.M.SA.TOTAL.PC_ACT.T,Monthly unemployment rate,https://ec.europa.eu/eurostat/databrowser/view/une_rt_m/default/table,2026-08-12T23:00:00+0200,final,2026-08-13 18:04:54,2026-08-12T23:00:00+0200
ES.UNEMPLOYMENT_RATE_M.EUROSTAT,ES,ES,ESP,西班牙,Spain,UNEMPLOYMENT_RATE_M,月度失业率,Monthly unemployment rate,2016-10,M,%,SA,level,18.9,Eurostat,une_rt_m,une_rt_m.M.SA.TOTAL.PC_ACT.T,Monthly unemployment rate,https://ec.europa.eu/eurostat/databrowser/view/une_rt_m/default/table,2026-08-12T23:00:00+0200,final,2026-08-13 18:04:54,2026-08-12T23:00:00+0200
ES.UNEMPLOYMENT_RATE_M.EUROSTAT,ES,ES,ESP,西班牙,Spain,UNEMPLOYMENT_RATE_M,月度失业率,Monthly unemployment rate,2016-11,M,%,SA,level,18.8,Eurostat,une_rt_m,une_rt_m.M.SA.TOTAL.PC_ACT.T,Monthly unemployment rate,https://ec.europa.eu/eurostat/databrowser/view/une_rt_m/default/table,2026-08-12T23:00:00+0200,final,2026-08-13 18:04:54,2026-08-12T23:00:00+0200
ES.UNEMPLOYMENT_RATE_M.EUROSTAT,ES,ES,ESP,西班牙,Spain,UNEMPLOYMENT_RATE_M,月度失业率,Monthly unemployment rate,2016-12,M,%,SA,level,18.5,Eurostat,une_rt_m,une_rt_m.M.SA.TOTAL.PC_ACT.T,Monthly unemployment rate,https://ec.europa.eu/eurostat/databrowser/view/une_rt_m/default/table,2026-08-12T23:00:00+0200,final,2026-08-13 18:04:54,2026-08-12T23:00:00+0200
ES.UNEMPLOYMENT_RATE_M.EUROSTAT,ES,ES,ESP,西班牙,Spain,UNEMPLOYMENT_RATE_M,月度失业率,Monthly unemployment rate,2017-01,M,%,SA,level,18.3,Eurostat,une_rt_m,une_rt_m.M.SA.TOTAL.PC_ACT.T,Monthly unemployment rate,https://ec.europa.eu/eurostat/databrowser/view/une_rt_m/default/table,2026-08-12T23:00:00+0200,final,2026-08-13 18:04:54,2026-08-12T23:00:00+0200
ES.UNEMPLOYMENT_RATE_M.EUROSTAT,ES,ES,ESP,西班牙,Spain,UNEMPLOYMENT_RATE_M,月度失业率,Monthly unemployment rate,2017-02,M,%,SA,level,18.2,Eurostat,une_rt_m,une_rt_m.M.SA.TOTAL.PC_ACT.T,Monthly unemployment rate,https://ec.europa.eu/eurostat/databrowser/view/une_rt_m/default/table,2026-08-12T23:00:00+0200,final,2026-08-13 18:04:54,2026-08-12T23:00:00+0200
ES.UNEMPLOYMENT_RATE_M.EUROSTAT,ES,ES,ESP,西班牙,Spain,UNEMPLOYMENT_RATE_M,月度失业率,Monthly unemployment rate,2017-03,M,%,SA,level,18.0,Eurostat,une_rt_m,une_rt_m.M.SA.TOTAL.PC_ACT.T,Monthly unemployment rate,https://ec.europa.eu/eurostat/databrowser/view/une_rt_m/default/table,2026-08-12T23:00:00+0200,final,2026-08-13 18:04:54,2026-08-12T23:00:00+0200
ES.UNEMPLOYMENT_RATE_M.EUROSTAT,ES,ES,ESP,西班牙,Spain,UNEMPLOYMENT_RATE_M,月度失业率,Monthly unemployment rate,2017-04,M,%,SA,level,17.6,Eurostat,une_rt_m,une_rt_m.M.SA.TOTAL.PC_ACT.T,Monthly unemployment rate,https://ec.europa.eu/eurostat/databrowser/view/une_rt_m/default/table,2026-08-12T23:00:00+0200,final,2026-08-13 18:04:54,2026-08-12T23:00:00+0200
ES.UNEMPLOYMENT_RATE_M.EUROSTAT,ES,ES,ESP,西班牙,Spain,UNEMPLOYMENT_RATE_M,月度失业率,Monthly unemployment rate,2017-05,M,%,SA,level,17.4,Eurostat,une_rt_m,une_rt_m.M.SA.TOTAL.PC_ACT.T,Monthly unemployment rate,https://ec.europa.eu/eurostat/databrowser/view/une_rt_m/default/table,2026-08-12T23:00:00+0200,final,2026-08-13 18:04:54,2026-08-12T23:00:00+0200
ES.UNEMPLOYMENT_RATE_M.EUROSTAT,ES,ES,ESP,西班牙,Spain,UNEMPLOYMENT_RATE_M,月度失业率,Monthly unemployment rate,2017-06,M,%,SA,level,17.1,Eurostat,une_rt_m,une_rt_m.M.SA.TOTAL.PC_ACT.T,Monthly unemployment rate,https://ec.europa.eu/eurostat/databrowser/view/une_rt_m/default/table,2026-08-12T23:00:00+0200,final,2026-08-13 18:04:54,2026-08-12T23:00:00+0200
ES.UNEMPLOYMENT_RATE_M.EUROSTAT,ES,ES,ESP,西班牙,Spain,UNEMPLOYMENT_RATE_M,月度失业率,Monthly unemployment rate,2017-07,M,%,SA,level,16.9,Eurostat,une_rt_m,une_rt_m.M.SA.TOTAL.PC_ACT.T,Monthly unemployment rate,https://ec.europa.eu/eurostat/databrowser/view/une_rt_m/default/table,2026-08-12T23:00:00+0200,final,2026-08-13 18:04:54,2026-08-12T23:00:00+0200
ES.UNEMPLOYMENT_RATE_M.EUROSTAT,ES,ES,ESP,西班牙,Spain,UNEMPLOYMENT_RATE_M,月度失业率,Monthly unemployment rate,2017-08,M,%,SA,level,16.7,Eurostat,une_rt_m,une_rt_m.M.SA.TOTAL.PC_ACT.T,Monthly unemployment rate,https://ec.europa.eu/eurostat/databrowser/view/une_rt_m/default/table,2026-08-12T23:00:00+0200,final,2026-08-13 18:04:54,2026-08-12T23:00:00+0200
ES.UNEMPLOYMENT_RATE_M.EUROSTAT,ES,ES,ESP,西班牙,Spain,UNEMPLOYMENT_RATE_M,月度失业率,Monthly unemployment rate,2017-09,M,%,SA,level,16.7,Eurostat,une_rt_m,une_rt_m.M.SA.TOTAL.PC_ACT.T,Monthly unemployment rate,https://ec.europa.eu/eurostat/databrowser/view/une_rt_m/default/table,2026-08-12T23:00:00+0200,final,2026-08-13 18:04:54,2026-08-12T23:00:00+0200
ES.UNEMPLOYMENT_RATE_M.EUROSTAT,ES,ES,ESP,西班牙,Spain,UNEMPLOYMENT_RATE_M,月度失业率,Monthly unemployment rate,2017-10,M,%,SA,level,16.7,Eurostat,une_rt_m,une_rt_m.M.SA.TOTAL.PC_ACT.T,Monthly unemployment rate,https://ec.europa.eu/eurostat/databrowser/view/une_rt_m/default/table,2026-08-12T23:00:00+0200,final,2026-08-13 18:04:54,2026-08-12T23:00:00+0200
ES.UNEMPLOYMENT_RATE_M.EUROSTAT,ES,ES,ESP,西班牙,Spain,UNEMPLOYMENT_RATE_M,月度失业率,Monthly unemployment rate,2017-11,M,%,SA,level,16.7,Eurostat,une_rt_m,une_rt_m.M.SA.TOTAL.PC_ACT.T,Monthly unemployment rate,https://ec.europa.eu/eurostat/databrowser/view/une_rt_m/default/table,2026-08-12T23:00:00+0200,final,2026-08-13 18:04:54,2026-08-12T23:00:00+0200
ES.UNEMPLOYMENT_RATE_M.EUROSTAT,ES,ES,ESP,西班牙,Spain,UNEMPLOYMENT_RATE_M,月度失业率,Monthly unemployment rate,2017-12,M,%,SA,level,16.6,Eurostat,une_rt_m,une_rt_m.M.SA.TOTAL.PC_ACT.T,Monthly unemployment rate,https://ec.europa.eu/eurostat/databrowser/view/une_rt_m/default/table,2026-08-12T23:00:00+0200,final,2026-08-13 18:04:54,2026-08-12T23:00:00+0200
ES.UNEMPLOYMENT_RATE_M.EUROSTAT,ES,ES,ESP,西班牙,Spain,UNEMPLOYMENT_RATE_M,月度失业率,Monthly unemployment rate,2018-01,M,%,SA,level,16.4,Eurostat,une_rt_m,une_rt_m.M.SA.TOTAL.PC_ACT.T,Monthly unemployment rate,https://ec.europa.eu/eurostat/databrowser/view/une_rt_m/default/table,2026-08-12T23:00:00+0200,final,2026-08-13 18:04:54,2026-08-12T23:00:00+0200
ES.UNEMPLOYMENT_RATE_M.EUROSTAT,ES,ES,ESP,西班牙,Spain,UNEMPLOYMENT_RATE_M,月度失业率,Monthly unemployment rate,2018-02,M,%,SA,level,16.2,Eurostat,une_rt_m,une_rt_m.M.SA.TOTAL.PC_ACT.T,Monthly unemployment rate,https://ec.europa.eu/eurostat/databrowser/view/une_rt_m/default/table,2026-08-12T23:00:00+0200,final,2026-08-13 18:04:54,2026-08-12T23:00:00+0200
ES.UNEMPLOYMENT_RATE_M.EUROSTAT,ES,ES,ESP,西班牙,Spain,UNEMPLOYMENT_RATE_M,月度失业率,Monthly unemployment rate,2018-03,M,%,SA,level,15.9,Eurostat,une_rt_m,une_rt_m.M.SA.TOTAL.PC_ACT.T,Monthly unemployment rate,https://ec.europa.eu/eurostat/databrowser/view/une_rt_m/default/table,2026-08-12T23:00:00+0200,final,2026-08-13 18:04:54,2026-08-12T23:00:00+0200
ES.UNEMPLOYMENT_RATE_M.EUROSTAT,ES,ES,ESP,西班牙,Spain,UNEMPLOYMENT_RATE_M,月度失业率,Monthly unemployment rate,2018-04,M,%,SA,level,15.7,Eurostat,une_rt_m,une_rt_m.M.SA.TOTAL.PC_ACT.T,Monthly unemployment rate,https://ec.europa.eu/eurostat/databrowser/view/une_rt_m/default/table,2026-08-12T23:00:00+0200,final,2026-08-13 18:04:54,2026-08-12T23:00:00+0200
ES.UNEMPLOYMENT_RATE_M.EUROSTAT,ES,ES,ESP,西班牙,Spain,UNEMPLOYMENT_RATE_M,月度失业率,Monthly unemployment rate,2018-05,M,%,SA,level,15.5,Eurostat,une_rt_m,une_rt_m.M.SA.TOTAL.PC_ACT.T,Monthly unemployment rate,https://ec.europa.eu/eurostat/databrowser/view/une_rt_m/default/table,2026-08-12T23:00:00+0200,final,2026-08-13 18:04:54,2026-08-12T23:00:00+0200
ES.UNEMPLOYMENT_RATE_M.EUROSTAT,ES,ES,ESP,西班牙,Spain,UNEMPLOYMENT_RATE_M,月度失业率,Monthly unemployment rate,2018-06,M,%,SA,level,15.2,Eurostat,une_rt_m,une_rt_m.M.SA.TOTAL.PC_ACT.T,Monthly unemployment rate,https://ec.europa.eu/eurostat/databrowser/view/une_rt_m/default/table,2026-08-12T23:00:00+0200,final,2026-08-13 18:04:54,2026-08-12T23:00:00+0200
ES.UNEMPLOYMENT_RATE_M.EUROSTAT,ES,ES,ESP,西班牙,Spain,UNEMPLOYMENT_RATE_M,月度失业率,Monthly unemployment rate,2018-07,M,%,SA,level,15.0,Eurostat,une_rt_m,une_rt_m.M.SA.TOTAL.PC_ACT.T,Monthly unemployment rate,https://ec.europa.eu/eurostat/databrowser/view/une_rt_m/default/table,2026-08-12T23:00:00+0200,final,2026-08-13 18:04:54,2026-08-12T23:00:00+0200
ES.UNEMPLOYMENT_RATE_M.EUROSTAT,ES,ES,ESP,西班牙,Spain,UNEMPLOYMENT_RATE_M,月度失业率,Monthly unemployment rate,2018-08,M,%,SA,level,14.8,Eurostat,une_rt_m,une_rt_m.M.SA.TOTAL.PC_ACT.T,Monthly unemployment rate,https://ec.europa.eu/eurostat/databrowser/view/une_rt_m/default/table,2026-08-12T23:00:00+0200,final,2026-08-13 18:04:54,2026-08-12T23:00:00+0200
ES.UNEMPLOYMENT_RATE_M.EUROSTAT,ES,ES,ESP,西班牙,Spain,UNEMPLOYMENT_RATE_M,月度失业率,Monthly unemployment rate,2018-09,M,%,SA,level,14.7,Eurostat,une_rt_m,une_rt_m.M.SA.TOTAL.PC_ACT.T,Monthly unemployment rate,https://ec.europa.eu/eurostat/databrowser/view/une_rt_m/default/table,2026-08-12T23:00:00+0200,final,2026-08-13 18:04:54,2026-08-12T23:00:00+0200
ES.UNEMPLOYMENT_RATE_M.EUROSTAT,ES,ES,ESP,西班牙,Spain,UNEMPLOYMENT_RATE_M,月度失业率,Monthly unemployment rate,2018-10,M,%,SA,level,14.7,Eurostat,une_rt_m,une_rt_m.M.SA.TOTAL.PC_ACT.T,Monthly unemployment rate,https://ec.europa.eu/eurostat/databrowser/view/une_rt_m/default/table,2026-08-12T23:00:00+0200,final,2026-08-13 18:04:54,2026-08-12T23:00:00+0200
ES.UNEMPLOYMENT_RATE_M.EUROSTAT,ES,ES,ESP,西班牙,Spain,UNEMPLOYMENT_RATE_M,月度失业率,Monthly unemployment rate,2018-11,M,%,SA,level,14.6,Eurostat,une_rt_m,une_rt_m.M.SA.TOTAL.PC_ACT.T,Monthly unemployment rate,https://ec.europa.eu/eurostat/databrowser/view/une_rt_m/default/table,2026-08-12T23:00:00+0200,final,2026-08-13 18:04:54,2026-08-12T23:00:00+0200
ES.UNEMPLOYMENT_RATE_M.EUROSTAT,ES,ES,ESP,西班牙,Spain,UNEMPLOYMENT_RATE_M,月度失业率,Monthly unemployment rate,2018-12,M,%,SA,level,14.4,Eurostat,une_rt_m,une_rt_m.M.SA.TOTAL.PC_ACT.T,Monthly unemployment rate,https://ec.europa.eu/eurostat/databrowser/view/une_rt_m/default/table,2026-08-12T23:00:00+0200,final,2026-08-13 18:04:54,2026-08-12T23:00:00+0200
ES.UNEMPLOYMENT_RATE_M.EUROSTAT,ES,ES,ESP,西班牙,Spain,UNEMPLOYMENT_RATE_M,月度失业率,Monthly unemployment rate,2019-01,M,%,SA,level,14.3,Eurostat,une_rt_m,une_rt_m.M.SA.TOTAL.PC_ACT.T,Monthly unemployment rate,https://ec.europa.eu/eurostat/databrowser/view/une_rt_m/default/table,2026-08-12T23:00:00+0200,final,2026-08-13 18:04:54,2026-08-12T23:00:00+0200
ES.UNEMPLOYMENT_RATE_M.EUROSTAT,ES,ES,ESP,西班牙,Spain,UNEMPLOYMENT_RATE_M,月度失业率,Monthly unemployment rate,2019-02,M,%,SA,level,14.2,Eurostat,une_rt_m,une_rt_m.M.SA.TOTAL.PC_ACT.T,Monthly unemployment rate,https://ec.europa.eu/eurostat/databrowser/view/une_rt_m/default/table,2026-08-12T23:00:00+0200,final,2026-08-13 18:04:54,2026-08-12T23:00:00+0200
ES.UNEMPLOYMENT_RATE_M.EUROSTAT,ES,ES,ESP,西班牙,Spain,UNEMPLOYMENT_RATE_M,月度失业率,Monthly unemployment rate,2019-03,M,%,SA,level,14.2,Eurostat,une_rt_m,une_rt_m.M.SA.TOTAL.PC_ACT.T,Monthly unemployment rate,https://ec.europa.eu/eurostat/databrowser/view/une_rt_m/default/table,2026-08-12T23:00:00+0200,final,2026-08-13 18:04:54,2026-08-12T23:00:00+0200
ES.UNEMPLOYMENT_RATE_M.EUROSTAT,ES,ES,ESP,西班牙,Spain,UNEMPLOYMENT_RATE_M,月度失业率,Monthly unemployment rate,2019-04,M,%,SA,level,14.2,Eurostat,une_rt_m,une_rt_m.M.SA.TOTAL.PC_ACT.T,Monthly unemployment rate,https://ec.europa.eu/eurostat/databrowser/view/une_rt_m/default/table,2026-08-12T23:00:00+0200,final,2026-08-13 18:04:54,2026-08-12T23:00:00+0200
ES.UNEMPLOYMENT_RATE_M.EUROSTAT,ES,ES,ESP,西班牙,Spain,UNEMPLOYMENT_RATE_M,月度失业率,Monthly unemployment rate,2019-05,M,%,SA,level,14.3,Eurostat,une_rt_m,une_rt_m.M.SA.TOTAL.PC_ACT.T,Monthly unemployment rate,https://ec.europa.eu/eurostat/databrowser/view/une_rt_m/default/table,2026-08-12T23:00:00+0200,final,2026-08-13 18:04:54,2026-08-12T23:00:00+0200
ES.UNEMPLOYMENT_RATE_M.EUROSTAT,ES,ES,ESP,西班牙,Spain,UNEMPLOYMENT_RATE_M,月度失业率,Monthly unemployment rate,2019-06,M,%,SA,level,14.2,Eurostat,une_rt_m,une_rt_m.M.SA.TOTAL.PC_ACT.T,Monthly unemployment rate,https://ec.europa.eu/eurostat/databrowser/view/une_rt_m/default/table,2026-08-12T23:00:00+0200,final,2026-08-13 18:04:54,2026-08-12T23:00:00+0200
ES.UNEMPLOYMENT_RATE_M.EUROSTAT,ES,ES,ESP,西班牙,Spain,UNEMPLOYMENT_RATE_M,月度失业率,Monthly unemployment rate,2019-07,M,%,SA,level,14.2,Eurostat,une_rt_m,une_rt_m.M.SA.TOTAL.PC_ACT.T,Monthly unemployment rate,https://ec.europa.eu/eurostat/databrowser/view/une_rt_m/default/table,2026-08-12T23:00:00+0200,final,2026-08-13 18:04:54,2026-08-12T23:00:00+0200
ES.UNEMPLOYMENT_RATE_M.EUROSTAT,ES,ES,ESP,西班牙,Spain,UNEMPLOYMENT_RATE_M,月度失业率,Monthly unemployment rate,2019-08,M,%,SA,level,14.1,Eurostat,une_rt_m,une_rt_m.M.SA.TOTAL.PC_ACT.T,Monthly unemployment rate,https://ec.europa.eu/eurostat/databrowser/view/une_rt_m/default/table,2026-08-12T23:00:00+0200,final,2026-08-13 18:04:54,2026-08-12T23:00:00+0200
ES.UNEMPLOYMENT_RATE_M.EUROSTAT,ES,ES,ESP,西班牙,Spain,UNEMPLOYMENT_RATE_M,月度失业率,Monthly unemployment rate,2019-09,M,%,SA,level,14.0,Eurostat,une_rt_m,une_rt_m.M.SA.TOTAL.PC_ACT.T,Monthly unemployment rate,https://ec.europa.eu/eurostat/databrowser/view/une_rt_m/default/table,2026-08-12T23:00:00+0200,final,2026-08-13 18:04:54,2026-08-12T23:00:00+0200
ES.UNEMPLOYMENT_RATE_M.EUROSTAT,ES,ES,ESP,西班牙,Spain,UNEMPLOYMENT_RATE_M,月度失业率,Monthly unemployment rate,2019-10,M,%,SA,level,14.0,Eurostat,une_rt_m,une_rt_m.M.SA.TOTAL.PC_ACT.T,Monthly unemployment rate,https://ec.europa.eu/eurostat/databrowser/view/une_rt_m/default/table,2026-08-12T23:00:00+0200,final,2026-08-13 18:04:54,2026-08-12T23:00:00+0200
ES.UNEMPLOYMENT_RATE_M.EUROSTAT,ES,ES,ESP,西班牙,Spain,UNEMPLOYMENT_RATE_M,月度失业率,Monthly unemployment rate,2019-11,M,%,SA,level,13.9,Eurostat,une_rt_m,une_rt_m.M.SA.TOTAL.PC_ACT.T,Monthly unemployment rate,https://ec.europa.eu/eurostat/databrowser/view/une_rt_m/default/table,2026-08-12T23:00:00+0200,final,2026-08-13 18:04:54,2026-08-12T23:00:00+0200
ES.UNEMPLOYMENT_RATE_M.EUROSTAT,ES,ES,ESP,西班牙,Spain,UNEMPLOYMENT_RATE_M,月度失业率,Monthly unemployment rate,2019-12,M,%,SA,level,13.8,Eurostat,une_rt_m,une_rt_m.M.SA.TOTAL.PC_ACT.T,Monthly unemployment rate,https://ec.europa.eu/eurostat/databrowser/view/une_rt_m/default/table,2026-08-12T23:00:00+0200,final,2026-08-13 18:04:54,2026-08-12T23:00:00+0200
ES.UNEMPLOYMENT_RATE_M.EUROSTAT,ES,ES,ESP,西班牙,Spain,UNEMPLOYMENT_RATE_M,月度失业率,Monthly unemployment rate,2020-01,M,%,SA,level,13.8,Eurostat,une_rt_m,une_rt_m.M.SA.TOTAL.PC_ACT.T,Monthly unemployment rate,https://ec.europa.eu/eurostat/databrowser/view/une_rt_m/default/table,2026-08-12T23:00:00+0200,final,2026-08-13 18:04:54,2026-08-12T23:00:00+0200
ES.UNEMPLOYMENT_RATE_M.EUROSTAT,ES,ES,ESP,西班牙,Spain,UNEMPLOYMENT_RATE_M,月度失业率,Monthly unemployment rate,2020-02,M,%,SA,level,13.6,Eurostat,une_rt_m,une_rt_m.M.SA.TOTAL.PC_ACT.T,Monthly unemployment rate,https://ec.europa.eu/eurostat/databrowser/view/une_rt_m/default/table,2026-08-12T23:00:00+0200,final,2026-08-13 18:04:54,2026-08-12T23:00:00+0200
ES.UNEMPLOYMENT_RATE_M.EUROSTAT,ES,ES,ESP,西班牙,Spain,UNEMPLOYMENT_RATE_M,月度失业率,Monthly unemployment rate,2020-03,M,%,SA,level,14.5,Eurostat,une_rt_m,une_rt_m.M.SA.TOTAL.PC_ACT.T,Monthly unemployment rate,https://ec.europa.eu/eurostat/databrowser/view/une_rt_m/default/table,2026-08-12T23:00:00+0200,final,2026-08-13 18:04:54,2026-08-12T23:00:00+0200
ES.UNEMPLOYMENT_RATE_M.EUROSTAT,ES,ES,ESP,西班牙,Spain,UNEMPLOYMENT_RATE_M,月度失业率,Monthly unemployment rate,2020-04,M,%,SA,level,15.3,Eurostat,une_rt_m,une_rt_m.M.SA.TOTAL.PC_ACT.T,Monthly unemployment rate,https://ec.europa.eu/eurostat/databrowser/view/une_rt_m/default/table,2026-08-12T23:00:00+0200,final,2026-08-13 18:04:54,2026-08-12T23:00:00+0200
ES.UNEMPLOYMENT_RATE_M.EUROSTAT,ES,ES,ESP,西班牙,Spain,UNEMPLOYMENT_RATE_M,月度失业率,Monthly unemployment rate,2020-05,M,%,SA,level,15.5,Eurostat,une_rt_m,une_rt_m.M.SA.TOTAL.PC_ACT.T,Monthly unemployment rate,https://ec.europa.eu/eurostat/databrowser/view/une_rt_m/default/table,2026-08-12T23:00:00+0200,final,2026-08-13 18:04:54,2026-08-12T23:00:00+0200
ES.UNEMPLOYMENT_RATE_M.EUROSTAT,ES,ES,ESP,西班牙,Spain,UNEMPLOYMENT_RATE_M,月度失业率,Monthly unemployment rate,2020-06,M,%,SA,level,16.0,Eurostat,une_rt_m,une_rt_m.M.SA.TOTAL.PC_ACT.T,Monthly unemployment rate,https://ec.europa.eu/eurostat/databrowser/view/une_rt_m/default/table,2026-08-12T23:00:00+0200,final,2026-08-13 18:04:54,2026-08-12T23:00:00+0200
ES.UNEMPLOYMENT_RATE_M.EUROSTAT,ES,ES,ESP,西班牙,Spain,UNEMPLOYMENT_RATE_M,月度失业率,Monthly unemployment rate,2020-07,M,%,SA,level,16.2,Eurostat,une_rt_m,une_rt_m.M.SA.TOTAL.PC_ACT.T,Monthly unemployment rate,https://ec.europa.eu/eurostat/databrowser/view/une_rt_m/default/table,2026-08-12T23:00:00+0200,final,2026-08-13 18:04:54,2026-08-12T23:00:00+0200
ES.UNEMPLOYMENT_RATE_M.EUROSTAT,ES,ES,ESP,西班牙,Spain,UNEMPLOYMENT_RATE_M,月度失业率,Monthly unemployment rate,2020-08,M,%,SA,level,16.5,Eurostat,une_rt_m,une_rt_m.M.SA.TOTAL.PC_ACT.T,Monthly unemployment rate,https://ec.europa.eu/eurostat/databrowser/view/une_rt_m/default/table,2026-08-12T23:00:00+0200,final,2026-08-13 18:04:54,2026-08-12T23:00:00+0200
ES.UNEMPLOYMENT_RATE_M.EUROSTAT,ES,ES,ESP,西班牙,Spain,UNEMPLOYMENT_RATE_M,月度失业率,Monthly unemployment rate,2020-09,M,%,SA,level,16.4,Eurostat,une_rt_m,une_rt_m.M.SA.TOTAL.PC_ACT.T,Monthly unemployment rate,https://ec.europa.eu/eurostat/databrowser/view/une_rt_m/default/table,2026-08-12T23:00:00+0200,final,2026-08-13 18:04:54,2026-08-12T23:00:00+0200
ES.UNEMPLOYMENT_RATE_M.EUROSTAT,ES,ES,ESP,西班牙,Spain,UNEMPLOYMENT_RATE_M,月度失业率,Monthly unemployment rate,2020-10,M,%,SA,level,16.3,Eurostat,une_rt_m,une_rt_m.M.SA.TOTAL.PC_ACT.T,Monthly unemployment rate,https://ec.europa.eu/eurostat/databrowser/view/une_rt_m/default/table,2026-08-12T23:00:00+0200,final,2026-08-13 18:04:54,2026-08-12T23:00:00+0200
ES.UNEMPLOYMENT_RATE_M.EUROSTAT,ES,ES,ESP,西班牙,Spain,UNEMPLOYMENT_RATE_M,月度失业率,Monthly unemployment rate,2020-11,M,%,SA,level,16.2,Eurostat,une_rt_m,une_rt_m.M.SA.TOTAL.PC_ACT.T,Monthly unemployment rate,https://ec.europa.eu/eurostat/databrowser/view/une_rt_m/default/table,2026-08-12T23:00:00+0200,final,2026-08-13 18:04:54,2026-08-12T23:00:00+0200
ES.UNEMPLOYMENT_RATE_M.EUROSTAT,ES,ES,ESP,西班牙,Spain,UNEMPLOYMENT_RATE_M,月度失业率,Monthly unemployment rate,2020-12,M,%,SA,level,16.2,Eurostat,une_rt_m,une_rt_m.M.SA.TOTAL.PC_ACT.T,Monthly unemployment rate,https://ec.europa.eu/eurostat/databrowser/view/une_rt_m/default/table,2026-08-12T23:00:00+0200,final,2026-08-13 18:04:54,2026-08-12T23:00:00+0200
ES.UNEMPLOYMENT_RATE_M.EUROSTAT,ES,ES,ESP,西班牙,Spain,UNEMPLOYMENT_RATE_M,月度失业率,Monthly unemployment rate,2021-01,M,%,SA,level,15.9,Eurostat,une_rt_m,une_rt_m.M.SA.TOTAL.PC_ACT.T,Monthly unemployment rate,https://ec.europa.eu/eurostat/databrowser/view/une_rt_m/default/table,2026-08-12T23:00:00+0200,final,2026-08-13 18:04:54,2026-08-12T23:00:00+0200
ES.UNEMPLOYMENT_RATE_M.EUROSTAT,ES,ES,ESP,西班牙,Spain,UNEMPLOYMENT_RATE_M,月度失业率,Monthly unemployment rate,2021-02,M,%,SA,level,15.7,Eurostat,une_rt_m,une_rt_m.M.SA.TOTAL.PC_ACT.T,Monthly unemployment rate,https://ec.europa.eu/eurostat/databrowser/view/une_rt_m/default/table,2026-08-12T23:00:00+0200,final,2026-08-13 18:04:54,2026-08-12T23:00:00+0200
ES.UNEMPLOYMENT_RATE_M.EUROSTAT,ES,ES,ESP,西班牙,Spain,UNEMPLOYMENT_RATE_M,月度失业率,Monthly unemployment rate,2021-03,M,%,SA,level,15.5,Eurostat,une_rt_m,une_rt_m.M.SA.TOTAL.PC_ACT.T,Monthly unemployment rate,https://ec.europa.eu/eurostat/databrowser/view/une_rt_m/default/table,2026-08-12T23:00:00+0200,final,2026-08-13 18:04:54,2026-08-12T23:00:00+0200
ES.UNEMPLOYMENT_RATE_M.EUROSTAT,ES,ES,ESP,西班牙,Spain,UNEMPLOYMENT_RATE_M,月度失业率,Monthly unemployment rate,2021-04,M,%,SA,level,15.7,Eurostat,une_rt_m,une_rt_m.M.SA.TOTAL.PC_ACT.T,Monthly unemployment rate,https://ec.europa.eu/eurostat/databrowser/view/une_rt_m/default/table,2026-08-12T23:00:00+0200,final,2026-08-13 18:04:54,2026-08-12T23:00:00+0200
ES.UNEMPLOYMENT_RATE_M.EUROSTAT,ES,ES,ESP,西班牙,Spain,UNEMPLOYMENT_RATE_M,月度失业率,Monthly unemployment rate,2021-05,M,%,SA,level,15.7,Eurostat,une_rt_m,une_rt_m.M.SA.TOTAL.PC_ACT.T,Monthly unemployment rate,https://ec.europa.eu/eurostat/databrowser/view/une_rt_m/default/table,2026-08-12T23:00:00+0200,final,2026-08-13 18:04:54,2026-08-12T23:00:00+0200
ES.UNEMPLOYMENT_RATE_M.EUROSTAT,ES,ES,ESP,西班牙,Spain,UNEMPLOYMENT_RATE_M,月度失业率,Monthly unemployment rate,2021-06,M,%,SA,level,15.6,Eurostat,une_rt_m,une_rt_m.M.SA.TOTAL.PC_ACT.T,Monthly unemployment rate,https://ec.europa.eu/eurostat/databrowser/view/une_rt_m/default/table,2026-08-12T23:00:00+0200,final,2026-08-13 18:04:54,2026-08-12T23:00:00+0200
ES.UNEMPLOYMENT_RATE_M.EUROSTAT,ES,ES,ESP,西班牙,Spain,UNEMPLOYMENT_RATE_M,月度失业率,Monthly unemployment rate,2021-07,M,%,SA,level,15.2,Eurostat,une_rt_m,une_rt_m.M.SA.TOTAL.PC_ACT.T,Monthly unemployment rate,https://ec.europa.eu/eurostat/databrowser/view/une_rt_m/default/table,2026-08-12T23:00:00+0200,final,2026-08-13 18:04:54,2026-08-12T23:00:00+0200
ES.UNEMPLOYMENT_RATE_M.EUROSTAT,ES,ES,ESP,西班牙,Spain,UNEMPLOYMENT_RATE_M,月度失业率,Monthly unemployment rate,2021-08,M,%,SA,level,14.8,Eurostat,une_rt_m,une_rt_m.M.SA.TOTAL.PC_ACT.T,Monthly unemployment rate,https://ec.europa.eu/eurostat/databrowser/view/une_rt_m/default/table,2026-08-12T23:00:00+0200,final,2026-08-13 18:04:54,2026-08-12T23:00:00+0200
ES.UNEMPLOYMENT_RATE_M.EUROSTAT,ES,ES,ESP,西班牙,Spain,UNEMPLOYMENT_RATE_M,月度失业率,Monthly unemployment rate,2021-09,M,%,SA,level,14.4,Eurostat,une_rt_m,une_rt_m.M.SA.TOTAL.PC_ACT.T,Monthly unemployment rate,https://ec.europa.eu/eurostat/databrowser/view/une_rt_m/default/table,2026-08-12T23:00:00+0200,final,2026-08-13 18:04:54,2026-08-12T23:00:00+0200
ES.UNEMPLOYMENT_RATE_M.EUROSTAT,ES,ES,ESP,西班牙,Spain,UNEMPLOYMENT_RATE_M,月度失业率,Monthly unemployment rate,2021-10,M,%,SA,level,13.9,Eurostat,une_rt_m,une_rt_m.M.SA.TOTAL.PC_ACT.T,Monthly unemployment rate,https://ec.europa.eu/eurostat/databrowser/view/une_rt_m/default/table,2026-08-12T23:00:00+0200,final,2026-08-13 18:04:54,2026-08-12T23:00:00+0200
ES.UNEMPLOYMENT_RATE_M.EUROSTAT,ES,ES,ESP,西班牙,Spain,UNEMPLOYMENT_RATE_M,月度失业率,Monthly unemployment rate,2021-11,M,%,SA,level,13.5,Eurostat,une_rt_m,une_rt_m.M.SA.TOTAL.PC_ACT.T,Monthly unemployment rate,https://ec.europa.eu/eurostat/databrowser/view/une_rt_m/default/table,2026-08-12T23:00:00+0200,final,2026-08-13 18:04:54,2026-08-12T23:00:00+0200
ES.UNEMPLOYMENT_RATE_M.EUROSTAT,ES,ES,ESP,西班牙,Spain,UNEMPLOYMENT_RATE_M,月度失业率,Monthly unemployment rate,2021-12,M,%,SA,level,13.3,Eurostat,une_rt_m,une_rt_m.M.SA.TOTAL.PC_ACT.T,Monthly unemployment rate,https://ec.europa.eu/eurostat/databrowser/view/une_rt_m/default/table,2026-08-12T23:00:00+0200,final,2026-08-13 18:04:54,2026-08-12T23:00:00+0200
ES.UNEMPLOYMENT_RATE_M.EUROSTAT,ES,ES,ESP,西班牙,Spain,UNEMPLOYMENT_RATE_M,月度失业率,Monthly unemployment rate,2022-01,M,%,SA,level,13.3,Eurostat,une_rt_m,une_rt_m.M.SA.TOTAL.PC_ACT.T,Monthly unemployment rate,https://ec.europa.eu/eurostat/databrowser/view/une_rt_m/default/table,2026-08-12T23:00:00+0200,final,2026-08-13 18:04:54,2026-08-12T23:00:00+0200
ES.UNEMPLOYMENT_RATE_M.EUROSTAT,ES,ES,ESP,西班牙,Spain,UNEMPLOYMENT_RATE_M,月度失业率,Monthly unemployment rate,2022-02,M,%,SA,level,13.2,Eurostat,une_rt_m,une_rt_m.M.SA.TOTAL.PC_ACT.T,Monthly unemployment rate,https://ec.europa.eu/eurostat/databrowser/view/une_rt_m/default/table,2026-08-12T23:00:00+0200,final,2026-08-13 18:04:54,2026-08-12T23:00:00+0200
ES.UNEMPLOYMENT_RATE_M.EUROSTAT,ES,ES,ESP,西班牙,Spain,UNEMPLOYMENT_RATE_M,月度失业率,Monthly unemployment rate,2022-03,M,%,SA,level,13.3,Eurostat,une_rt_m,une_rt_m.M.SA.TOTAL.PC_ACT.T,Monthly unemployment rate,https://ec.europa.eu/eurostat/databrowser/view/une_rt_m/default/table,2026-08-12T23:00:00+0200,final,2026-08-13 18:04:54,2026-08-12T23:00:00+0200
ES.UNEMPLOYMENT_RATE_M.EUROSTAT,ES,ES,ESP,西班牙,Spain,UNEMPLOYMENT_RATE_M,月度失业率,Monthly unemployment rate,2022-04,M,%,SA,level,13.2,Eurostat,une_rt_m,une_rt_m.M.SA.TOTAL.PC_ACT.T,Monthly unemployment rate,https://ec.europa.eu/eurostat/databrowser/view/une_rt_m/default/table,2026-08-12T23:00:00+0200,final,2026-08-13 18:04:54,2026-08-12T23:00:00+0200
ES.UNEMPLOYMENT_RATE_M.EUROSTAT,ES,ES,ESP,西班牙,Spain,UNEMPLOYMENT_RATE_M,月度失业率,Monthly unemployment rate,2022-05,M,%,SA,level,12.9,Eurostat,une_rt_m,une_rt_m.M.SA.TOTAL.PC_ACT.T,Monthly unemployment rate,https://ec.europa.eu/eurostat/databrowser/view/une_rt_m/default/table,2026-08-12T23:00:00+0200,final,2026-08-13 18:04:54,2026-08-12T23:00:00+0200
ES.UNEMPLOYMENT_RATE_M.EUROSTAT,ES,ES,ESP,西班牙,Spain,UNEMPLOYMENT_RATE_M,月度失业率,Monthly unemployment rate,2022-06,M,%,SA,level,12.9,Eurostat,une_rt_m,une_rt_m.M.SA.TOTAL.PC_ACT.T,Monthly unemployment rate,https://ec.europa.eu/eurostat/databrowser/view/une_rt_m/default/table,2026-08-12T23:00:00+0200,final,2026-08-13 18:04:54,2026-08-12T23:00:00+0200
ES.UNEMPLOYMENT_RATE_M.EUROSTAT,ES,ES,ESP,西班牙,Spain,UNEMPLOYMENT_RATE_M,月度失业率,Monthly unemployment rate,2022-07,M,%,SA,level,12.7,Eurostat,une_rt_m,une_rt_m.M.SA.TOTAL.PC_ACT.T,Monthly unemployment rate,https://ec.europa.eu/eurostat/databrowser/view/une_rt_m/default/table,2026-08-12T23:00:00+0200,final,2026-08-13 18:04:54,2026-08-12T23:00:00+0200
ES.UNEMPLOYMENT_RATE_M.EUROSTAT,ES,ES,ESP,西班牙,Spain,UNEMPLOYMENT_RATE_M,月度失业率,Monthly unemployment rate,2022-08,M,%,SA,level,12.8,Eurostat,une_rt_m,une_rt_m.M.SA.TOTAL.PC_ACT.T,Monthly unemployment rate,https://ec.europa.eu/eurostat/databrowser/view/une_rt_m/default/table,2026-08-12T23:00:00+0200,final,2026-08-13 18:04:54,2026-08-12T23:00:00+0200
ES.UNEMPLOYMENT_RATE_M.EUROSTAT,ES,ES,ESP,西班牙,Spain,UNEMPLOYMENT_RATE_M,月度失业率,Monthly unemployment rate,2022-09,M,%,SA,level,13.0,Eurostat,une_rt_m,une_rt_m.M.SA.TOTAL.PC_ACT.T,Monthly unemployment rate,https://ec.europa.eu/eurostat/databrowser/view/une_rt_m/default/table,2026-08-12T23:00:00+0200,final,2026-08-13 18:04:54,2026-08-12T23:00:00+0200
ES.UNEMPLOYMENT_RATE_M.EUROSTAT,ES,ES,ESP,西班牙,Spain,UNEMPLOYMENT_RATE_M,月度失业率,Monthly unemployment rate,2022-10,M,%,SA,level,13.1,Eurostat,une_rt_m,une_rt_m.M.SA.TOTAL.PC_ACT.T,Monthly unemployment rate,https://ec.europa.eu/eurostat/databrowser/view/une_rt_m/default/table,2026-08-12T23:00:00+0200,final,2026-08-13 18:04:54,2026-08-12T23:00:00+0200
ES.UNEMPLOYMENT_RATE_M.EUROSTAT,ES,ES,ESP,西班牙,Spain,UNEMPLOYMENT_RATE_M,月度失业率,Monthly unemployment rate,2022-11,M,%,SA,level,13.2,Eurostat,une_rt_m,une_rt_m.M.SA.TOTAL.PC_ACT.T,Monthly unemployment rate,https://ec.europa.eu/eurostat/databrowser/view/une_rt_m/default/table,2026-08-12T23:00:00+0200,final,2026-08-13 18:04:54,2026-08-12T23:00:00+0200
ES.UNEMPLOYMENT_RATE_M.EUROSTAT,ES,ES,ESP,西班牙,Spain,UNEMPLOYMENT_RATE_M,月度失业率,Monthly unemployment rate,2022-12,M,%,SA,level,13.2,Eurostat,une_rt_m,une_rt_m.M.SA.TOTAL.PC_ACT.T,Monthly unemployment rate,https://ec.europa.eu/eurostat/databrowser/view/une_rt_m/default/table,2026-08-12T23:00:00+0200,final,2026-08-13 18:04:54,2026-08-12T23:00:00+0200
ES.UNEMPLOYMENT_RATE_M.EUROSTAT,ES,ES,ESP,西班牙,Spain,UNEMPLOYMENT_RATE_M,月度失业率,Monthly unemployment rate,2023-01,M,%,SA,level,13.1,Eurostat,une_rt_m,une_rt_m.M.SA.TOTAL.PC_ACT.T,Monthly unemployment rate,https://ec.europa.eu/eurostat/databrowser/view/une_rt_m/default/table,2026-08-12T23:00:00+0200,final,2026-08-13 18:04:54,2026-08-12T23:00:00+0200
ES.UNEMPLOYMENT_RATE_M.EUROSTAT,ES,ES,ESP,西班牙,Spain,UNEMPLOYMENT_RATE_M,月度失业率,Monthly unemployment rate,2023-02,M,%,SA,level,12.9,Eurostat,une_rt_m,une_rt_m.M.SA.TOTAL.PC_ACT.T,Monthly unemployment rate,https://ec.europa.eu/eurostat/databrowser/view/une_rt_m/default/table,2026-08-12T23:00:00+0200,final,2026-08-13 18:04:54,2026-08-12T23:00:00+0200
ES.UNEMPLOYMENT_RATE_M.EUROSTAT,ES,ES,ESP,西班牙,Spain,UNEMPLOYMENT_RATE_M,月度失业率,Monthly unemployment rate,2023-03,M,%,SA,level,12.5,Eurostat,une_rt_m,une_rt_m.M.SA.TOTAL.PC_ACT.T,Monthly unemployment rate,https://ec.europa.eu/eurostat/databrowser/view/une_rt_m/default/table,2026-08-12T23:00:00+0200,final,2026-08-13 18:04:54,2026-08-12T23:00:00+0200
ES.UNEMPLOYMENT_RATE_M.EUROSTAT,ES,ES,ESP,西班牙,Spain,UNEMPLOYMENT_RATE_M,月度失业率,Monthly unemployment rate,2023-04,M,%,SA,level,12.1,Eurostat,une_rt_m,une_rt_m.M.SA.TOTAL.PC_ACT.T,Monthly unemployment rate,https://ec.europa.eu/eurostat/databrowser/view/une_rt_m/default/table,2026-08-12T23:00:00+0200,final,2026-08-13 18:04:54,2026-08-12T23:00:00+0200
ES.UNEMPLOYMENT_RATE_M.EUROSTAT,ES,ES,ESP,西班牙,Spain,UNEMPLOYMENT_RATE_M,月度失业率,Monthly unemployment rate,2023-05,M,%,SA,level,12.0,Eurostat,une_rt_m,une_rt_m.M.SA.TOTAL.PC_ACT.T,Monthly unemployment rate,https://ec.europa.eu/eurostat/databrowser/view/une_rt_m/default/table,2026-08-12T23:00:00+0200,final,2026-08-13 18:04:54,2026-08-12T23:00:00+0200
ES.UNEMPLOYMENT_RATE_M.EUROSTAT,ES,ES,ESP,西班牙,Spain,UNEMPLOYMENT_RATE_M,月度失业率,Monthly unemployment rate,2023-06,M,%,SA,level,11.9,Eurostat,une_rt_m,une_rt_m.M.SA.TOTAL.PC_ACT.T,Monthly unemployment rate,https://ec.europa.eu/eurostat/databrowser/view/une_rt_m/default/table,2026-08-12T23:00:00+0200,final,2026-08-13 18:04:54,2026-08-12T23:00:00+0200
ES.UNEMPLOYMENT_RATE_M.EUROSTAT,ES,ES,ESP,西班牙,Spain,UNEMPLOYMENT_RATE_M,月度失业率,Monthly unemployment rate,2023-07,M,%,SA,level,12.0,Eurostat,une_rt_m,une_rt_m.M.SA.TOTAL.PC_ACT.T,Monthly unemployment rate,https://ec.europa.eu/eurostat/databrowser/view/une_rt_m/default/table,2026-08-12T23:00:00+0200,final,2026-08-13 18:04:54,2026-08-12T23:00:00+0200
ES.UNEMPLOYMENT_RATE_M.EUROSTAT,ES,ES,ESP,西班牙,Spain,UNEMPLOYMENT_RATE_M,月度失业率,Monthly unemployment rate,2023-08,M,%,SA,level,12.0,Eurostat,une_rt_m,une_rt_m.M.SA.TOTAL.PC_ACT.T,Monthly unemployment rate,https://ec.europa.eu/eurostat/databrowser/view/une_rt_m/default/table,2026-08-12T23:00:00+0200,final,2026-08-13 18:04:54,2026-08-12T23:00:00+0200
ES.UNEMPLOYMENT_RATE_M.EUROSTAT,ES,ES,ESP,西班牙,Spain,UNEMPLOYMENT_RATE_M,月度失业率,Monthly unemployment rate,2023-09,M,%,SA,level,12.0,Eurostat,une_rt_m,une_rt_m.M.SA.TOTAL.PC_ACT.T,Monthly unemployment rate,https://ec.europa.eu/eurostat/databrowser/view/une_rt_m/default/table,2026-08-12T23:00:00+0200,final,2026-08-13 18:04:54,2026-08-12T23:00:00+0200
ES.UNEMPLOYMENT_RATE_M.EUROSTAT,ES,ES,ESP,西班牙,Spain,UNEMPLOYMENT_RATE_M,月度失业率,Monthly unemployment rate,2023-10,M,%,SA,level,12.0,Eurostat,une_rt_m,une_rt_m.M.SA.TOTAL.PC_ACT.T,Monthly unemployment rate,https://ec.europa.eu/eurostat/databrowser/view/une_rt_m/default/table,2026-08-12T23:00:00+0200,final,2026-08-13 18:04:54,2026-08-12T23:00:00+0200
ES.UNEMPLOYMENT_RATE_M.EUROSTAT,ES,ES,ESP,西班牙,Spain,UNEMPLOYMENT_RATE_M,月度失业率,Monthly unemployment rate,2023-11,M,%,SA,level,12.0,Eurostat,une_rt_m,une_rt_m.M.SA.TOTAL.PC_ACT.T,Monthly unemployment rate,https://ec.europa.eu/eurostat/databrowser/view/une_rt_m/default/table,2026-08-12T23:00:00+0200,final,2026-08-13 18:04:54,2026-08-12T23:00:00+0200
ES.UNEMPLOYMENT_RATE_M.EUROSTAT,ES,ES,ESP,西班牙,Spain,UNEMPLOYMENT_RATE_M,月度失业率,Monthly unemployment rate,2023-12,M,%,SA,level,11.9,Eurostat,une_rt_m,une_rt_m.M.SA.TOTAL.PC_ACT.T,Monthly unemployment rate,https://ec.europa.eu/eurostat/databrowser/view/une_rt_m/default/table,2026-08-12T23:00:00+0200,final,2026-08-13 18:04:54,2026-08-12T23:00:00+0200
ES.UNEMPLOYMENT_RATE_M.EUROSTAT,ES,ES,ESP,西班牙,Spain,UNEMPLOYMENT_RATE_M,月度失业率,Monthly unemployment rate,2024-01,M,%,SA,level,11.9,Eurostat,une_rt_m,une_rt_m.M.SA.TOTAL.PC_ACT.T,Monthly unemployment rate,https://ec.europa.eu/eurostat/databrowser/view/une_rt_m/default/table,2026-08-12T23:00:00+0200,final,2026-08-13 18:04:54,2026-08-12T23:00:00+0200
ES.UNEMPLOYMENT_RATE_M.EUROSTAT,ES,ES,ESP,西班牙,Spain,UNEMPLOYMENT_RATE_M,月度失业率,Monthly unemployment rate,2024-02,M,%,SA,level,11.7,Eurostat,une_rt_m,une_rt_m.M.SA.TOTAL.PC_ACT.T,Monthly unemployment rate,https://ec.europa.eu/eurostat/databrowser/view/une_rt_m/default/table,2026-08-12T23:00:00+0200,final,2026-08-13 18:04:54,2026-08-12T23:00:00+0200
ES.UNEMPLOYMENT_RATE_M.EUROSTAT,ES,ES,ESP,西班牙,Spain,UNEMPLOYMENT_RATE_M,月度失业率,Monthly unemployment rate,2024-03,M,%,SA,level,11.6,Eurostat,une_rt_m,une_rt_m.M.SA.TOTAL.PC_ACT.T,Monthly unemployment rate,https://ec.europa.eu/eurostat/databrowser/view/une_rt_m/default/table,2026-08-12T23:00:00+0200,final,2026-08-13 18:04:54,2026-08-12T23:00:00+0200
ES.UNEMPLOYMENT_RATE_M.EUROSTAT,ES,ES,ESP,西班牙,Spain,UNEMPLOYMENT_RATE_M,月度失业率,Monthly unemployment rate,2024-04,M,%,SA,level,11.6,Eurostat,une_rt_m,une_rt_m.M.SA.TOTAL.PC_ACT.T,Monthly unemployment rate,https://ec.europa.eu/eurostat/databrowser/view/une_rt_m/default/table,2026-08-12T23:00:00+0200,final,2026-08-13 18:04:54,2026-08-12T23:00:00+0200
ES.UNEMPLOYMENT_RATE_M.EUROSTAT,ES,ES,ESP,西班牙,Spain,UNEMPLOYMENT_RATE_M,月度失业率,Monthly unemployment rate,2024-05,M,%,SA,level,11.6,Eurostat,une_rt_m,une_rt_m.M.SA.TOTAL.PC_ACT.T,Monthly unemployment rate,https://ec.europa.eu/eurostat/databrowser/view/une_rt_m/default/table,2026-08-12T23:00:00+0200,final,2026-08-13 18:04:54,2026-08-12T23:00:00+0200
ES.UNEMPLOYMENT_RATE_M.EUROSTAT,ES,ES,ESP,西班牙,Spain,UNEMPLOYMENT_RATE_M,月度失业率,Monthly unemployment rate,2024-06,M,%,SA,level,11.5,Eurostat,une_rt_m,une_rt_m.M.SA.TOTAL.PC_ACT.T,Monthly unemployment rate,https://ec.europa.eu/eurostat/databrowser/view/une_rt_m/default/table,2026-08-12T23:00:00+0200,final,2026-08-13 18:04:54,2026-08-12T23:00:00+0200
ES.UNEMPLOYMENT_RATE_M.EUROSTAT,ES,ES,ESP,西班牙,Spain,UNEMPLOYMENT_RATE_M,月度失业率,Monthly unemployment rate,2024-07,M,%,SA,level,11.4,Eurostat,une_rt_m,une_rt_m.M.SA.TOTAL.PC_ACT.T,Monthly unemployment rate,https://ec.europa.eu/eurostat/databrowser/view/une_rt_m/default/table,2026-08-12T23:00:00+0200,final,2026-08-13 18:04:54,2026-08-12T23:00:00+0200
ES.UNEMPLOYMENT_RATE_M.EUROSTAT,ES,ES,ESP,西班牙,Spain,UNEMPLOYMENT_RATE_M,月度失业率,Monthly unemployment rate,2024-08,M,%,SA,level,11.3,Eurostat,une_rt_m,une_rt_m.M.SA.TOTAL.PC_ACT.T,Monthly unemployment rate,https://ec.europa.eu/eurostat/databrowser/view/une_rt_m/default/table,2026-08-12T23:00:00+0200,final,2026-08-13 18:04:54,2026-08-12T23:00:00+0200
ES.UNEMPLOYMENT_RATE_M.EUROSTAT,ES,ES,ESP,西班牙,Spain,UNEMPLOYMENT_RATE_M,月度失业率,Monthly unemployment rate,2024-09,M,%,SA,level,11.1,Eurostat,une_rt_m,une_rt_m.M.SA.TOTAL.PC_ACT.T,Monthly unemployment rate,https://ec.europa.eu/eurostat/databrowser/view/une_rt_m/default/table,2026-08-12T23:00:00+0200,final,2026-08-13 18:04:54,2026-08-12T23:00:00+0200
ES.UNEMPLOYMENT_RATE_M.EUROSTAT,ES,ES,ESP,西班牙,Spain,UNEMPLOYMENT_RATE_M,月度失业率,Monthly unemployment rate,2024-10,M,%,SA,level,10.9,Eurostat,une_rt_m,une_rt_m.M.SA.TOTAL.PC_ACT.T,Monthly unemployment rate,https://ec.europa.eu/eurostat/databrowser/view/une_rt_m/default/table,2026-08-12T23:00:00+0200,final,2026-08-13 18:04:54,2026-08-12T23:00:00+0200
ES.UNEMPLOYMENT_RATE_M.EUROSTAT,ES,ES,ESP,西班牙,Spain,UNEMPLOYMENT_RATE_M,月度失业率,Monthly unemployment rate,2024-11,M,%,SA,level,10.8,Eurostat,une_rt_m,une_rt_m.M.SA.TOTAL.PC_ACT.T,Monthly unemployment rate,https://ec.europa.eu/eurostat/databrowser/view/une_rt_m/default/table,2026-08-12T23:00:00+0200,final,2026-08-13 18:04:54,2026-08-12T23:00:00+0200
ES.UNEMPLOYMENT_RATE_M.EUROSTAT,ES,ES,ESP,西班牙,Spain,UNEMPLOYMENT_RATE_M,月度失业率,Monthly unemployment rate,2024-12,M,%,SA,level,10.8,Eurostat,une_rt_m,une_rt_m.M.SA.TOTAL.PC_ACT.T,Monthly unemployment rate,https://ec.europa.eu/eurostat/databrowser/view/une_rt_m/default/table,2026-08-12T23:00:00+0200,final,2026-08-13 18:04:54,2026-08-12T23:00:00+0200
ES.UNEMPLOYMENT_RATE_M.EUROSTAT,ES,ES,ESP,西班牙,Spain,UNEMPLOYMENT_RATE_M,月度失业率,Monthly unemployment rate,2025-01,M,%,SA,level,10.8,Eurostat,une_rt_m,une_rt_m.M.SA.TOTAL.PC_ACT.T,Monthly unemployment rate,https://ec.europa.eu/eurostat/databrowser/view/une_rt_m/default/table,2026-08-12T23:00:00+0200,final,2026-08-13 18:04:54,2026-08-12T23:00:00+0200
ES.UNEMPLOYMENT_RATE_M.EUROSTAT,ES,ES,ESP,西班牙,Spain,UNEMPLOYMENT_RATE_M,月度失业率,Monthly unemployment rate,2025-02,M,%,SA,level,10.8,Eurostat,une_rt_m,une_rt_m.M.SA.TOTAL.PC_ACT.T,Monthly unemployment rate,https://ec.europa.eu/eurostat/databrowser/view/une_rt_m/default/table,2026-08-12T23:00:00+0200,final,2026-08-13 18:04:54,2026-08-12T23:00:00+0200
ES.UNEMPLOYMENT_RATE_M.EUROSTAT,ES,ES,ESP,西班牙,Spain,UNEMPLOYMENT_RATE_M,月度失业率,Monthly unemployment rate,2025-03,M,%,SA,level,10.8,Eurostat,une_rt_m,une_rt_m.M.SA.TOTAL.PC_ACT.T,Monthly unemployment rate,https://ec.europa.eu/eurostat/databrowser/view/une_rt_m/default/table,2026-08-12T23:00:00+0200,final,2026-08-13 18:04:54,2026-08-12T23:00:00+0200
ES.UNEMPLOYMENT_RATE_M.EUROSTAT,ES,ES,ESP,西班牙,Spain,UNEMPLOYMENT_RATE_M,月度失业率,Monthly unemployment rate,2025-04,M,%,SA,level,10.6,Eurostat,une_rt_m,une_rt_m.M.SA.TOTAL.PC_ACT.T,Monthly unemployment rate,https://ec.europa.eu/eurostat/databrowser/view/une_rt_m/default/table,2026-08-12T23:00:00+0200,final,2026-08-13 18:04:54,2026-08-12T23:00:00+0200
ES.UNEMPLOYMENT_RATE_M.EUROSTAT,ES,ES,ESP,西班牙,Spain,UNEMPLOYMENT_RATE_M,月度失业率,Monthly unemployment rate,2025-05,M,%,SA,level,10.6,Eurostat,une_rt_m,une_rt_m.M.SA.TOTAL.PC_ACT.T,Monthly unemployment rate,https://ec.europa.eu/eurostat/databrowser/view/une_rt_m/default/table,2026-08-12T23:00:00+0200,final,2026-08-13 18:04:54,2026-08-12T23:00:00+0200
ES.UNEMPLOYMENT_RATE_M.EUROSTAT,ES,ES,ESP,西班牙,Spain,UNEMPLOYMENT_RATE_M,月度失业率,Monthly unemployment rate,2025-06,M,%,SA,level,10.5,Eurostat,une_rt_m,une_rt_m.M.SA.TOTAL.PC_ACT.T,Monthly unemployment rate,https://ec.europa.eu/eurostat/databrowser/view/une_rt_m/default/table,2026-08-12T23:00:00+0200,final,2026-08-13 18:04:54,2026-08-12T23:00:00+0200
ES.UNEMPLOYMENT_RATE_M.EUROSTAT,ES,ES,ESP,西班牙,Spain,UNEMPLOYMENT_RATE_M,月度失业率,Monthly unemployment rate,2025-07,M,%,SA,level,10.6,Eurostat,une_rt_m,une_rt_m.M.SA.TOTAL.PC_ACT.T,Monthly unemployment rate,https://ec.europa.eu/eurostat/databrowser/view/une_rt_m/default/table,2026-08-12T23:00:00+0200,final,2026-08-13 18:04:54,2026-08-12T23:00:00+0200
ES.UNEMPLOYMENT_RATE_M.EUROSTAT,ES,ES,ESP,西班牙,Spain,UNEMPLOYMENT_RATE_M,月度失业率,Monthly unemployment rate,2025-08,M,%,SA,level,10.5,Eurostat,une_rt_m,une_rt_m.M.SA.TOTAL.PC_ACT.T,Monthly unemployment rate,https://ec.europa.eu/eurostat/databrowser/view/une_rt_m/default/table,2026-08-12T23:00:00+0200,final,2026-08-13 18:04:54,2026-08-12T23:00:00+0200
ES.UNEMPLOYMENT_RATE_M.EUROSTAT,ES,ES,ESP,西班牙,Spain,UNEMPLOYMENT_RATE_M,月度失业率,Monthly unemployment rate,2025-09,M,%,SA,level,10.4,Eurostat,une_rt_m,une_rt_m.M.SA.TOTAL.PC_ACT.T,Monthly unemployment rate,https://ec.europa.eu/eurostat/databrowser/view/une_rt_m/default/table,2026-08-12T23:00:00+0200,final,2026-08-13 18:04:54,2026-08-12T23:00:00+0200
ES.UNEMPLOYMENT_RATE_M.EUROSTAT,ES,ES,ESP,西班牙,Spain,UNEMPLOYMENT_RATE_M,月度失业率,Monthly unemployment rate,2025-10,M,%,SA,level,10.2,Eurostat,une_rt_m,une_rt_m.M.SA.TOTAL.PC_ACT.T,Monthly unemployment rate,https://ec.europa.eu/eurostat/databrowser/view/une_rt_m/default/table,2026-08-12T23:00:00+0200,final,2026-08-13 18:04:54,2026-08-12T23:00:00+0200
ES.UNEMPLOYMENT_RATE_M.EUROSTAT,ES,ES,ESP,西班牙,Spain,UNEMPLOYMENT_RATE_M,月度失业率,Monthly unemployment rate,2025-11,M,%,SA,level,10.1,Eurostat,une_rt_m,une_rt_m.M.SA.TOTAL.PC_ACT.T,Monthly unemployment rate,https://ec.europa.eu/eurostat/databrowser/view/une_rt_m/default/table,2026-08-12T23:00:00+0200,final,2026-08-13 18:04:54,2026-08-12T23:00:00+0200
ES.UNEMPLOYMENT_RATE_M.EUROSTAT,ES,ES,ESP,西班牙,Spain,UNEMPLOYMENT_RATE_M,月度失业率,Monthly unemployment rate,2025-12,M,%,SA,level,10.2,Eurostat,une_rt_m,une_rt_m.M.SA.TOTAL.PC_ACT.T,Monthly unemployment rate,https://ec.europa.eu/eurostat/databrowser/view/une_rt_m/default/table,2026-08-12T23:00:00+0200,final,2026-08-13 18:04:54,2026-08-12T23:00:00+0200
ES.UNEMPLOYMENT_RATE_M.EUROSTAT,ES,ES,ESP,西班牙,Spain,UNEMPLOYMENT_RATE_M,月度失业率,Monthly unemployment rate,2026-01,M,%,SA,level,10.3,Eurostat,une_rt_m,une_rt_m.M.SA.TOTAL.PC_ACT.T,Monthly unemployment rate,https://ec.europa.eu/eurostat/databrowser/view/une_rt_m/default/table,2026-08-12T23:00:00+0200,final,2026-08-13 18:04:54,2026-08-12T23:00:00+0200
ES.UNEMPLOYMENT_RATE_M.EUROSTAT,ES,ES,ESP,西班牙,Spain,UNEMPLOYMENT_RATE_M,月度失业率,Monthly unemployment rate,2026-02,M,%,SA,level,10.3,Eurostat,une_rt_m,une_rt_m.M.SA.TOTAL.PC_ACT.T,Monthly unemployment rate,https://ec.europa.eu/eurostat/databrowser/view/une_rt_m/default/table,2026-08-12T23:00:00+0200,final,2026-08-13 18:04:54,2026-08-12T23:00:00+0200
ES.UNEMPLOYMENT_RATE_M.EUROSTAT,ES,ES,ESP,西班牙,Spain,UNEMPLOYMENT_RATE_M,月度失业率,Monthly unemployment rate,2026-03,M,%,SA,level,10.3,Eurostat,une_rt_m,une_rt_m.M.SA.TOTAL.PC_ACT.T,Monthly unemployment rate,https://ec.europa.eu/eurostat/databrowser/view/une_rt_m/default/table,2026-08-12T23:00:00+0200,final,2026-08-13 18:04:54,2026-08-12T23:00:00+0200
ES.UNEMPLOYMENT_RATE_M.EUROSTAT,ES,ES,ESP,西班牙,Spain,UNEMPLOYMENT_RATE_M,月度失业率,Monthly unemployment rate,2026-04,M,%,SA,level,10.2,Eurostat,une_rt_m,une_rt_m.M.SA.TOTAL.PC_ACT.T,Monthly unemployment rate,https://ec.europa.eu/eurostat/databrowser/view/une_rt_m/default/table,2026-08-12T23:00:00+0200,final,2026-08-13 18:04:54,2026-08-12T23:00:00+0200
ES.UNEMPLOYMENT_RATE_M.EUROSTAT,ES,ES,ESP,西班牙,Spain,UNEMPLOYMENT_RATE_M,月度失业率,Monthly unemployment rate,2026-05,M,%,SA,level,10.2,Eurostat,une_rt_m,une_rt_m.M.SA.TOTAL.PC_ACT.T,Monthly unemployment rate,https://ec.europa.eu/eurostat/databrowser/view/une_rt_m/default/table,2026-08-12T23:00:00+0200,final,2026-08-13 18:04:54,2026-08-12T23:00:00+0200
ES.UNEMPLOYMENT_RATE_M.EUROSTAT,ES,ES,ESP,西班牙,Spain,UNEMPLOYMENT_RATE_M,月度失业率,Monthly unemployment rate,2026-06,M,%,SA,level,10.1,Eurostat,une_rt_m,une_rt_m.M.SA.TOTAL.PC_ACT.T,Monthly unemployment rate,https://ec.europa.eu/eurostat/databrowser/view/une_rt_m/default/table,2026-08-12T23:00:00+0200,final,2026-08-13 18:04:54,2026-08-12T23:00:00+0200
FR.UNEMPLOYMENT_RATE_M.EUROSTAT,FR,FR,FRA,法国,France,UNEMPLOYMENT_RATE_M,月度失业率,Monthly unemployment rate,2015-01,M,%,SA,level,10.4,Eurostat,une_rt_m,une_rt_m.M.SA.TOTAL.PC_ACT.T,Monthly unemployment rate,https://ec.europa.eu/eurostat/databrowser/view/une_rt_m/default/table,2026-08-12T23:00:00+0200,final,2026-08-13 18:04:54,2026-08-12T23:00:00+0200
FR.UNEMPLOYMENT_RATE_M.EUROSTAT,FR,FR,FRA,法国,France,UNEMPLOYMENT_RATE_M,月度失业率,Monthly unemployment rate,2015-02,M,%,SA,level,10.3,Eurostat,une_rt_m,une_rt_m.M.SA.TOTAL.PC_ACT.T,Monthly unemployment rate,https://ec.europa.eu/eurostat/databrowser/view/une_rt_m/default/table,2026-08-12T23:00:00+0200,final,2026-08-13 18:04:54,2026-08-12T23:00:00+0200
FR.UNEMPLOYMENT_RATE_M.EUROSTAT,FR,FR,FRA,法国,France,UNEMPLOYMENT_RATE_M,月度失业率,Monthly unemployment rate,2015-03,M,%,SA,level,10.4,Eurostat,une_rt_m,une_rt_m.M.SA.TOTAL.PC_ACT.T,Monthly unemployment rate,https://ec.europa.eu/eurostat/databrowser/view/une_rt_m/default/table,2026-08-12T23:00:00+0200,final,2026-08-13 18:04:54,2026-08-12T23:00:00+0200
FR.UNEMPLOYMENT_RATE_M.EUROSTAT,FR,FR,FRA,法国,France,UNEMPLOYMENT_RATE_M,月度失业率,Monthly unemployment rate,2015-04,M,%,SA,level,10.4,Eurostat,une_rt_m,une_rt_m.M.SA.TOTAL.PC_ACT.T,Monthly unemployment rate,https://ec.europa.eu/eurostat/databrowser/view/une_rt_m/default/table,2026-08-12T23:00:00+0200,final,2026-08-13 18:04:54,2026-08-12T23:00:00+0200
FR.UNEMPLOYMENT_RATE_M.EUROSTAT,FR,FR,FRA,法国,France,UNEMPLOYMENT_RATE_M,月度失业率,Monthly unemployment rate,2015-05,M,%,SA,level,10.5,Eurostat,une_rt_m,une_rt_m.M.SA.TOTAL.PC_ACT.T,Monthly unemployment rate,https://ec.europa.eu/eurostat/databrowser/view/une_rt_m/default/table,2026-08-12T23:00:00+0200,final,2026-08-13 18:04:54,2026-08-12T23:00:00+0200
FR.UNEMPLOYMENT_RATE_M.EUROSTAT,FR,FR,FRA,法国,France,UNEMPLOYMENT_RATE_M,月度失业率,Monthly unemployment rate,2015-06,M,%,SA,level,10.4,Eurostat,une_rt_m,une_rt_m.M.SA.TOTAL.PC_ACT.T,Monthly unemployment rate,https://ec.europa.eu/eurostat/databrowser/view/une_rt_m/default/table,2026-08-12T23:00:00+0200,final,2026-08-13 18:04:54,2026-08-12T23:00:00+0200
FR.UNEMPLOYMENT_RATE_M.EUROSTAT,FR,FR,FRA,法国,France,UNEMPLOYMENT_RATE_M,月度失业率,Monthly unemployment rate,2015-07,M,%,SA,level,10.3,Eurostat,une_rt_m,une_rt_m.M.SA.TOTAL.PC_ACT.T,Monthly unemployment rate,https://ec.europa.eu/eurostat/databrowser/view/une_rt_m/default/table,2026-08-12T23:00:00+0200,final,2026-08-13 18:04:54,2026-08-12T23:00:00+0200
FR.UNEMPLOYMENT_RATE_M.EUROSTAT,FR,FR,FRA,法国,France,UNEMPLOYMENT_RATE_M,月度失业率,Monthly unemployment rate,2015-08,M,%,SA,level,10.3,Eurostat,une_rt_m,une_rt_m.M.SA.TOTAL.PC_ACT.T,Monthly unemployment rate,https://ec.europa.eu/eurostat/databrowser/view/une_rt_m/default/table,2026-08-12T23:00:00+0200,final,2026-08-13 18:04:54,2026-08-12T23:00:00+0200
FR.UNEMPLOYMENT_RATE_M.EUROSTAT,FR,FR,FRA,法国,France,UNEMPLOYMENT_RATE_M,月度失业率,Monthly unemployment rate,2015-09,M,%,SA,level,10.3,Eurostat,une_rt_m,une_rt_m.M.SA.TOTAL.PC_ACT.T,Monthly unemployment rate,https://ec.europa.eu/eurostat/databrowser/view/une_rt_m/default/table,2026-08-12T23:00:00+0200,final,2026-08-13 18:04:54,2026-08-12T23:00:00+0200
FR.UNEMPLOYMENT_RATE_M.EUROSTAT,FR,FR,FRA,法国,France,UNEMPLOYMENT_RATE_M,月度失业率,Monthly unemployment rate,2015-10,M,%,SA,level,10.3,Eurostat,une_rt_m,une_rt_m.M.SA.TOTAL.PC_ACT.T,Monthly unemployment rate,https://ec.europa.eu/eurostat/databrowser/view/une_rt_m/default/table,2026-08-12T23:00:00+0200,final,2026-08-13 18:04:54,2026-08-12T23:00:00+0200
FR.UNEMPLOYMENT_RATE_M.EUROSTAT,FR,FR,FRA,法国,France,UNEMPLOYMENT_RATE_M,月度失业率,Monthly unemployment rate,2015-11,M,%,SA,level,10.3,Eurostat,une_rt_m,une_rt_m.M.SA.TOTAL.PC_ACT.T,Monthly unemployment rate,https://ec.europa.eu/eurostat/databrowser/view/une_rt_m/default/table,2026-08-12T23:00:00+0200,final,2026-08-13 18:04:54,2026-08-12T23:00:00+0200
FR.UNEMPLOYMENT_RATE_M.EUROSTAT,FR,FR,FRA,法国,France,UNEMPLOYMENT_RATE_M,月度失业率,Monthly unemployment rate,2015-12,M,%,SA,level,10.2,Eurostat,une_rt_m,une_rt_m.M.SA.TOTAL.PC_ACT.T,Monthly unemployment rate,https://ec.europa.eu/eurostat/databrowser/view/une_rt_m/default/table,2026-08-12T23:00:00+0200,final,2026-08-13 18:04:54,2026-08-12T23:00:00+0200
FR.UNEMPLOYMENT_RATE_M.EUROSTAT,FR,FR,FRA,法国,France,UNEMPLOYMENT_RATE_M,月度失业率,Monthly unemployment rate,2016-01,M,%,SA,level,10.3,Eurostat,une_rt_m,une_rt_m.M.SA.TOTAL.PC_ACT.T,Monthly unemployment rate,https://ec.europa.eu/eurostat/databrowser/view/une_rt_m/default/table,2026-08-12T23:00:00+0200,final,2026-08-13 18:04:54,2026-08-12T23:00:00+0200
FR.UNEMPLOYMENT_RATE_M.EUROSTAT,FR,FR,FRA,法国,France,UNEMPLOYMENT_RATE_M,月度失业率,Monthly unemployment rate,2016-02,M,%,SA,level,10.4,Eurostat,une_rt_m,une_rt_m.M.SA.TOTAL.PC_ACT.T,Monthly unemployment rate,https://ec.europa.eu/eurostat/databrowser/view/une_rt_m/default/table,2026-08-12T23:00:00+0200,final,2026-08-13 18:04:54,2026-08-12T23:00:00+0200
FR.UNEMPLOYMENT_RATE_M.EUROSTAT,FR,FR,FRA,法国,France,UNEMPLOYMENT_RATE_M,月度失业率,Monthly unemployment rate,2016-03,M,%,SA,level,10.2,Eurostat,une_rt_m,une_rt_m.M.SA.TOTAL.PC_ACT.T,Monthly unemployment rate,https://ec.europa.eu/eurostat/databrowser/view/une_rt_m/default/table,2026-08-12T23:00:00+0200,final,2026-08-13 18:04:54,2026-08-12T23:00:00+0200
FR.UNEMPLOYMENT_RATE_M.EUROSTAT,FR,FR,FRA,法国,France,UNEMPLOYMENT_RATE_M,月度失业率,Monthly unemployment rate,2016-04,M,%,SA,level,10.1,Eurostat,une_rt_m,une_rt_m.M.SA.TOTAL.PC_ACT.T,Monthly unemployment rate,https://ec.europa.eu/eurostat/databrowser/view/une_rt_m/default/table,2026-08-12T23:00:00+0200,final,2026-08-13 18:04:54,2026-08-12T23:00:00+0200
FR.UNEMPLOYMENT_RATE_M.EUROSTAT,FR,FR,FRA,法国,France,UNEMPLOYMENT_RATE_M,月度失业率,Monthly unemployment rate,2016-05,M,%,SA,level,10.0,Eurostat,une_rt_m,une_rt_m.M.SA.TOTAL.PC_ACT.T,Monthly unemployment rate,https://ec.europa.eu/eurostat/databrowser/view/une_rt_m/default/table,2026-08-12T23:00:00+0200,final,2026-08-13 18:04:54,2026-08-12T23:00:00+0200
FR.UNEMPLOYMENT_RATE_M.EUROSTAT,FR,FR,FRA,法国,France,UNEMPLOYMENT_RATE_M,月度失业率,Monthly unemployment rate,2016-06,M,%,SA,level,9.9,Eurostat,une_rt_m,une_rt_m.M.SA.TOTAL.PC_ACT.T,Monthly unemployment rate,https://ec.europa.eu/eurostat/databrowser/view/une_rt_m/default/table,2026-08-12T23:00:00+0200,final,2026-08-13 18:04:54,2026-08-12T23:00:00+0200
FR.UNEMPLOYMENT_RATE_M.EUROSTAT,FR,FR,FRA,法国,France,UNEMPLOYMENT_RATE_M,月度失业率,Monthly unemployment rate,2016-07,M,%,SA,level,9.8,Eurostat,une_rt_m,une_rt_m.M.SA.TOTAL.PC_ACT.T,Monthly unemployment rate,https://ec.europa.eu/eurostat/databrowser/view/une_rt_m/default/table,2026-08-12T23:00:00+0200,final,2026-08-13 18:04:54,2026-08-12T23:00:00+0200
FR.UNEMPLOYMENT_RATE_M.EUROSTAT,FR,FR,FRA,法国,France,UNEMPLOYMENT_RATE_M,月度失业率,Monthly unemployment rate,2016-08,M,%,SA,level,9.9,Eurostat,une_rt_m,une_rt_m.M.SA.TOTAL.PC_ACT.T,Monthly unemployment rate,https://ec.europa.eu/eurostat/databrowser/view/une_rt_m/default/table,2026-08-12T23:00:00+0200,final,2026-08-13 18:04:54,2026-08-12T23:00:00+0200
FR.UNEMPLOYMENT_RATE_M.EUROSTAT,FR,FR,FRA,法国,France,UNEMPLOYMENT_RATE_M,月度失业率,Monthly unemployment rate,2016-09,M,%,SA,level,9.9,Eurostat,une_rt_m,une_rt_m.M.SA.TOTAL.PC_ACT.T,Monthly unemployment rate,https://ec.europa.eu/eurostat/databrowser/view/une_rt_m/default/table,2026-08-12T23:00:00+0200,final,2026-08-13 18:04:54,2026-08-12T23:00:00+0200
FR.UNEMPLOYMENT_RATE_M.EUROSTAT,FR,FR,FRA,法国,France,UNEMPLOYMENT_RATE_M,月度失业率,Monthly unemployment rate,2016-10,M,%,SA,level,10.1,Eurostat,une_rt_m,une_rt_m.M.SA.TOTAL.PC_ACT.T,Monthly unemployment rate,https://ec.europa.eu/eurostat/databrowser/view/une_rt_m/default/table,2026-08-12T23:00:00+0200,final,2026-08-13 18:04:54,2026-08-12T23:00:00+0200
FR.UNEMPLOYMENT_RATE_M.EUROSTAT,FR,FR,FRA,法国,France,UNEMPLOYMENT_RATE_M,月度失业率,Monthly unemployment rate,2016-11,M,%,SA,level,10.1,Eurostat,une_rt_m,une_rt_m.M.SA.TOTAL.PC_ACT.T,Monthly unemployment rate,https://ec.europa.eu/eurostat/databrowser/view/une_rt_m/default/table,2026-08-12T23:00:00+0200,final,2026-08-13 18:04:54,2026-08-12T23:00:00+0200
FR.UNEMPLOYMENT_RATE_M.EUROSTAT,FR,FR,FRA,法国,France,UNEMPLOYMENT_RATE_M,月度失业率,Monthly unemployment rate,2016-12,M,%,SA,level,10.0,Eurostat,une_rt_m,une_rt_m.M.SA.TOTAL.PC_ACT.T,Monthly unemployment rate,https://ec.europa.eu/eurostat/databrowser/view/une_rt_m/default/table,2026-08-12T23:00:00+0200,final,2026-08-13 18:04:54,2026-08-12T23:00:00+0200
FR.UNEMPLOYMENT_RATE_M.EUROSTAT,FR,FR,FRA,法国,France,UNEMPLOYMENT_RATE_M,月度失业率,Monthly unemployment rate,2017-01,M,%,SA,level,9.7,Eurostat,une_rt_m,une_rt_m.M.SA.TOTAL.PC_ACT.T,Monthly unemployment rate,https://ec.europa.eu/eurostat/databrowser/view/une_rt_m/default/table,2026-08-12T23:00:00+0200,final,2026-08-13 18:04:54,2026-08-12T23:00:00+0200
FR.UNEMPLOYMENT_RATE_M.EUROSTAT,FR,FR,FRA,法国,France,UNEMPLOYMENT_RATE_M,月度失业率,Monthly unemployment rate,2017-02,M,%,SA,level,9.6,Eurostat,une_rt_m,une_rt_m.M.SA.TOTAL.PC_ACT.T,Monthly unemployment rate,https://ec.europa.eu/eurostat/databrowser/view/une_rt_m/default/table,2026-08-12T23:00:00+0200,final,2026-08-13 18:04:54,2026-08-12T23:00:00+0200
FR.UNEMPLOYMENT_RATE_M.EUROSTAT,FR,FR,FRA,法国,France,UNEMPLOYMENT_RATE_M,月度失业率,Monthly unemployment rate,2017-03,M,%,SA,level,9.6,Eurostat,une_rt_m,une_rt_m.M.SA.TOTAL.PC_ACT.T,Monthly unemployment rate,https://ec.europa.eu/eurostat/databrowser/view/une_rt_m/default/table,2026-08-12T23:00:00+0200,final,2026-08-13 18:04:54,2026-08-12T23:00:00+0200
FR.UNEMPLOYMENT_RATE_M.EUROSTAT,FR,FR,FRA,法国,France,UNEMPLOYMENT_RATE_M,月度失业率,Monthly unemployment rate,2017-04,M,%,SA,level,9.5,Eurostat,une_rt_m,une_rt_m.M.SA.TOTAL.PC_ACT.T,Monthly unemployment rate,https://ec.europa.eu/eurostat/databrowser/view/une_rt_m/default/table,2026-08-12T23:00:00+0200,final,2026-08-13 18:04:54,2026-08-12T23:00:00+0200
FR.UNEMPLOYMENT_RATE_M.EUROSTAT,FR,FR,FRA,法国,France,UNEMPLOYMENT_RATE_M,月度失业率,Monthly unemployment rate,2017-05,M,%,SA,level,9.5,Eurostat,une_rt_m,une_rt_m.M.SA.TOTAL.PC_ACT.T,Monthly unemployment rate,https://ec.europa.eu/eurostat/databrowser/view/une_rt_m/default/table,2026-08-12T23:00:00+0200,final,2026-08-13 18:04:54,2026-08-12T23:00:00+0200
FR.UNEMPLOYMENT_RATE_M.EUROSTAT,FR,FR,FRA,法国,France,UNEMPLOYMENT_RATE_M,月度失业率,Monthly unemployment rate,2017-06,M,%,SA,level,9.5,Eurostat,une_rt_m,une_rt_m.M.SA.TOTAL.PC_ACT.T,Monthly unemployment rate,https://ec.europa.eu/eurostat/databrowser/view/une_rt_m/default/table,2026-08-12T23:00:00+0200,final,2026-08-13 18:04:54,2026-08-12T23:00:00+0200
FR.UNEMPLOYMENT_RATE_M.EUROSTAT,FR,FR,FRA,法国,France,UNEMPLOYMENT_RATE_M,月度失业率,Monthly unemployment rate,2017-07,M,%,SA,level,9.6,Eurostat,une_rt_m,une_rt_m.M.SA.TOTAL.PC_ACT.T,Monthly unemployment rate,https://ec.europa.eu/eurostat/databrowser/view/une_rt_m/default/table,2026-08-12T23:00:00+0200,final,2026-08-13 18:04:54,2026-08-12T23:00:00+0200
FR.UNEMPLOYMENT_RATE_M.EUROSTAT,FR,FR,FRA,法国,France,UNEMPLOYMENT_RATE_M,月度失业率,Monthly unemployment rate,2017-08,M,%,SA,level,9.5,Eurostat,une_rt_m,une_rt_m.M.SA.TOTAL.PC_ACT.T,Monthly unemployment rate,https://ec.europa.eu/eurostat/databrowser/view/une_rt_m/default/table,2026-08-12T23:00:00+0200,final,2026-08-13 18:04:54,2026-08-12T23:00:00+0200
FR.UNEMPLOYMENT_RATE_M.EUROSTAT,FR,FR,FRA,法国,France,UNEMPLOYMENT_RATE_M,月度失业率,Monthly unemployment rate,2017-09,M,%,SA,level,9.3,Eurostat,une_rt_m,une_rt_m.M.SA.TOTAL.PC_ACT.T,Monthly unemployment rate,https://ec.europa.eu/eurostat/databrowser/view/une_rt_m/default/table,2026-08-12T23:00:00+0200,final,2026-08-13 18:04:54,2026-08-12T23:00:00+0200
FR.UNEMPLOYMENT_RATE_M.EUROSTAT,FR,FR,FRA,法国,France,UNEMPLOYMENT_RATE_M,月度失业率,Monthly unemployment rate,2017-10,M,%,SA,level,9.1,Eurostat,une_rt_m,une_rt_m.M.SA.TOTAL.PC_ACT.T,Monthly unemployment rate,https://ec.europa.eu/eurostat/databrowser/view/une_rt_m/default/table,2026-08-12T23:00:00+0200,final,2026-08-13 18:04:54,2026-08-12T23:00:00+0200
FR.UNEMPLOYMENT_RATE_M.EUROSTAT,FR,FR,FRA,法国,France,UNEMPLOYMENT_RATE_M,月度失业率,Monthly unemployment rate,2017-11,M,%,SA,level,9.0,Eurostat,une_rt_m,une_rt_m.M.SA.TOTAL.PC_ACT.T,Monthly unemployment rate,https://ec.europa.eu/eurostat/databrowser/view/une_rt_m/default/table,2026-08-12T23:00:00+0200,final,2026-08-13 18:04:54,2026-08-12T23:00:00+0200
FR.UNEMPLOYMENT_RATE_M.EUROSTAT,FR,FR,FRA,法国,France,UNEMPLOYMENT_RATE_M,月度失业率,Monthly unemployment rate,2017-12,M,%,SA,level,9.0,Eurostat,une_rt_m,une_rt_m.M.SA.TOTAL.PC_ACT.T,Monthly unemployment rate,https://ec.europa.eu/eurostat/databrowser/view/une_rt_m/default/table,2026-08-12T23:00:00+0200,final,2026-08-13 18:04:54,2026-08-12T23:00:00+0200
FR.UNEMPLOYMENT_RATE_M.EUROSTAT,FR,FR,FRA,法国,France,UNEMPLOYMENT_RATE_M,月度失业率,Monthly unemployment rate,2018-01,M,%,SA,level,9.2,Eurostat,une_rt_m,une_rt_m.M.SA.TOTAL.PC_ACT.T,Monthly unemployment rate,https://ec.europa.eu/eurostat/databrowser/view/une_rt_m/default/table,2026-08-12T23:00:00+0200,final,2026-08-13 18:04:54,2026-08-12T23:00:00+0200
FR.UNEMPLOYMENT_RATE_M.EUROSTAT,FR,FR,FRA,法国,France,UNEMPLOYMENT_RATE_M,月度失业率,Monthly unemployment rate,2018-02,M,%,SA,level,9.3,Eurostat,une_rt_m,une_rt_m.M.SA.TOTAL.PC_ACT.T,Monthly unemployment rate,https://ec.europa.eu/eurostat/databrowser/view/une_rt_m/default/table,2026-08-12T23:00:00+0200,final,2026-08-13 18:04:54,2026-08-12T23:00:00+0200
FR.UNEMPLOYMENT_RATE_M.EUROSTAT,FR,FR,FRA,法国,France,UNEMPLOYMENT_RATE_M,月度失业率,Monthly unemployment rate,2018-03,M,%,SA,level,9.3,Eurostat,une_rt_m,une_rt_m.M.SA.TOTAL.PC_ACT.T,Monthly unemployment rate,https://ec.europa.eu/eurostat/databrowser/view/une_rt_m/default/table,2026-08-12T23:00:00+0200,final,2026-08-13 18:04:54,2026-08-12T23:00:00+0200
FR.UNEMPLOYMENT_RATE_M.EUROSTAT,FR,FR,FRA,法国,France,UNEMPLOYMENT_RATE_M,月度失业率,Monthly unemployment rate,2018-04,M,%,SA,level,9.2,Eurostat,une_rt_m,une_rt_m.M.SA.TOTAL.PC_ACT.T,Monthly unemployment rate,https://ec.europa.eu/eurostat/databrowser/view/une_rt_m/default/table,2026-08-12T23:00:00+0200,final,2026-08-13 18:04:54,2026-08-12T23:00:00+0200
FR.UNEMPLOYMENT_RATE_M.EUROSTAT,FR,FR,FRA,法国,France,UNEMPLOYMENT_RATE_M,月度失业率,Monthly unemployment rate,2018-05,M,%,SA,level,9.1,Eurostat,une_rt_m,une_rt_m.M.SA.TOTAL.PC_ACT.T,Monthly unemployment rate,https://ec.europa.eu/eurostat/databrowser/view/une_rt_m/default/table,2026-08-12T23:00:00+0200,final,2026-08-13 18:04:54,2026-08-12T23:00:00+0200
FR.UNEMPLOYMENT_RATE_M.EUROSTAT,FR,FR,FRA,法国,France,UNEMPLOYMENT_RATE_M,月度失业率,Monthly unemployment rate,2018-06,M,%,SA,level,9.0,Eurostat,une_rt_m,une_rt_m.M.SA.TOTAL.PC_ACT.T,Monthly unemployment rate,https://ec.europa.eu/eurostat/databrowser/view/une_rt_m/default/table,2026-08-12T23:00:00+0200,final,2026-08-13 18:04:54,2026-08-12T23:00:00+0200
FR.UNEMPLOYMENT_RATE_M.EUROSTAT,FR,FR,FRA,法国,France,UNEMPLOYMENT_RATE_M,月度失业率,Monthly unemployment rate,2018-07,M,%,SA,level,9.0,Eurostat,une_rt_m,une_rt_m.M.SA.TOTAL.PC_ACT.T,Monthly unemployment rate,https://ec.europa.eu/eurostat/databrowser/view/une_rt_m/default/table,2026-08-12T23:00:00+0200,final,2026-08-13 18:04:54,2026-08-12T23:00:00+0200
FR.UNEMPLOYMENT_RATE_M.EUROSTAT,FR,FR,FRA,法国,France,UNEMPLOYMENT_RATE_M,月度失业率,Monthly unemployment rate,2018-08,M,%,SA,level,8.9,Eurostat,une_rt_m,une_rt_m.M.SA.TOTAL.PC_ACT.T,Monthly unemployment rate,https://ec.europa.eu/eurostat/databrowser/view/une_rt_m/default/table,2026-08-12T23:00:00+0200,final,2026-08-13 18:04:54,2026-08-12T23:00:00+0200
FR.UNEMPLOYMENT_RATE_M.EUROSTAT,FR,FR,FRA,法国,France,UNEMPLOYMENT_RATE_M,月度失业率,Monthly unemployment rate,2018-09,M,%,SA,level,8.9,Eurostat,une_rt_m,une_rt_m.M.SA.TOTAL.PC_ACT.T,Monthly unemployment rate,https://ec.europa.eu/eurostat/databrowser/view/une_rt_m/default/table,2026-08-12T23:00:00+0200,final,2026-08-13 18:04:54,2026-08-12T23:00:00+0200
FR.UNEMPLOYMENT_RATE_M.EUROSTAT,FR,FR,FRA,法国,France,UNEMPLOYMENT_RATE_M,月度失业率,Monthly unemployment rate,2018-10,M,%,SA,level,8.8,Eurostat,une_rt_m,une_rt_m.M.SA.TOTAL.PC_ACT.T,Monthly unemployment rate,https://ec.europa.eu/eurostat/databrowser/view/une_rt_m/default/table,2026-08-12T23:00:00+0200,final,2026-08-13 18:04:54,2026-08-12T23:00:00+0200
FR.UNEMPLOYMENT_RATE_M.EUROSTAT,FR,FR,FRA,法国,France,UNEMPLOYMENT_RATE_M,月度失业率,Monthly unemployment rate,2018-11,M,%,SA,level,8.7,Eurostat,une_rt_m,une_rt_m.M.SA.TOTAL.PC_ACT.T,Monthly unemployment rate,https://ec.europa.eu/eurostat/databrowser/view/une_rt_m/default/table,2026-08-12T23:00:00+0200,final,2026-08-13 18:04:54,2026-08-12T23:00:00+0200
FR.UNEMPLOYMENT_RATE_M.EUROSTAT,FR,FR,FRA,法国,France,UNEMPLOYMENT_RATE_M,月度失业率,Monthly unemployment rate,2018-12,M,%,SA,level,8.8,Eurostat,une_rt_m,une_rt_m.M.SA.TOTAL.PC_ACT.T,Monthly unemployment rate,https://ec.europa.eu/eurostat/databrowser/view/une_rt_m/default/table,2026-08-12T23:00:00+0200,final,2026-08-13 18:04:54,2026-08-12T23:00:00+0200
FR.UNEMPLOYMENT_RATE_M.EUROSTAT,FR,FR,FRA,法国,France,UNEMPLOYMENT_RATE_M,月度失业率,Monthly unemployment rate,2019-01,M,%,SA,level,8.8,Eurostat,une_rt_m,une_rt_m.M.SA.TOTAL.PC_ACT.T,Monthly unemployment rate,https://ec.europa.eu/eurostat/databrowser/view/une_rt_m/default/table,2026-08-12T23:00:00+0200,final,2026-08-13 18:04:54,2026-08-12T23:00:00+0200
FR.UNEMPLOYMENT_RATE_M.EUROSTAT,FR,FR,FRA,法国,France,UNEMPLOYMENT_RATE_M,月度失业率,Monthly unemployment rate,2019-02,M,%,SA,level,8.7,Eurostat,une_rt_m,une_rt_m.M.SA.TOTAL.PC_ACT.T,Monthly unemployment rate,https://ec.europa.eu/eurostat/databrowser/view/une_rt_m/default/table,2026-08-12T23:00:00+0200,final,2026-08-13 18:04:54,2026-08-12T23:00:00+0200
FR.UNEMPLOYMENT_RATE_M.EUROSTAT,FR,FR,FRA,法国,France,UNEMPLOYMENT_RATE_M,月度失业率,Monthly unemployment rate,2019-03,M,%,SA,level,8.7,Eurostat,une_rt_m,une_rt_m.M.SA.TOTAL.PC_ACT.T,Monthly unemployment rate,https://ec.europa.eu/eurostat/databrowser/view/une_rt_m/default/table,2026-08-12T23:00:00+0200,final,2026-08-13 18:04:54,2026-08-12T23:00:00+0200
FR.UNEMPLOYMENT_RATE_M.EUROSTAT,FR,FR,FRA,法国,France,UNEMPLOYMENT_RATE_M,月度失业率,Monthly unemployment rate,2019-04,M,%,SA,level,8.5,Eurostat,une_rt_m,une_rt_m.M.SA.TOTAL.PC_ACT.T,Monthly unemployment rate,https://ec.europa.eu/eurostat/databrowser/view/une_rt_m/default/table,2026-08-12T23:00:00+0200,final,2026-08-13 18:04:54,2026-08-12T23:00:00+0200
FR.UNEMPLOYMENT_RATE_M.EUROSTAT,FR,FR,FRA,法国,France,UNEMPLOYMENT_RATE_M,月度失业率,Monthly unemployment rate,2019-05,M,%,SA,level,8.5,Eurostat,une_rt_m,une_rt_m.M.SA.TOTAL.PC_ACT.T,Monthly unemployment rate,https://ec.europa.eu/eurostat/databrowser/view/une_rt_m/default/table,2026-08-12T23:00:00+0200,final,2026-08-13 18:04:54,2026-08-12T23:00:00+0200
FR.UNEMPLOYMENT_RATE_M.EUROSTAT,FR,FR,FRA,法国,France,UNEMPLOYMENT_RATE_M,月度失业率,Monthly unemployment rate,2019-06,M,%,SA,level,8.5,Eurostat,une_rt_m,une_rt_m.M.SA.TOTAL.PC_ACT.T,Monthly unemployment rate,https://ec.europa.eu/eurostat/databrowser/view/une_rt_m/default/table,2026-08-12T23:00:00+0200,final,2026-08-13 18:04:54,2026-08-12T23:00:00+0200
FR.UNEMPLOYMENT_RATE_M.EUROSTAT,FR,FR,FRA,法国,France,UNEMPLOYMENT_RATE_M,月度失业率,Monthly unemployment rate,2019-07,M,%,SA,level,8.4,Eurostat,une_rt_m,une_rt_m.M.SA.TOTAL.PC_ACT.T,Monthly unemployment rate,https://ec.europa.eu/eurostat/databrowser/view/une_rt_m/default/table,2026-08-12T23:00:00+0200,final,2026-08-13 18:04:54,2026-08-12T23:00:00+0200
FR.UNEMPLOYMENT_RATE_M.EUROSTAT,FR,FR,FRA,法国,France,UNEMPLOYMENT_RATE_M,月度失业率,Monthly unemployment rate,2019-08,M,%,SA,level,8.3,Eurostat,une_rt_m,une_rt_m.M.SA.TOTAL.PC_ACT.T,Monthly unemployment rate,https://ec.europa.eu/eurostat/databrowser/view/une_rt_m/default/table,2026-08-12T23:00:00+0200,final,2026-08-13 18:04:54,2026-08-12T23:00:00+0200
FR.UNEMPLOYMENT_RATE_M.EUROSTAT,FR,FR,FRA,法国,France,UNEMPLOYMENT_RATE_M,月度失业率,Monthly unemployment rate,2019-09,M,%,SA,level,8.2,Eurostat,une_rt_m,une_rt_m.M.SA.TOTAL.PC_ACT.T,Monthly unemployment rate,https://ec.europa.eu/eurostat/databrowser/view/une_rt_m/default/table,2026-08-12T23:00:00+0200,final,2026-08-13 18:04:54,2026-08-12T23:00:00+0200
FR.UNEMPLOYMENT_RATE_M.EUROSTAT,FR,FR,FRA,法国,France,UNEMPLOYMENT_RATE_M,月度失业率,Monthly unemployment rate,2019-10,M,%,SA,level,8.2,Eurostat,une_rt_m,une_rt_m.M.SA.TOTAL.PC_ACT.T,Monthly unemployment rate,https://ec.europa.eu/eurostat/databrowser/view/une_rt_m/default/table,2026-08-12T23:00:00+0200,final,2026-08-13 18:04:54,2026-08-12T23:00:00+0200
FR.UNEMPLOYMENT_RATE_M.EUROSTAT,FR,FR,FRA,法国,France,UNEMPLOYMENT_RATE_M,月度失业率,Monthly unemployment rate,2019-11,M,%,SA,level,8.2,Eurostat,une_rt_m,une_rt_m.M.SA.TOTAL.PC_ACT.T,Monthly unemployment rate,https://ec.europa.eu/eurostat/databrowser/view/une_rt_m/default/table,2026-08-12T23:00:00+0200,final,2026-08-13 18:04:54,2026-08-12T23:00:00+0200
FR.UNEMPLOYMENT_RATE_M.EUROSTAT,FR,FR,FRA,法国,France,UNEMPLOYMENT_RATE_M,月度失业率,Monthly unemployment rate,2019-12,M,%,SA,level,8.2,Eurostat,une_rt_m,une_rt_m.M.SA.TOTAL.PC_ACT.T,Monthly unemployment rate,https://ec.europa.eu/eurostat/databrowser/view/une_rt_m/default/table,2026-08-12T23:00:00+0200,final,2026-08-13 18:04:54,2026-08-12T23:00:00+0200
FR.UNEMPLOYMENT_RATE_M.EUROSTAT,FR,FR,FRA,法国,France,UNEMPLOYMENT_RATE_M,月度失业率,Monthly unemployment rate,2020-01,M,%,SA,level,8.2,Eurostat,une_rt_m,une_rt_m.M.SA.TOTAL.PC_ACT.T,Monthly unemployment rate,https://ec.europa.eu/eurostat/databrowser/view/une_rt_m/default/table,2026-08-12T23:00:00+0200,final,2026-08-13 18:04:54,2026-08-12T23:00:00+0200
FR.UNEMPLOYMENT_RATE_M.EUROSTAT,FR,FR,FRA,法国,France,UNEMPLOYMENT_RATE_M,月度失业率,Monthly unemployment rate,2020-02,M,%,SA,level,7.8,Eurostat,une_rt_m,une_rt_m.M.SA.TOTAL.PC_ACT.T,Monthly unemployment rate,https://ec.europa.eu/eurostat/databrowser/view/une_rt_m/default/table,2026-08-12T23:00:00+0200,final,2026-08-13 18:04:54,2026-08-12T23:00:00+0200
FR.UNEMPLOYMENT_RATE_M.EUROSTAT,FR,FR,FRA,法国,France,UNEMPLOYMENT_RATE_M,月度失业率,Monthly unemployment rate,2020-03,M,%,SA,level,7.6,Eurostat,une_rt_m,une_rt_m.M.SA.TOTAL.PC_ACT.T,Monthly unemployment rate,https://ec.europa.eu/eurostat/databrowser/view/une_rt_m/default/table,2026-08-12T23:00:00+0200,final,2026-08-13 18:04:54,2026-08-12T23:00:00+0200
FR.UNEMPLOYMENT_RATE_M.EUROSTAT,FR,FR,FRA,法国,France,UNEMPLOYMENT_RATE_M,月度失业率,Monthly unemployment rate,2020-04,M,%,SA,level,7.6,Eurostat,une_rt_m,une_rt_m.M.SA.TOTAL.PC_ACT.T,Monthly unemployment rate,https://ec.europa.eu/eurostat/databrowser/view/une_rt_m/default/table,2026-08-12T23:00:00+0200,final,2026-08-13 18:04:54,2026-08-12T23:00:00+0200
FR.UNEMPLOYMENT_RATE_M.EUROSTAT,FR,FR,FRA,法国,France,UNEMPLOYMENT_RATE_M,月度失业率,Monthly unemployment rate,2020-05,M,%,SA,level,6.9,Eurostat,une_rt_m,une_rt_m.M.SA.TOTAL.PC_ACT.T,Monthly unemployment rate,https://ec.europa.eu/eurostat/databrowser/view/une_rt_m/default/table,2026-08-12T23:00:00+0200,final,2026-08-13 18:04:54,2026-08-12T23:00:00+0200
FR.UNEMPLOYMENT_RATE_M.EUROSTAT,FR,FR,FRA,法国,France,UNEMPLOYMENT_RATE_M,月度失业率,Monthly unemployment rate,2020-06,M,%,SA,level,7.4,Eurostat,une_rt_m,une_rt_m.M.SA.TOTAL.PC_ACT.T,Monthly unemployment rate,https://ec.europa.eu/eurostat/databrowser/view/une_rt_m/default/table,2026-08-12T23:00:00+0200,final,2026-08-13 18:04:54,2026-08-12T23:00:00+0200
FR.UNEMPLOYMENT_RATE_M.EUROSTAT,FR,FR,FRA,法国,France,UNEMPLOYMENT_RATE_M,月度失业率,Monthly unemployment rate,2020-07,M,%,SA,level,8.6,Eurostat,une_rt_m,une_rt_m.M.SA.TOTAL.PC_ACT.T,Monthly unemployment rate,https://ec.europa.eu/eurostat/databrowser/view/une_rt_m/default/table,2026-08-12T23:00:00+0200,final,2026-08-13 18:04:54,2026-08-12T23:00:00+0200
FR.UNEMPLOYMENT_RATE_M.EUROSTAT,FR,FR,FRA,法国,France,UNEMPLOYMENT_RATE_M,月度失业率,Monthly unemployment rate,2020-08,M,%,SA,level,9.1,Eurostat,une_rt_m,une_rt_m.M.SA.TOTAL.PC_ACT.T,Monthly unemployment rate,https://ec.europa.eu/eurostat/databrowser/view/une_rt_m/default/table,2026-08-12T23:00:00+0200,final,2026-08-13 18:04:54,2026-08-12T23:00:00+0200
FR.UNEMPLOYMENT_RATE_M.EUROSTAT,FR,FR,FRA,法国,France,UNEMPLOYMENT_RATE_M,月度失业率,Monthly unemployment rate,2020-09,M,%,SA,level,9.0,Eurostat,une_rt_m,une_rt_m.M.SA.TOTAL.PC_ACT.T,Monthly unemployment rate,https://ec.europa.eu/eurostat/databrowser/view/une_rt_m/default/table,2026-08-12T23:00:00+0200,final,2026-08-13 18:04:54,2026-08-12T23:00:00+0200
FR.UNEMPLOYMENT_RATE_M.EUROSTAT,FR,FR,FRA,法国,France,UNEMPLOYMENT_RATE_M,月度失业率,Monthly unemployment rate,2020-10,M,%,SA,level,8.3,Eurostat,une_rt_m,une_rt_m.M.SA.TOTAL.PC_ACT.T,Monthly unemployment rate,https://ec.europa.eu/eurostat/databrowser/view/une_rt_m/default/table,2026-08-12T23:00:00+0200,final,2026-08-13 18:04:54,2026-08-12T23:00:00+0200
FR.UNEMPLOYMENT_RATE_M.EUROSTAT,FR,FR,FRA,法国,France,UNEMPLOYMENT_RATE_M,月度失业率,Monthly unemployment rate,2020-11,M,%,SA,level,8.1,Eurostat,une_rt_m,une_rt_m.M.SA.TOTAL.PC_ACT.T,Monthly unemployment rate,https://ec.europa.eu/eurostat/databrowser/view/une_rt_m/default/table,2026-08-12T23:00:00+0200,final,2026-08-13 18:04:54,2026-08-12T23:00:00+0200
FR.UNEMPLOYMENT_RATE_M.EUROSTAT,FR,FR,FRA,法国,France,UNEMPLOYMENT_RATE_M,月度失业率,Monthly unemployment rate,2020-12,M,%,SA,level,7.9,Eurostat,une_rt_m,une_rt_m.M.SA.TOTAL.PC_ACT.T,Monthly unemployment rate,https://ec.europa.eu/eurostat/databrowser/view/une_rt_m/default/table,2026-08-12T23:00:00+0200,final,2026-08-13 18:04:54,2026-08-12T23:00:00+0200
FR.UNEMPLOYMENT_RATE_M.EUROSTAT,FR,FR,FRA,法国,France,UNEMPLOYMENT_RATE_M,月度失业率,Monthly unemployment rate,2021-01,M,%,SA,level,8.0,Eurostat,une_rt_m,une_rt_m.M.SA.TOTAL.PC_ACT.T,Monthly unemployment rate,https://ec.europa.eu/eurostat/databrowser/view/une_rt_m/default/table,2026-08-12T23:00:00+0200,final,2026-08-13 18:04:54,2026-08-12T23:00:00+0200
FR.UNEMPLOYMENT_RATE_M.EUROSTAT,FR,FR,FRA,法国,France,UNEMPLOYMENT_RATE_M,月度失业率,Monthly unemployment rate,2021-02,M,%,SA,level,8.2,Eurostat,une_rt_m,une_rt_m.M.SA.TOTAL.PC_ACT.T,Monthly unemployment rate,https://ec.europa.eu/eurostat/databrowser/view/une_rt_m/default/table,2026-08-12T23:00:00+0200,final,2026-08-13 18:04:54,2026-08-12T23:00:00+0200
FR.UNEMPLOYMENT_RATE_M.EUROSTAT,FR,FR,FRA,法国,France,UNEMPLOYMENT_RATE_M,月度失业率,Monthly unemployment rate,2021-03,M,%,SA,level,8.2,Eurostat,une_rt_m,une_rt_m.M.SA.TOTAL.PC_ACT.T,Monthly unemployment rate,https://ec.europa.eu/eurostat/databrowser/view/une_rt_m/default/table,2026-08-12T23:00:00+0200,final,2026-08-13 18:04:54,2026-08-12T23:00:00+0200
FR.UNEMPLOYMENT_RATE_M.EUROSTAT,FR,FR,FRA,法国,France,UNEMPLOYMENT_RATE_M,月度失业率,Monthly unemployment rate,2021-04,M,%,SA,level,8.2,Eurostat,une_rt_m,une_rt_m.M.SA.TOTAL.PC_ACT.T,Monthly unemployment rate,https://ec.europa.eu/eurostat/databrowser/view/une_rt_m/default/table,2026-08-12T23:00:00+0200,final,2026-08-13 18:04:54,2026-08-12T23:00:00+0200
FR.UNEMPLOYMENT_RATE_M.EUROSTAT,FR,FR,FRA,法国,France,UNEMPLOYMENT_RATE_M,月度失业率,Monthly unemployment rate,2021-05,M,%,SA,level,8.0,Eurostat,une_rt_m,une_rt_m.M.SA.TOTAL.PC_ACT.T,Monthly unemployment rate,https://ec.europa.eu/eurostat/databrowser/view/une_rt_m/default/table,2026-08-12T23:00:00+0200,final,2026-08-13 18:04:54,2026-08-12T23:00:00+0200
FR.UNEMPLOYMENT_RATE_M.EUROSTAT,FR,FR,FRA,法国,France,UNEMPLOYMENT_RATE_M,月度失业率,Monthly unemployment rate,2021-06,M,%,SA,level,7.9,Eurostat,une_rt_m,une_rt_m.M.SA.TOTAL.PC_ACT.T,Monthly unemployment rate,https://ec.europa.eu/eurostat/databrowser/view/une_rt_m/default/table,2026-08-12T23:00:00+0200,final,2026-08-13 18:04:54,2026-08-12T23:00:00+0200
FR.UNEMPLOYMENT_RATE_M.EUROSTAT,FR,FR,FRA,法国,France,UNEMPLOYMENT_RATE_M,月度失业率,Monthly unemployment rate,2021-07,M,%,SA,level,8.0,Eurostat,une_rt_m,une_rt_m.M.SA.TOTAL.PC_ACT.T,Monthly unemployment rate,https://ec.europa.eu/eurostat/databrowser/view/une_rt_m/default/table,2026-08-12T23:00:00+0200,final,2026-08-13 18:04:54,2026-08-12T23:00:00+0200
FR.UNEMPLOYMENT_RATE_M.EUROSTAT,FR,FR,FRA,法国,France,UNEMPLOYMENT_RATE_M,月度失业率,Monthly unemployment rate,2021-08,M,%,SA,level,7.9,Eurostat,une_rt_m,une_rt_m.M.SA.TOTAL.PC_ACT.T,Monthly unemployment rate,https://ec.europa.eu/eurostat/databrowser/view/une_rt_m/default/table,2026-08-12T23:00:00+0200,final,2026-08-13 18:04:54,2026-08-12T23:00:00+0200
FR.UNEMPLOYMENT_RATE_M.EUROSTAT,FR,FR,FRA,法国,France,UNEMPLOYMENT_RATE_M,月度失业率,Monthly unemployment rate,2021-09,M,%,SA,level,7.7,Eurostat,une_rt_m,une_rt_m.M.SA.TOTAL.PC_ACT.T,Monthly unemployment rate,https://ec.europa.eu/eurostat/databrowser/view/une_rt_m/default/table,2026-08-12T23:00:00+0200,final,2026-08-13 18:04:54,2026-08-12T23:00:00+0200
FR.UNEMPLOYMENT_RATE_M.EUROSTAT,FR,FR,FRA,法国,France,UNEMPLOYMENT_RATE_M,月度失业率,Monthly unemployment rate,2021-10,M,%,SA,level,7.5,Eurostat,une_rt_m,une_rt_m.M.SA.TOTAL.PC_ACT.T,Monthly unemployment rate,https://ec.europa.eu/eurostat/databrowser/view/une_rt_m/default/table,2026-08-12T23:00:00+0200,final,2026-08-13 18:04:54,2026-08-12T23:00:00+0200
FR.UNEMPLOYMENT_RATE_M.EUROSTAT,FR,FR,FRA,法国,France,UNEMPLOYMENT_RATE_M,月度失业率,Monthly unemployment rate,2021-11,M,%,SA,level,7.4,Eurostat,une_rt_m,une_rt_m.M.SA.TOTAL.PC_ACT.T,Monthly unemployment rate,https://ec.europa.eu/eurostat/databrowser/view/une_rt_m/default/table,2026-08-12T23:00:00+0200,final,2026-08-13 18:04:54,2026-08-12T23:00:00+0200
FR.UNEMPLOYMENT_RATE_M.EUROSTAT,FR,FR,FRA,法国,France,UNEMPLOYMENT_RATE_M,月度失业率,Monthly unemployment rate,2021-12,M,%,SA,level,7.4,Eurostat,une_rt_m,une_rt_m.M.SA.TOTAL.PC_ACT.T,Monthly unemployment rate,https://ec.europa.eu/eurostat/databrowser/view/une_rt_m/default/table,2026-08-12T23:00:00+0200,final,2026-08-13 18:04:54,2026-08-12T23:00:00+0200
FR.UNEMPLOYMENT_RATE_M.EUROSTAT,FR,FR,FRA,法国,France,UNEMPLOYMENT_RATE_M,月度失业率,Monthly unemployment rate,2022-01,M,%,SA,level,7.3,Eurostat,une_rt_m,une_rt_m.M.SA.TOTAL.PC_ACT.T,Monthly unemployment rate,https://ec.europa.eu/eurostat/databrowser/view/une_rt_m/default/table,2026-08-12T23:00:00+0200,final,2026-08-13 18:04:54,2026-08-12T23:00:00+0200
FR.UNEMPLOYMENT_RATE_M.EUROSTAT,FR,FR,FRA,法国,France,UNEMPLOYMENT_RATE_M,月度失业率,Monthly unemployment rate,2022-02,M,%,SA,level,7.3,Eurostat,une_rt_m,une_rt_m.M.SA.TOTAL.PC_ACT.T,Monthly unemployment rate,https://ec.europa.eu/eurostat/databrowser/view/une_rt_m/default/table,2026-08-12T23:00:00+0200,final,2026-08-13 18:04:54,2026-08-12T23:00:00+0200
FR.UNEMPLOYMENT_RATE_M.EUROSTAT,FR,FR,FRA,法国,France,UNEMPLOYMENT_RATE_M,月度失业率,Monthly unemployment rate,2022-03,M,%,SA,level,7.4,Eurostat,une_rt_m,une_rt_m.M.SA.TOTAL.PC_ACT.T,Monthly unemployment rate,https://ec.europa.eu/eurostat/databrowser/view/une_rt_m/default/table,2026-08-12T23:00:00+0200,final,2026-08-13 18:04:54,2026-08-12T23:00:00+0200
FR.UNEMPLOYMENT_RATE_M.EUROSTAT,FR,FR,FRA,法国,France,UNEMPLOYMENT_RATE_M,月度失业率,Monthly unemployment rate,2022-04,M,%,SA,level,7.5,Eurostat,une_rt_m,une_rt_m.M.SA.TOTAL.PC_ACT.T,Monthly unemployment rate,https://ec.europa.eu/eurostat/databrowser/view/une_rt_m/default/table,2026-08-12T23:00:00+0200,final,2026-08-13 18:04:54,2026-08-12T23:00:00+0200
FR.UNEMPLOYMENT_RATE_M.EUROSTAT,FR,FR,FRA,法国,France,UNEMPLOYMENT_RATE_M,月度失业率,Monthly unemployment rate,2022-05,M,%,SA,level,7.5,Eurostat,une_rt_m,une_rt_m.M.SA.TOTAL.PC_ACT.T,Monthly unemployment rate,https://ec.europa.eu/eurostat/databrowser/view/une_rt_m/default/table,2026-08-12T23:00:00+0200,final,2026-08-13 18:04:54,2026-08-12T23:00:00+0200
FR.UNEMPLOYMENT_RATE_M.EUROSTAT,FR,FR,FRA,法国,France,UNEMPLOYMENT_RATE_M,月度失业率,Monthly unemployment rate,2022-06,M,%,SA,level,7.5,Eurostat,une_rt_m,une_rt_m.M.SA.TOTAL.PC_ACT.T,Monthly unemployment rate,https://ec.europa.eu/eurostat/databrowser/view/une_rt_m/default/table,2026-08-12T23:00:00+0200,final,2026-08-13 18:04:54,2026-08-12T23:00:00+0200
FR.UNEMPLOYMENT_RATE_M.EUROSTAT,FR,FR,FRA,法国,France,UNEMPLOYMENT_RATE_M,月度失业率,Monthly unemployment rate,2022-07,M,%,SA,level,7.3,Eurostat,une_rt_m,une_rt_m.M.SA.TOTAL.PC_ACT.T,Monthly unemployment rate,https://ec.europa.eu/eurostat/databrowser/view/une_rt_m/default/table,2026-08-12T23:00:00+0200,final,2026-08-13 18:04:54,2026-08-12T23:00:00+0200
FR.UNEMPLOYMENT_RATE_M.EUROSTAT,FR,FR,FRA,法国,France,UNEMPLOYMENT_RATE_M,月度失业率,Monthly unemployment rate,2022-08,M,%,SA,level,7.2,Eurostat,une_rt_m,une_rt_m.M.SA.TOTAL.PC_ACT.T,Monthly unemployment rate,https://ec.europa.eu/eurostat/databrowser/view/une_rt_m/default/table,2026-08-12T23:00:00+0200,final,2026-08-13 18:04:54,2026-08-12T23:00:00+0200
FR.UNEMPLOYMENT_RATE_M.EUROSTAT,FR,FR,FRA,法国,France,UNEMPLOYMENT_RATE_M,月度失业率,Monthly unemployment rate,2022-09,M,%,SA,level,7.1,Eurostat,une_rt_m,une_rt_m.M.SA.TOTAL.PC_ACT.T,Monthly unemployment rate,https://ec.europa.eu/eurostat/databrowser/view/une_rt_m/default/table,2026-08-12T23:00:00+0200,final,2026-08-13 18:04:54,2026-08-12T23:00:00+0200
FR.UNEMPLOYMENT_RATE_M.EUROSTAT,FR,FR,FRA,法国,France,UNEMPLOYMENT_RATE_M,月度失业率,Monthly unemployment rate,2022-10,M,%,SA,level,7.2,Eurostat,une_rt_m,une_rt_m.M.SA.TOTAL.PC_ACT.T,Monthly unemployment rate,https://ec.europa.eu/eurostat/databrowser/view/une_rt_m/default/table,2026-08-12T23:00:00+0200,final,2026-08-13 18:04:54,2026-08-12T23:00:00+0200
FR.UNEMPLOYMENT_RATE_M.EUROSTAT,FR,FR,FRA,法国,France,UNEMPLOYMENT_RATE_M,月度失业率,Monthly unemployment rate,2022-11,M,%,SA,level,7.1,Eurostat,une_rt_m,une_rt_m.M.SA.TOTAL.PC_ACT.T,Monthly unemployment rate,https://ec.europa.eu/eurostat/databrowser/view/une_rt_m/default/table,2026-08-12T23:00:00+0200,final,2026-08-13 18:04:54,2026-08-12T23:00:00+0200
FR.UNEMPLOYMENT_RATE_M.EUROSTAT,FR,FR,FRA,法国,France,UNEMPLOYMENT_RATE_M,月度失业率,Monthly unemployment rate,2022-12,M,%,SA,level,7.2,Eurostat,une_rt_m,une_rt_m.M.SA.TOTAL.PC_ACT.T,Monthly unemployment rate,https://ec.europa.eu/eurostat/databrowser/view/une_rt_m/default/table,2026-08-12T23:00:00+0200,final,2026-08-13 18:04:54,2026-08-12T23:00:00+0200
FR.UNEMPLOYMENT_RATE_M.EUROSTAT,FR,FR,FRA,法国,France,UNEMPLOYMENT_RATE_M,月度失业率,Monthly unemployment rate,2023-01,M,%,SA,level,7.1,Eurostat,une_rt_m,une_rt_m.M.SA.TOTAL.PC_ACT.T,Monthly unemployment rate,https://ec.europa.eu/eurostat/databrowser/view/une_rt_m/default/table,2026-08-12T23:00:00+0200,final,2026-08-13 18:04:54,2026-08-12T23:00:00+0200
FR.UNEMPLOYMENT_RATE_M.EUROSTAT,FR,FR,FRA,法国,France,UNEMPLOYMENT_RATE_M,月度失业率,Monthly unemployment rate,2023-02,M,%,SA,level,7.1,Eurostat,une_rt_m,une_rt_m.M.SA.TOTAL.PC_ACT.T,Monthly unemployment rate,https://ec.europa.eu/eurostat/databrowser/view/une_rt_m/default/table,2026-08-12T23:00:00+0200,final,2026-08-13 18:04:54,2026-08-12T23:00:00+0200
FR.UNEMPLOYMENT_RATE_M.EUROSTAT,FR,FR,FRA,法国,France,UNEMPLOYMENT_RATE_M,月度失业率,Monthly unemployment rate,2023-03,M,%,SA,level,7.1,Eurostat,une_rt_m,une_rt_m.M.SA.TOTAL.PC_ACT.T,Monthly unemployment rate,https://ec.europa.eu/eurostat/databrowser/view/une_rt_m/default/table,2026-08-12T23:00:00+0200,final,2026-08-13 18:04:54,2026-08-12T23:00:00+0200
FR.UNEMPLOYMENT_RATE_M.EUROSTAT,FR,FR,FRA,法国,France,UNEMPLOYMENT_RATE_M,月度失业率,Monthly unemployment rate,2023-04,M,%,SA,level,7.3,Eurostat,une_rt_m,une_rt_m.M.SA.TOTAL.PC_ACT.T,Monthly unemployment rate,https://ec.europa.eu/eurostat/databrowser/view/une_rt_m/default/table,2026-08-12T23:00:00+0200,final,2026-08-13 18:04:54,2026-08-12T23:00:00+0200
FR.UNEMPLOYMENT_RATE_M.EUROSTAT,FR,FR,FRA,法国,France,UNEMPLOYMENT_RATE_M,月度失业率,Monthly unemployment rate,2023-05,M,%,SA,level,7.3,Eurostat,une_rt_m,une_rt_m.M.SA.TOTAL.PC_ACT.T,Monthly unemployment rate,https://ec.europa.eu/eurostat/databrowser/view/une_rt_m/default/table,2026-08-12T23:00:00+0200,final,2026-08-13 18:04:54,2026-08-12T23:00:00+0200
FR.UNEMPLOYMENT_RATE_M.EUROSTAT,FR,FR,FRA,法国,France,UNEMPLOYMENT_RATE_M,月度失业率,Monthly unemployment rate,2023-06,M,%,SA,level,7.3,Eurostat,une_rt_m,une_rt_m.M.SA.TOTAL.PC_ACT.T,Monthly unemployment rate,https://ec.europa.eu/eurostat/databrowser/view/une_rt_m/default/table,2026-08-12T23:00:00+0200,final,2026-08-13 18:04:54,2026-08-12T23:00:00+0200
FR.UNEMPLOYMENT_RATE_M.EUROSTAT,FR,FR,FRA,法国,France,UNEMPLOYMENT_RATE_M,月度失业率,Monthly unemployment rate,2023-07,M,%,SA,level,7.4,Eurostat,une_rt_m,une_rt_m.M.SA.TOTAL.PC_ACT.T,Monthly unemployment rate,https://ec.europa.eu/eurostat/databrowser/view/une_rt_m/default/table,2026-08-12T23:00:00+0200,final,2026-08-13 18:04:54,2026-08-12T23:00:00+0200
FR.UNEMPLOYMENT_RATE_M.EUROSTAT,FR,FR,FRA,法国,France,UNEMPLOYMENT_RATE_M,月度失业率,Monthly unemployment rate,2023-08,M,%,SA,level,7.4,Eurostat,une_rt_m,une_rt_m.M.SA.TOTAL.PC_ACT.T,Monthly unemployment rate,https://ec.europa.eu/eurostat/databrowser/view/une_rt_m/default/table,2026-08-12T23:00:00+0200,final,2026-08-13 18:04:54,2026-08-12T23:00:00+0200
FR.UNEMPLOYMENT_RATE_M.EUROSTAT,FR,FR,FRA,法国,France,UNEMPLOYMENT_RATE_M,月度失业率,Monthly unemployment rate,2023-09,M,%,SA,level,7.4,Eurostat,une_rt_m,une_rt_m.M.SA.TOTAL.PC_ACT.T,Monthly unemployment rate,https://ec.europa.eu/eurostat/databrowser/view/une_rt_m/default/table,2026-08-12T23:00:00+0200,final,2026-08-13 18:04:54,2026-08-12T23:00:00+0200
FR.UNEMPLOYMENT_RATE_M.EUROSTAT,FR,FR,FRA,法国,France,UNEMPLOYMENT_RATE_M,月度失业率,Monthly unemployment rate,2023-10,M,%,SA,level,7.5,Eurostat,une_rt_m,une_rt_m.M.SA.TOTAL.PC_ACT.T,Monthly unemployment rate,https://ec.europa.eu/eurostat/databrowser/view/une_rt_m/default/table,2026-08-12T23:00:00+0200,final,2026-08-13 18:04:54,2026-08-12T23:00:00+0200
FR.UNEMPLOYMENT_RATE_M.EUROSTAT,FR,FR,FRA,法国,France,UNEMPLOYMENT_RATE_M,月度失业率,Monthly unemployment rate,2023-11,M,%,SA,level,7.6,Eurostat,une_rt_m,une_rt_m.M.SA.TOTAL.PC_ACT.T,Monthly unemployment rate,https://ec.europa.eu/eurostat/databrowser/view/une_rt_m/default/table,2026-08-12T23:00:00+0200,final,2026-08-13 18:04:54,2026-08-12T23:00:00+0200
FR.UNEMPLOYMENT_RATE_M.EUROSTAT,FR,FR,FRA,法国,France,UNEMPLOYMENT_RATE_M,月度失业率,Monthly unemployment rate,2023-12,M,%,SA,level,7.6,Eurostat,une_rt_m,une_rt_m.M.SA.TOTAL.PC_ACT.T,Monthly unemployment rate,https://ec.europa.eu/eurostat/databrowser/view/une_rt_m/default/table,2026-08-12T23:00:00+0200,final,2026-08-13 18:04:54,2026-08-12T23:00:00+0200
FR.UNEMPLOYMENT_RATE_M.EUROSTAT,FR,FR,FRA,法国,France,UNEMPLOYMENT_RATE_M,月度失业率,Monthly unemployment rate,2024-01,M,%,SA,level,7.6,Eurostat,une_rt_m,une_rt_m.M.SA.TOTAL.PC_ACT.T,Monthly unemployment rate,https://ec.europa.eu/eurostat/databrowser/view/une_rt_m/default/table,2026-08-12T23:00:00+0200,final,2026-08-13 18:04:54,2026-08-12T23:00:00+0200
FR.UNEMPLOYMENT_RATE_M.EUROSTAT,FR,FR,FRA,法国,France,UNEMPLOYMENT_RATE_M,月度失业率,Monthly unemployment rate,2024-02,M,%,SA,level,7.5,Eurostat,une_rt_m,une_rt_m.M.SA.TOTAL.PC_ACT.T,Monthly unemployment rate,https://ec.europa.eu/eurostat/databrowser/view/une_rt_m/default/table,2026-08-12T23:00:00+0200,final,2026-08-13 18:04:54,2026-08-12T23:00:00+0200
FR.UNEMPLOYMENT_RATE_M.EUROSTAT,FR,FR,FRA,法国,France,UNEMPLOYMENT_RATE_M,月度失业率,Monthly unemployment rate,2024-03,M,%,SA,level,7.4,Eurostat,une_rt_m,une_rt_m.M.SA.TOTAL.PC_ACT.T,Monthly unemployment rate,https://ec.europa.eu/eurostat/databrowser/view/une_rt_m/default/table,2026-08-12T23:00:00+0200,final,2026-08-13 18:04:54,2026-08-12T23:00:00+0200
FR.UNEMPLOYMENT_RATE_M.EUROSTAT,FR,FR,FRA,法国,France,UNEMPLOYMENT_RATE_M,月度失业率,Monthly unemployment rate,2024-04,M,%,SA,level,7.4,Eurostat,une_rt_m,une_rt_m.M.SA.TOTAL.PC_ACT.T,Monthly unemployment rate,https://ec.europa.eu/eurostat/databrowser/view/une_rt_m/default/table,2026-08-12T23:00:00+0200,final,2026-08-13 18:04:54,2026-08-12T23:00:00+0200
FR.UNEMPLOYMENT_RATE_M.EUROSTAT,FR,FR,FRA,法国,France,UNEMPLOYMENT_RATE_M,月度失业率,Monthly unemployment rate,2024-05,M,%,SA,level,7.4,Eurostat,une_rt_m,une_rt_m.M.SA.TOTAL.PC_ACT.T,Monthly unemployment rate,https://ec.europa.eu/eurostat/databrowser/view/une_rt_m/default/table,2026-08-12T23:00:00+0200,final,2026-08-13 18:04:54,2026-08-12T23:00:00+0200
FR.UNEMPLOYMENT_RATE_M.EUROSTAT,FR,FR,FRA,法国,France,UNEMPLOYMENT_RATE_M,月度失业率,Monthly unemployment rate,2024-06,M,%,SA,level,7.5,Eurostat,une_rt_m,une_rt_m.M.SA.TOTAL.PC_ACT.T,Monthly unemployment rate,https://ec.europa.eu/eurostat/databrowser/view/une_rt_m/default/table,2026-08-12T23:00:00+0200,final,2026-08-13 18:04:54,2026-08-12T23:00:00+0200
FR.UNEMPLOYMENT_RATE_M.EUROSTAT,FR,FR,FRA,法国,France,UNEMPLOYMENT_RATE_M,月度失业率,Monthly unemployment rate,2024-07,M,%,SA,level,7.5,Eurostat,une_rt_m,une_rt_m.M.SA.TOTAL.PC_ACT.T,Monthly unemployment rate,https://ec.europa.eu/eurostat/databrowser/view/une_rt_m/default/table,2026-08-12T23:00:00+0200,final,2026-08-13 18:04:54,2026-08-12T23:00:00+0200
FR.UNEMPLOYMENT_RATE_M.EUROSTAT,FR,FR,FRA,法国,France,UNEMPLOYMENT_RATE_M,月度失业率,Monthly unemployment rate,2024-08,M,%,SA,level,7.5,Eurostat,une_rt_m,une_rt_m.M.SA.TOTAL.PC_ACT.T,Monthly unemployment rate,https://ec.europa.eu/eurostat/databrowser/view/une_rt_m/default/table,2026-08-12T23:00:00+0200,final,2026-08-13 18:04:54,2026-08-12T23:00:00+0200
FR.UNEMPLOYMENT_RATE_M.EUROSTAT,FR,FR,FRA,法国,France,UNEMPLOYMENT_RATE_M,月度失业率,Monthly unemployment rate,2024-09,M,%,SA,level,7.5,Eurostat,une_rt_m,une_rt_m.M.SA.TOTAL.PC_ACT.T,Monthly unemployment rate,https://ec.europa.eu/eurostat/databrowser/view/une_rt_m/default/table,2026-08-12T23:00:00+0200,final,2026-08-13 18:04:54,2026-08-12T23:00:00+0200
FR.UNEMPLOYMENT_RATE_M.EUROSTAT,FR,FR,FRA,法国,France,UNEMPLOYMENT_RATE_M,月度失业率,Monthly unemployment rate,2024-10,M,%,SA,level,7.4,Eurostat,une_rt_m,une_rt_m.M.SA.TOTAL.PC_ACT.T,Monthly unemployment rate,https://ec.europa.eu/eurostat/databrowser/view/une_rt_m/default/table,2026-08-12T23:00:00+0200,final,2026-08-13 18:04:54,2026-08-12T23:00:00+0200
FR.UNEMPLOYMENT_RATE_M.EUROSTAT,FR,FR,FRA,法国,France,UNEMPLOYMENT_RATE_M,月度失业率,Monthly unemployment rate,2024-11,M,%,SA,level,7.4,Eurostat,une_rt_m,une_rt_m.M.SA.TOTAL.PC_ACT.T,Monthly unemployment rate,https://ec.europa.eu/eurostat/databrowser/view/une_rt_m/default/table,2026-08-12T23:00:00+0200,final,2026-08-13 18:04:54,2026-08-12T23:00:00+0200
FR.UNEMPLOYMENT_RATE_M.EUROSTAT,FR,FR,FRA,法国,France,UNEMPLOYMENT_RATE_M,月度失业率,Monthly unemployment rate,2024-12,M,%,SA,level,7.3,Eurostat,une_rt_m,une_rt_m.M.SA.TOTAL.PC_ACT.T,Monthly unemployment rate,https://ec.europa.eu/eurostat/databrowser/view/une_rt_m/default/table,2026-08-12T23:00:00+0200,final,2026-08-13 18:04:54,2026-08-12T23:00:00+0200
FR.UNEMPLOYMENT_RATE_M.EUROSTAT,FR,FR,FRA,法国,France,UNEMPLOYMENT_RATE_M,月度失业率,Monthly unemployment rate,2025-01,M,%,SA,level,7.3,Eurostat,une_rt_m,une_rt_m.M.SA.TOTAL.PC_ACT.T,Monthly unemployment rate,https://ec.europa.eu/eurostat/databrowser/view/une_rt_m/default/table,2026-08-12T23:00:00+0200,final,2026-08-13 18:04:54,2026-08-12T23:00:00+0200
FR.UNEMPLOYMENT_RATE_M.EUROSTAT,FR,FR,FRA,法国,France,UNEMPLOYMENT_RATE_M,月度失业率,Monthly unemployment rate,2025-02,M,%,SA,level,7.5,Eurostat,une_rt_m,une_rt_m.M.SA.TOTAL.PC_ACT.T,Monthly unemployment rate,https://ec.europa.eu/eurostat/databrowser/view/une_rt_m/default/table,2026-08-12T23:00:00+0200,final,2026-08-13 18:04:54,2026-08-12T23:00:00+0200
FR.UNEMPLOYMENT_RATE_M.EUROSTAT,FR,FR,FRA,法国,France,UNEMPLOYMENT_RATE_M,月度失业率,Monthly unemployment rate,2025-03,M,%,SA,level,7.6,Eurostat,une_rt_m,une_rt_m.M.SA.TOTAL.PC_ACT.T,Monthly unemployment rate,https://ec.europa.eu/eurostat/databrowser/view/une_rt_m/default/table,2026-08-12T23:00:00+0200,final,2026-08-13 18:04:54,2026-08-12T23:00:00+0200
FR.UNEMPLOYMENT_RATE_M.EUROSTAT,FR,FR,FRA,法国,France,UNEMPLOYMENT_RATE_M,月度失业率,Monthly unemployment rate,2025-04,M,%,SA,level,7.5,Eurostat,une_rt_m,une_rt_m.M.SA.TOTAL.PC_ACT.T,Monthly unemployment rate,https://ec.europa.eu/eurostat/databrowser/view/une_rt_m/default/table,2026-08-12T23:00:00+0200,final,2026-08-13 18:04:54,2026-08-12T23:00:00+0200
FR.UNEMPLOYMENT_RATE_M.EUROSTAT,FR,FR,FRA,法国,France,UNEMPLOYMENT_RATE_M,月度失业率,Monthly unemployment rate,2025-05,M,%,SA,level,7.6,Eurostat,une_rt_m,une_rt_m.M.SA.TOTAL.PC_ACT.T,Monthly unemployment rate,https://ec.europa.eu/eurostat/databrowser/view/une_rt_m/default/table,2026-08-12T23:00:00+0200,final,2026-08-13 18:04:54,2026-08-12T23:00:00+0200
FR.UNEMPLOYMENT_RATE_M.EUROSTAT,FR,FR,FRA,法国,France,UNEMPLOYMENT_RATE_M,月度失业率,Monthly unemployment rate,2025-06,M,%,SA,level,7.7,Eurostat,une_rt_m,une_rt_m.M.SA.TOTAL.PC_ACT.T,Monthly unemployment rate,https://ec.europa.eu/eurostat/databrowser/view/une_rt_m/default/table,2026-08-12T23:00:00+0200,final,2026-08-13 18:04:54,2026-08-12T23:00:00+0200
FR.UNEMPLOYMENT_RATE_M.EUROSTAT,FR,FR,FRA,法国,France,UNEMPLOYMENT_RATE_M,月度失业率,Monthly unemployment rate,2025-07,M,%,SA,level,7.7,Eurostat,une_rt_m,une_rt_m.M.SA.TOTAL.PC_ACT.T,Monthly unemployment rate,https://ec.europa.eu/eurostat/databrowser/view/une_rt_m/default/table,2026-08-12T23:00:00+0200,final,2026-08-13 18:04:54,2026-08-12T23:00:00+0200
FR.UNEMPLOYMENT_RATE_M.EUROSTAT,FR,FR,FRA,法国,France,UNEMPLOYMENT_RATE_M,月度失业率,Monthly unemployment rate,2025-08,M,%,SA,level,7.8,Eurostat,une_rt_m,une_rt_m.M.SA.TOTAL.PC_ACT.T,Monthly unemployment rate,https://ec.europa.eu/eurostat/databrowser/view/une_rt_m/default/table,2026-08-12T23:00:00+0200,final,2026-08-13 18:04:54,2026-08-12T23:00:00+0200
FR.UNEMPLOYMENT_RATE_M.EUROSTAT,FR,FR,FRA,法国,France,UNEMPLOYMENT_RATE_M,月度失业率,Monthly unemployment rate,2025-09,M,%,SA,level,7.9,Eurostat,une_rt_m,une_rt_m.M.SA.TOTAL.PC_ACT.T,Monthly unemployment rate,https://ec.europa.eu/eurostat/databrowser/view/une_rt_m/default/table,2026-08-12T23:00:00+0200,final,2026-08-13 18:04:54,2026-08-12T23:00:00+0200
FR.UNEMPLOYMENT_RATE_M.EUROSTAT,FR,FR,FRA,法国,France,UNEMPLOYMENT_RATE_M,月度失业率,Monthly unemployment rate,2025-10,M,%,SA,level,8.0,Eurostat,une_rt_m,une_rt_m.M.SA.TOTAL.PC_ACT.T,Monthly unemployment rate,https://ec.europa.eu/eurostat/databrowser/view/une_rt_m/default/table,2026-08-12T23:00:00+0200,final,2026-08-13 18:04:54,2026-08-12T23:00:00+0200
FR.UNEMPLOYMENT_RATE_M.EUROSTAT,FR,FR,FRA,法国,France,UNEMPLOYMENT_RATE_M,月度失业率,Monthly unemployment rate,2025-11,M,%,SA,level,8.0,Eurostat,une_rt_m,une_rt_m.M.SA.TOTAL.PC_ACT.T,Monthly unemployment rate,https://ec.europa.eu/eurostat/databrowser/view/une_rt_m/default/table,2026-08-12T23:00:00+0200,final,2026-08-13 18:04:54,2026-08-12T23:00:00+0200
FR.UNEMPLOYMENT_RATE_M.EUROSTAT,FR,FR,FRA,法国,France,UNEMPLOYMENT_RATE_M,月度失业率,Monthly unemployment rate,2025-12,M,%,SA,level,8.0,Eurostat,une_rt_m,une_rt_m.M.SA.TOTAL.PC_ACT.T,Monthly unemployment rate,https://ec.europa.eu/eurostat/databrowser/view/une_rt_m/default/table,2026-08-12T23:00:00+0200,final,2026-08-13 18:04:54,2026-08-12T23:00:00+0200
FR.UNEMPLOYMENT_RATE_M.EUROSTAT,FR,FR,FRA,法国,France,UNEMPLOYMENT_RATE_M,月度失业率,Monthly unemployment rate,2026-01,M,%,SA,level,8.1,Eurostat,une_rt_m,une_rt_m.M.SA.TOTAL.PC_ACT.T,Monthly unemployment rate,https://ec.europa.eu/eurostat/databrowser/view/une_rt_m/default/table,2026-08-12T23:00:00+0200,final,2026-08-13 18:04:54,2026-08-12T23:00:00+0200
FR.UNEMPLOYMENT_RATE_M.EUROSTAT,FR,FR,FRA,法国,France,UNEMPLOYMENT_RATE_M,月度失业率,Monthly unemployment rate,2026-02,M,%,SA,level,8.2,Eurostat,une_rt_m,une_rt_m.M.SA.TOTAL.PC_ACT.T,Monthly unemployment rate,https://ec.europa.eu/eurostat/databrowser/view/une_rt_m/default/table,2026-08-12T23:00:00+0200,final,2026-08-13 18:04:54,2026-08-12T23:00:00+0200
FR.UNEMPLOYMENT_RATE_M.EUROSTAT,FR,FR,FRA,法国,France,UNEMPLOYMENT_RATE_M,月度失业率,Monthly unemployment rate,2026-03,M,%,SA,level,8.1,Eurostat,une_rt_m,une_rt_m.M.SA.TOTAL.PC_ACT.T,Monthly unemployment rate,https://ec.europa.eu/eurostat/databrowser/view/une_rt_m/default/table,2026-08-12T23:00:00+0200,final,2026-08-13 18:04:54,2026-08-12T23:00:00+0200
FR.UNEMPLOYMENT_RATE_M.EUROSTAT,FR,FR,FRA,法国,France,UNEMPLOYMENT_RATE_M,月度失业率,Monthly unemployment rate,2026-04,M,%,SA,level,8.2,Eurostat,une_rt_m,une_rt_m.M.SA.TOTAL.PC_ACT.T,Monthly unemployment rate,https://ec.europa.eu/eurostat/databrowser/view/une_rt_m/default/table,2026-08-12T23:00:00+0200,final,2026-08-13 18:04:54,2026-08-12T23:00:00+0200
FR.UNEMPLOYMENT_RATE_M.EUROSTAT,FR,FR,FRA,法国,France,UNEMPLOYMENT_RATE_M,月度失业率,Monthly unemployment rate,2026-05,M,%,SA,level,8.2,Eurostat,une_rt_m,une_rt_m.M.SA.TOTAL.PC_ACT.T,Monthly unemployment rate,https://ec.europa.eu/eurostat/databrowser/view/une_rt_m/default/table,2026-08-12T23:00:00+0200,final,2026-08-13 18:04:54,2026-08-12T23:00:00+0200
FR.UNEMPLOYMENT_RATE_M.EUROSTAT,FR,FR,FRA,法国,France,UNEMPLOYMENT_RATE_M,月度失业率,Monthly unemployment rate,2026-06,M,%,SA,level,8.2,Eurostat,une_rt_m,une_rt_m.M.SA.TOTAL.PC_ACT.T,Monthly unemployment rate,https://ec.europa.eu/eurostat/databrowser/view/une_rt_m/default/table,2026-08-12T23:00:00+0200,final,2026-08-13 18:04:54,2026-08-12T23:00:00+0200
IT.UNEMPLOYMENT_RATE_M.EUROSTAT,IT,IT,ITA,意大利,Italy,UNEMPLOYMENT_RATE_M,月度失业率,Monthly unemployment rate,2015-01,M,%,SA,level,12.4,Eurostat,une_rt_m,une_rt_m.M.SA.TOTAL.PC_ACT.T,Monthly unemployment rate,https://ec.europa.eu/eurostat/databrowser/view/une_rt_m/default/table,2026-08-12T23:00:00+0200,final,2026-08-13 18:04:54,2026-08-12T23:00:00+0200
IT.UNEMPLOYMENT_RATE_M.EUROSTAT,IT,IT,ITA,意大利,Italy,UNEMPLOYMENT_RATE_M,月度失业率,Monthly unemployment rate,2015-02,M,%,SA,level,12.3,Eurostat,une_rt_m,une_rt_m.M.SA.TOTAL.PC_ACT.T,Monthly unemployment rate,https://ec.europa.eu/eurostat/databrowser/view/une_rt_m/default/table,2026-08-12T23:00:00+0200,final,2026-08-13 18:04:54,2026-08-12T23:00:00+0200
IT.UNEMPLOYMENT_RATE_M.EUROSTAT,IT,IT,ITA,意大利,Italy,UNEMPLOYMENT_RATE_M,月度失业率,Monthly unemployment rate,2015-03,M,%,SA,level,12.5,Eurostat,une_rt_m,une_rt_m.M.SA.TOTAL.PC_ACT.T,Monthly unemployment rate,https://ec.europa.eu/eurostat/databrowser/view/une_rt_m/default/table,2026-08-12T23:00:00+0200,final,2026-08-13 18:04:54,2026-08-12T23:00:00+0200
IT.UNEMPLOYMENT_RATE_M.EUROSTAT,IT,IT,ITA,意大利,Italy,UNEMPLOYMENT_RATE_M,月度失业率,Monthly unemployment rate,2015-04,M,%,SA,level,12.2,Eurostat,une_rt_m,une_rt_m.M.SA.TOTAL.PC_ACT.T,Monthly unemployment rate,https://ec.europa.eu/eurostat/databrowser/view/une_rt_m/default/table,2026-08-12T23:00:00+0200,final,2026-08-13 18:04:54,2026-08-12T23:00:00+0200
IT.UNEMPLOYMENT_RATE_M.EUROSTAT,IT,IT,ITA,意大利,Italy,UNEMPLOYMENT_RATE_M,月度失业率,Monthly unemployment rate,2015-05,M,%,SA,level,12.3,Eurostat,une_rt_m,une_rt_m.M.SA.TOTAL.PC_ACT.T,Monthly unemployment rate,https://ec.europa.eu/eurostat/databrowser/view/une_rt_m/default/table,2026-08-12T23:00:00+0200,final,2026-08-13 18:04:54,2026-08-12T23:00:00+0200
IT.UNEMPLOYMENT_RATE_M.EUROSTAT,IT,IT,ITA,意大利,Italy,UNEMPLOYMENT_RATE_M,月度失业率,Monthly unemployment rate,2015-06,M,%,SA,level,12.3,Eurostat,une_rt_m,une_rt_m.M.SA.TOTAL.PC_ACT.T,Monthly unemployment rate,https://ec.europa.eu/eurostat/databrowser/view/une_rt_m/default/table,2026-08-12T23:00:00+0200,final,2026-08-13 18:04:54,2026-08-12T23:00:00+0200
IT.UNEMPLOYMENT_RATE_M.EUROSTAT,IT,IT,ITA,意大利,Italy,UNEMPLOYMENT_RATE_M,月度失业率,Monthly unemployment rate,2015-07,M,%,SA,level,11.8,Eurostat,une_rt_m,une_rt_m.M.SA.TOTAL.PC_ACT.T,Monthly unemployment rate,https://ec.europa.eu/eurostat/databrowser/view/une_rt_m/default/table,2026-08-12T23:00:00+0200,final,2026-08-13 18:04:54,2026-08-12T23:00:00+0200
IT.UNEMPLOYMENT_RATE_M.EUROSTAT,IT,IT,ITA,意大利,Italy,UNEMPLOYMENT_RATE_M,月度失业率,Monthly unemployment rate,2015-08,M,%,SA,level,11.8,Eurostat,une_rt_m,une_rt_m.M.SA.TOTAL.PC_ACT.T,Monthly unemployment rate,https://ec.europa.eu/eurostat/databrowser/view/une_rt_m/default/table,2026-08-12T23:00:00+0200,final,2026-08-13 18:04:54,2026-08-12T23:00:00+0200
IT.UNEMPLOYMENT_RATE_M.EUROSTAT,IT,IT,ITA,意大利,Italy,UNEMPLOYMENT_RATE_M,月度失业率,Monthly unemployment rate,2015-09,M,%,SA,level,11.6,Eurostat,une_rt_m,une_rt_m.M.SA.TOTAL.PC_ACT.T,Monthly unemployment rate,https://ec.europa.eu/eurostat/databrowser/view/une_rt_m/default/table,2026-08-12T23:00:00+0200,final,2026-08-13 18:04:54,2026-08-12T23:00:00+0200
IT.UNEMPLOYMENT_RATE_M.EUROSTAT,IT,IT,ITA,意大利,Italy,UNEMPLOYMENT_RATE_M,月度失业率,Monthly unemployment rate,2015-10,M,%,SA,level,11.7,Eurostat,une_rt_m,une_rt_m.M.SA.TOTAL.PC_ACT.T,Monthly unemployment rate,https://ec.europa.eu/eurostat/databrowser/view/une_rt_m/default/table,2026-08-12T23:00:00+0200,final,2026-08-13 18:04:54,2026-08-12T23:00:00+0200
IT.UNEMPLOYMENT_RATE_M.EUROSTAT,IT,IT,ITA,意大利,Italy,UNEMPLOYMENT_RATE_M,月度失业率,Monthly unemployment rate,2015-11,M,%,SA,level,11.4,Eurostat,une_rt_m,une_rt_m.M.SA.TOTAL.PC_ACT.T,Monthly unemployment rate,https://ec.europa.eu/eurostat/databrowser/view/une_rt_m/default/table,2026-08-12T23:00:00+0200,final,2026-08-13 18:04:54,2026-08-12T23:00:00+0200
IT.UNEMPLOYMENT_RATE_M.EUROSTAT,IT,IT,ITA,意大利,Italy,UNEMPLOYMENT_RATE_M,月度失业率,Monthly unemployment rate,2015-12,M,%,SA,level,11.7,Eurostat,une_rt_m,une_rt_m.M.SA.TOTAL.PC_ACT.T,Monthly unemployment rate,https://ec.europa.eu/eurostat/databrowser/view/une_rt_m/default/table,2026-08-12T23:00:00+0200,final,2026-08-13 18:04:54,2026-08-12T23:00:00+0200
IT.UNEMPLOYMENT_RATE_M.EUROSTAT,IT,IT,ITA,意大利,Italy,UNEMPLOYMENT_RATE_M,月度失业率,Monthly unemployment rate,2016-01,M,%,SA,level,11.6,Eurostat,une_rt_m,une_rt_m.M.SA.TOTAL.PC_ACT.T,Monthly unemployment rate,https://ec.europa.eu/eurostat/databrowser/view/une_rt_m/default/table,2026-08-12T23:00:00+0200,final,2026-08-13 18:04:54,2026-08-12T23:00:00+0200
IT.UNEMPLOYMENT_RATE_M.EUROSTAT,IT,IT,ITA,意大利,Italy,UNEMPLOYMENT_RATE_M,月度失业率,Monthly unemployment rate,2016-02,M,%,SA,level,11.7,Eurostat,une_rt_m,une_rt_m.M.SA.TOTAL.PC_ACT.T,Monthly unemployment rate,https://ec.europa.eu/eurostat/databrowser/view/une_rt_m/default/table,2026-08-12T23:00:00+0200,final,2026-08-13 18:04:54,2026-08-12T23:00:00+0200
IT.UNEMPLOYMENT_RATE_M.EUROSTAT,IT,IT,ITA,意大利,Italy,UNEMPLOYMENT_RATE_M,月度失业率,Monthly unemployment rate,2016-03,M,%,SA,level,11.6,Eurostat,une_rt_m,une_rt_m.M.SA.TOTAL.PC_ACT.T,Monthly unemployment rate,https://ec.europa.eu/eurostat/databrowser/view/une_rt_m/default/table,2026-08-12T23:00:00+0200,final,2026-08-13 18:04:54,2026-08-12T23:00:00+0200
IT.UNEMPLOYMENT_RATE_M.EUROSTAT,IT,IT,ITA,意大利,Italy,UNEMPLOYMENT_RATE_M,月度失业率,Monthly unemployment rate,2016-04,M,%,SA,level,11.8,Eurostat,une_rt_m,une_rt_m.M.SA.TOTAL.PC_ACT.T,Monthly unemployment rate,https://ec.europa.eu/eurostat/databrowser/view/une_rt_m/default/table,2026-08-12T23:00:00+0200,final,2026-08-13 18:04:54,2026-08-12T23:00:00+0200
IT.UNEMPLOYMENT_RATE_M.EUROSTAT,IT,IT,ITA,意大利,Italy,UNEMPLOYMENT_RATE_M,月度失业率,Monthly unemployment rate,2016-05,M,%,SA,level,11.5,Eurostat,une_rt_m,une_rt_m.M.SA.TOTAL.PC_ACT.T,Monthly unemployment rate,https://ec.europa.eu/eurostat/databrowser/view/une_rt_m/default/table,2026-08-12T23:00:00+0200,final,2026-08-13 18:04:54,2026-08-12T23:00:00+0200
IT.UNEMPLOYMENT_RATE_M.EUROSTAT,IT,IT,ITA,意大利,Italy,UNEMPLOYMENT_RATE_M,月度失业率,Monthly unemployment rate,2016-06,M,%,SA,level,11.7,Eurostat,une_rt_m,une_rt_m.M.SA.TOTAL.PC_ACT.T,Monthly unemployment rate,https://ec.europa.eu/eurostat/databrowser/view/une_rt_m/default/table,2026-08-12T23:00:00+0200,final,2026-08-13 18:04:54,2026-08-12T23:00:00+0200
IT.UNEMPLOYMENT_RATE_M.EUROSTAT,IT,IT,ITA,意大利,Italy,UNEMPLOYMENT_RATE_M,月度失业率,Monthly unemployment rate,2016-07,M,%,SA,level,11.7,Eurostat,une_rt_m,une_rt_m.M.SA.TOTAL.PC_ACT.T,Monthly unemployment rate,https://ec.europa.eu/eurostat/databrowser/view/une_rt_m/default/table,2026-08-12T23:00:00+0200,final,2026-08-13 18:04:54,2026-08-12T23:00:00+0200
IT.UNEMPLOYMENT_RATE_M.EUROSTAT,IT,IT,ITA,意大利,Italy,UNEMPLOYMENT_RATE_M,月度失业率,Monthly unemployment rate,2016-08,M,%,SA,level,11.7,Eurostat,une_rt_m,une_rt_m.M.SA.TOTAL.PC_ACT.T,Monthly unemployment rate,https://ec.europa.eu/eurostat/databrowser/view/une_rt_m/default/table,2026-08-12T23:00:00+0200,final,2026-08-13 18:04:54,2026-08-12T23:00:00+0200
IT.UNEMPLOYMENT_RATE_M.EUROSTAT,IT,IT,ITA,意大利,Italy,UNEMPLOYMENT_RATE_M,月度失业率,Monthly unemployment rate,2016-09,M,%,SA,level,11.9,Eurostat,une_rt_m,une_rt_m.M.SA.TOTAL.PC_ACT.T,Monthly unemployment rate,https://ec.europa.eu/eurostat/databrowser/view/une_rt_m/default/table,2026-08-12T23:00:00+0200,final,2026-08-13 18:04:54,2026-08-12T23:00:00+0200
IT.UNEMPLOYMENT_RATE_M.EUROSTAT,IT,IT,ITA,意大利,Italy,UNEMPLOYMENT_RATE_M,月度失业率,Monthly unemployment rate,2016-10,M,%,SA,level,11.7,Eurostat,une_rt_m,une_rt_m.M.SA.TOTAL.PC_ACT.T,Monthly unemployment rate,https://ec.europa.eu/eurostat/databrowser/view/une_rt_m/default/table,2026-08-12T23:00:00+0200,final,2026-08-13 18:04:54,2026-08-12T23:00:00+0200
IT.UNEMPLOYMENT_RATE_M.EUROSTAT,IT,IT,ITA,意大利,Italy,UNEMPLOYMENT_RATE_M,月度失业率,Monthly unemployment rate,2016-11,M,%,SA,level,11.9,Eurostat,une_rt_m,une_rt_m.M.SA.TOTAL.PC_ACT.T,Monthly unemployment rate,https://ec.europa.eu/eurostat/databrowser/view/une_rt_m/default/table,2026-08-12T23:00:00+0200,final,2026-08-13 18:04:54,2026-08-12T23:00:00+0200
IT.UNEMPLOYMENT_RATE_M.EUROSTAT,IT,IT,ITA,意大利,Italy,UNEMPLOYMENT_RATE_M,月度失业率,Monthly unemployment rate,2016-12,M,%,SA,level,11.8,Eurostat,une_rt_m,une_rt_m.M.SA.TOTAL.PC_ACT.T,Monthly unemployment rate,https://ec.europa.eu/eurostat/databrowser/view/une_rt_m/default/table,2026-08-12T23:00:00+0200,final,2026-08-13 18:04:54,2026-08-12T23:00:00+0200
IT.UNEMPLOYMENT_RATE_M.EUROSTAT,IT,IT,ITA,意大利,Italy,UNEMPLOYMENT_RATE_M,月度失业率,Monthly unemployment rate,2017-01,M,%,SA,level,11.7,Eurostat,une_rt_m,une_rt_m.M.SA.TOTAL.PC_ACT.T,Monthly unemployment rate,https://ec.europa.eu/eurostat/databrowser/view/une_rt_m/default/table,2026-08-12T23:00:00+0200,final,2026-08-13 18:04:54,2026-08-12T23:00:00+0200
IT.UNEMPLOYMENT_RATE_M.EUROSTAT,IT,IT,ITA,意大利,Italy,UNEMPLOYMENT_RATE_M,月度失业率,Monthly unemployment rate,2017-02,M,%,SA,level,11.5,Eurostat,une_rt_m,une_rt_m.M.SA.TOTAL.PC_ACT.T,Monthly unemployment rate,https://ec.europa.eu/eurostat/databrowser/view/une_rt_m/default/table,2026-08-12T23:00:00+0200,final,2026-08-13 18:04:54,2026-08-12T23:00:00+0200
IT.UNEMPLOYMENT_RATE_M.EUROSTAT,IT,IT,ITA,意大利,Italy,UNEMPLOYMENT_RATE_M,月度失业率,Monthly unemployment rate,2017-03,M,%,SA,level,11.5,Eurostat,une_rt_m,une_rt_m.M.SA.TOTAL.PC_ACT.T,Monthly unemployment rate,https://ec.europa.eu/eurostat/databrowser/view/une_rt_m/default/table,2026-08-12T23:00:00+0200,final,2026-08-13 18:04:54,2026-08-12T23:00:00+0200
IT.UNEMPLOYMENT_RATE_M.EUROSTAT,IT,IT,ITA,意大利,Italy,UNEMPLOYMENT_RATE_M,月度失业率,Monthly unemployment rate,2017-04,M,%,SA,level,11.2,Eurostat,une_rt_m,une_rt_m.M.SA.TOTAL.PC_ACT.T,Monthly unemployment rate,https://ec.europa.eu/eurostat/databrowser/view/une_rt_m/default/table,2026-08-12T23:00:00+0200,final,2026-08-13 18:04:54,2026-08-12T23:00:00+0200
IT.UNEMPLOYMENT_RATE_M.EUROSTAT,IT,IT,ITA,意大利,Italy,UNEMPLOYMENT_RATE_M,月度失业率,Monthly unemployment rate,2017-05,M,%,SA,level,11.5,Eurostat,une_rt_m,une_rt_m.M.SA.TOTAL.PC_ACT.T,Monthly unemployment rate,https://ec.europa.eu/eurostat/databrowser/view/une_rt_m/default/table,2026-08-12T23:00:00+0200,final,2026-08-13 18:04:54,2026-08-12T23:00:00+0200
IT.UNEMPLOYMENT_RATE_M.EUROSTAT,IT,IT,ITA,意大利,Italy,UNEMPLOYMENT_RATE_M,月度失业率,Monthly unemployment rate,2017-06,M,%,SA,level,11.2,Eurostat,une_rt_m,une_rt_m.M.SA.TOTAL.PC_ACT.T,Monthly unemployment rate,https://ec.europa.eu/eurostat/databrowser/view/une_rt_m/default/table,2026-08-12T23:00:00+0200,final,2026-08-13 18:04:54,2026-08-12T23:00:00+0200
IT.UNEMPLOYMENT_RATE_M.EUROSTAT,IT,IT,ITA,意大利,Italy,UNEMPLOYMENT_RATE_M,月度失业率,Monthly unemployment rate,2017-07,M,%,SA,level,11.4,Eurostat,une_rt_m,une_rt_m.M.SA.TOTAL.PC_ACT.T,Monthly unemployment rate,https://ec.europa.eu/eurostat/databrowser/view/une_rt_m/default/table,2026-08-12T23:00:00+0200,final,2026-08-13 18:04:54,2026-08-12T23:00:00+0200
IT.UNEMPLOYMENT_RATE_M.EUROSTAT,IT,IT,ITA,意大利,Italy,UNEMPLOYMENT_RATE_M,月度失业率,Monthly unemployment rate,2017-08,M,%,SA,level,11.5,Eurostat,une_rt_m,une_rt_m.M.SA.TOTAL.PC_ACT.T,Monthly unemployment rate,https://ec.europa.eu/eurostat/databrowser/view/une_rt_m/default/table,2026-08-12T23:00:00+0200,final,2026-08-13 18:04:54,2026-08-12T23:00:00+0200
IT.UNEMPLOYMENT_RATE_M.EUROSTAT,IT,IT,ITA,意大利,Italy,UNEMPLOYMENT_RATE_M,月度失业率,Monthly unemployment rate,2017-09,M,%,SA,level,11.2,Eurostat,une_rt_m,une_rt_m.M.SA.TOTAL.PC_ACT.T,Monthly unemployment rate,https://ec.europa.eu/eurostat/databrowser/view/une_rt_m/default/table,2026-08-12T23:00:00+0200,final,2026-08-13 18:04:54,2026-08-12T23:00:00+0200
IT.UNEMPLOYMENT_RATE_M.EUROSTAT,IT,IT,ITA,意大利,Italy,UNEMPLOYMENT_RATE_M,月度失业率,Monthly unemployment rate,2017-10,M,%,SA,level,11.0,Eurostat,une_rt_m,une_rt_m.M.SA.TOTAL.PC_ACT.T,Monthly unemployment rate,https://ec.europa.eu/eurostat/databrowser/view/une_rt_m/default/table,2026-08-12T23:00:00+0200,final,2026-08-13 18:04:54,2026-08-12T23:00:00+0200
IT.UNEMPLOYMENT_RATE_M.EUROSTAT,IT,IT,ITA,意大利,Italy,UNEMPLOYMENT_RATE_M,月度失业率,Monthly unemployment rate,2017-11,M,%,SA,level,10.9,Eurostat,une_rt_m,une_rt_m.M.SA.TOTAL.PC_ACT.T,Monthly unemployment rate,https://ec.europa.eu/eurostat/databrowser/view/une_rt_m/default/table,2026-08-12T23:00:00+0200,final,2026-08-13 18:04:54,2026-08-12T23:00:00+0200
IT.UNEMPLOYMENT_RATE_M.EUROSTAT,IT,IT,ITA,意大利,Italy,UNEMPLOYMENT_RATE_M,月度失业率,Monthly unemployment rate,2017-12,M,%,SA,level,10.9,Eurostat,une_rt_m,une_rt_m.M.SA.TOTAL.PC_ACT.T,Monthly unemployment rate,https://ec.europa.eu/eurostat/databrowser/view/une_rt_m/default/table,2026-08-12T23:00:00+0200,final,2026-08-13 18:04:54,2026-08-12T23:00:00+0200
IT.UNEMPLOYMENT_RATE_M.EUROSTAT,IT,IT,ITA,意大利,Italy,UNEMPLOYMENT_RATE_M,月度失业率,Monthly unemployment rate,2018-01,M,%,SA,level,11.0,Eurostat,une_rt_m,une_rt_m.M.SA.TOTAL.PC_ACT.T,Monthly unemployment rate,https://ec.europa.eu/eurostat/databrowser/view/une_rt_m/default/table,2026-08-12T23:00:00+0200,final,2026-08-13 18:04:54,2026-08-12T23:00:00+0200
IT.UNEMPLOYMENT_RATE_M.EUROSTAT,IT,IT,ITA,意大利,Italy,UNEMPLOYMENT_RATE_M,月度失业率,Monthly unemployment rate,2018-02,M,%,SA,level,10.8,Eurostat,une_rt_m,une_rt_m.M.SA.TOTAL.PC_ACT.T,Monthly unemployment rate,https://ec.europa.eu/eurostat/databrowser/view/une_rt_m/default/table,2026-08-12T23:00:00+0200,final,2026-08-13 18:04:54,2026-08-12T23:00:00+0200
IT.UNEMPLOYMENT_RATE_M.EUROSTAT,IT,IT,ITA,意大利,Italy,UNEMPLOYMENT_RATE_M,月度失业率,Monthly unemployment rate,2018-03,M,%,SA,level,10.9,Eurostat,une_rt_m,une_rt_m.M.SA.TOTAL.PC_ACT.T,Monthly unemployment rate,https://ec.europa.eu/eurostat/databrowser/view/une_rt_m/default/table,2026-08-12T23:00:00+0200,final,2026-08-13 18:04:54,2026-08-12T23:00:00+0200
IT.UNEMPLOYMENT_RATE_M.EUROSTAT,IT,IT,ITA,意大利,Italy,UNEMPLOYMENT_RATE_M,月度失业率,Monthly unemployment rate,2018-04,M,%,SA,level,10.9,Eurostat,une_rt_m,une_rt_m.M.SA.TOTAL.PC_ACT.T,Monthly unemployment rate,https://ec.europa.eu/eurostat/databrowser/view/une_rt_m/default/table,2026-08-12T23:00:00+0200,final,2026-08-13 18:04:54,2026-08-12T23:00:00+0200
IT.UNEMPLOYMENT_RATE_M.EUROSTAT,IT,IT,ITA,意大利,Italy,UNEMPLOYMENT_RATE_M,月度失业率,Monthly unemployment rate,2018-05,M,%,SA,level,10.7,Eurostat,une_rt_m,une_rt_m.M.SA.TOTAL.PC_ACT.T,Monthly unemployment rate,https://ec.europa.eu/eurostat/databrowser/view/une_rt_m/default/table,2026-08-12T23:00:00+0200,final,2026-08-13 18:04:54,2026-08-12T23:00:00+0200
IT.UNEMPLOYMENT_RATE_M.EUROSTAT,IT,IT,ITA,意大利,Italy,UNEMPLOYMENT_RATE_M,月度失业率,Monthly unemployment rate,2018-06,M,%,SA,level,10.8,Eurostat,une_rt_m,une_rt_m.M.SA.TOTAL.PC_ACT.T,Monthly unemployment rate,https://ec.europa.eu/eurostat/databrowser/view/une_rt_m/default/table,2026-08-12T23:00:00+0200,final,2026-08-13 18:04:54,2026-08-12T23:00:00+0200
IT.UNEMPLOYMENT_RATE_M.EUROSTAT,IT,IT,ITA,意大利,Italy,UNEMPLOYMENT_RATE_M,月度失业率,Monthly unemployment rate,2018-07,M,%,SA,level,10.4,Eurostat,une_rt_m,une_rt_m.M.SA.TOTAL.PC_ACT.T,Monthly unemployment rate,https://ec.europa.eu/eurostat/databrowser/view/une_rt_m/default/table,2026-08-12T23:00:00+0200,final,2026-08-13 18:04:54,2026-08-12T23:00:00+0200
IT.UNEMPLOYMENT_RATE_M.EUROSTAT,IT,IT,ITA,意大利,Italy,UNEMPLOYMENT_RATE_M,月度失业率,Monthly unemployment rate,2018-08,M,%,SA,level,10.3,Eurostat,une_rt_m,une_rt_m.M.SA.TOTAL.PC_ACT.T,Monthly unemployment rate,https://ec.europa.eu/eurostat/databrowser/view/une_rt_m/default/table,2026-08-12T23:00:00+0200,final,2026-08-13 18:04:54,2026-08-12T23:00:00+0200
IT.UNEMPLOYMENT_RATE_M.EUROSTAT,IT,IT,ITA,意大利,Italy,UNEMPLOYMENT_RATE_M,月度失业率,Monthly unemployment rate,2018-09,M,%,SA,level,10.3,Eurostat,une_rt_m,une_rt_m.M.SA.TOTAL.PC_ACT.T,Monthly unemployment rate,https://ec.europa.eu/eurostat/databrowser/view/une_rt_m/default/table,2026-08-12T23:00:00+0200,final,2026-08-13 18:04:54,2026-08-12T23:00:00+0200
IT.UNEMPLOYMENT_RATE_M.EUROSTAT,IT,IT,ITA,意大利,Italy,UNEMPLOYMENT_RATE_M,月度失业率,Monthly unemployment rate,2018-10,M,%,SA,level,10.6,Eurostat,une_rt_m,une_rt_m.M.SA.TOTAL.PC_ACT.T,Monthly unemployment rate,https://ec.europa.eu/eurostat/databrowser/view/une_rt_m/default/table,2026-08-12T23:00:00+0200,final,2026-08-13 18:04:54,2026-08-12T23:00:00+0200
IT.UNEMPLOYMENT_RATE_M.EUROSTAT,IT,IT,ITA,意大利,Italy,UNEMPLOYMENT_RATE_M,月度失业率,Monthly unemployment rate,2018-11,M,%,SA,level,10.5,Eurostat,une_rt_m,une_rt_m.M.SA.TOTAL.PC_ACT.T,Monthly unemployment rate,https://ec.europa.eu/eurostat/databrowser/view/une_rt_m/default/table,2026-08-12T23:00:00+0200,final,2026-08-13 18:04:54,2026-08-12T23:00:00+0200
IT.UNEMPLOYMENT_RATE_M.EUROSTAT,IT,IT,ITA,意大利,Italy,UNEMPLOYMENT_RATE_M,月度失业率,Monthly unemployment rate,2018-12,M,%,SA,level,10.3,Eurostat,une_rt_m,une_rt_m.M.SA.TOTAL.PC_ACT.T,Monthly unemployment rate,https://ec.europa.eu/eurostat/databrowser/view/une_rt_m/default/table,2026-08-12T23:00:00+0200,final,2026-08-13 18:04:54,2026-08-12T23:00:00+0200
IT.UNEMPLOYMENT_RATE_M.EUROSTAT,IT,IT,ITA,意大利,Italy,UNEMPLOYMENT_RATE_M,月度失业率,Monthly unemployment rate,2019-01,M,%,SA,level,10.3,Eurostat,une_rt_m,une_rt_m.M.SA.TOTAL.PC_ACT.T,Monthly unemployment rate,https://ec.europa.eu/eurostat/databrowser/view/une_rt_m/default/table,2026-08-12T23:00:00+0200,final,2026-08-13 18:04:54,2026-08-12T23:00:00+0200
IT.UNEMPLOYMENT_RATE_M.EUROSTAT,IT,IT,ITA,意大利,Italy,UNEMPLOYMENT_RATE_M,月度失业率,Monthly unemployment rate,2019-02,M,%,SA,level,10.4,Eurostat,une_rt_m,une_rt_m.M.SA.TOTAL.PC_ACT.T,Monthly unemployment rate,https://ec.europa.eu/eurostat/databrowser/view/une_rt_m/default/table,2026-08-12T23:00:00+0200,final,2026-08-13 18:04:54,2026-08-12T23:00:00+0200
IT.UNEMPLOYMENT_RATE_M.EUROSTAT,IT,IT,ITA,意大利,Italy,UNEMPLOYMENT_RATE_M,月度失业率,Monthly unemployment rate,2019-03,M,%,SA,level,10.2,Eurostat,une_rt_m,une_rt_m.M.SA.TOTAL.PC_ACT.T,Monthly unemployment rate,https://ec.europa.eu/eurostat/databrowser/view/une_rt_m/default/table,2026-08-12T23:00:00+0200,final,2026-08-13 18:04:54,2026-08-12T23:00:00+0200
IT.UNEMPLOYMENT_RATE_M.EUROSTAT,IT,IT,ITA,意大利,Italy,UNEMPLOYMENT_RATE_M,月度失业率,Monthly unemployment rate,2019-04,M,%,SA,level,10.4,Eurostat,une_rt_m,une_rt_m.M.SA.TOTAL.PC_ACT.T,Monthly unemployment rate,https://ec.europa.eu/eurostat/databrowser/view/une_rt_m/default/table,2026-08-12T23:00:00+0200,final,2026-08-13 18:04:54,2026-08-12T23:00:00+0200
IT.UNEMPLOYMENT_RATE_M.EUROSTAT,IT,IT,ITA,意大利,Italy,UNEMPLOYMENT_RATE_M,月度失业率,Monthly unemployment rate,2019-05,M,%,SA,level,10.0,Eurostat,une_rt_m,une_rt_m.M.SA.TOTAL.PC_ACT.T,Monthly unemployment rate,https://ec.europa.eu/eurostat/databrowser/view/une_rt_m/default/table,2026-08-12T23:00:00+0200,final,2026-08-13 18:04:54,2026-08-12T23:00:00+0200
IT.UNEMPLOYMENT_RATE_M.EUROSTAT,IT,IT,ITA,意大利,Italy,UNEMPLOYMENT_RATE_M,月度失业率,Monthly unemployment rate,2019-06,M,%,SA,level,9.6,Eurostat,une_rt_m,une_rt_m.M.SA.TOTAL.PC_ACT.T,Monthly unemployment rate,https://ec.europa.eu/eurostat/databrowser/view/une_rt_m/default/table,2026-08-12T23:00:00+0200,final,2026-08-13 18:04:54,2026-08-12T23:00:00+0200
IT.UNEMPLOYMENT_RATE_M.EUROSTAT,IT,IT,ITA,意大利,Italy,UNEMPLOYMENT_RATE_M,月度失业率,Monthly unemployment rate,2019-07,M,%,SA,level,9.6,Eurostat,une_rt_m,une_rt_m.M.SA.TOTAL.PC_ACT.T,Monthly unemployment rate,https://ec.europa.eu/eurostat/databrowser/view/une_rt_m/default/table,2026-08-12T23:00:00+0200,final,2026-08-13 18:04:54,2026-08-12T23:00:00+0200
IT.UNEMPLOYMENT_RATE_M.EUROSTAT,IT,IT,ITA,意大利,Italy,UNEMPLOYMENT_RATE_M,月度失业率,Monthly unemployment rate,2019-08,M,%,SA,level,9.5,Eurostat,une_rt_m,une_rt_m.M.SA.TOTAL.PC_ACT.T,Monthly unemployment rate,https://ec.europa.eu/eurostat/databrowser/view/une_rt_m/default/table,2026-08-12T23:00:00+0200,final,2026-08-13 18:04:54,2026-08-12T23:00:00+0200
IT.UNEMPLOYMENT_RATE_M.EUROSTAT,IT,IT,ITA,意大利,Italy,UNEMPLOYMENT_RATE_M,月度失业率,Monthly unemployment rate,2019-09,M,%,SA,level,9.8,Eurostat,une_rt_m,une_rt_m.M.SA.TOTAL.PC_ACT.T,Monthly unemployment rate,https://ec.europa.eu/eurostat/databrowser/view/une_rt_m/default/table,2026-08-12T23:00:00+0200,final,2026-08-13 18:04:54,2026-08-12T23:00:00+0200
IT.UNEMPLOYMENT_RATE_M.EUROSTAT,IT,IT,ITA,意大利,Italy,UNEMPLOYMENT_RATE_M,月度失业率,Monthly unemployment rate,2019-10,M,%,SA,level,9.5,Eurostat,une_rt_m,une_rt_m.M.SA.TOTAL.PC_ACT.T,Monthly unemployment rate,https://ec.europa.eu/eurostat/databrowser/view/une_rt_m/default/table,2026-08-12T23:00:00+0200,final,2026-08-13 18:04:54,2026-08-12T23:00:00+0200
IT.UNEMPLOYMENT_RATE_M.EUROSTAT,IT,IT,ITA,意大利,Italy,UNEMPLOYMENT_RATE_M,月度失业率,Monthly unemployment rate,2019-11,M,%,SA,level,9.8,Eurostat,une_rt_m,une_rt_m.M.SA.TOTAL.PC_ACT.T,Monthly unemployment rate,https://ec.europa.eu/eurostat/databrowser/view/une_rt_m/default/table,2026-08-12T23:00:00+0200,final,2026-08-13 18:04:54,2026-08-12T23:00:00+0200
IT.UNEMPLOYMENT_RATE_M.EUROSTAT,IT,IT,ITA,意大利,Italy,UNEMPLOYMENT_RATE_M,月度失业率,Monthly unemployment rate,2019-12,M,%,SA,level,9.8,Eurostat,une_rt_m,une_rt_m.M.SA.TOTAL.PC_ACT.T,Monthly unemployment rate,https://ec.europa.eu/eurostat/databrowser/view/une_rt_m/default/table,2026-08-12T23:00:00+0200,final,2026-08-13 18:04:54,2026-08-12T23:00:00+0200
IT.UNEMPLOYMENT_RATE_M.EUROSTAT,IT,IT,ITA,意大利,Italy,UNEMPLOYMENT_RATE_M,月度失业率,Monthly unemployment rate,2020-01,M,%,SA,level,9.6,Eurostat,une_rt_m,une_rt_m.M.SA.TOTAL.PC_ACT.T,Monthly unemployment rate,https://ec.europa.eu/eurostat/databrowser/view/une_rt_m/default/table,2026-08-12T23:00:00+0200,final,2026-08-13 18:04:54,2026-08-12T23:00:00+0200
IT.UNEMPLOYMENT_RATE_M.EUROSTAT,IT,IT,ITA,意大利,Italy,UNEMPLOYMENT_RATE_M,月度失业率,Monthly unemployment rate,2020-02,M,%,SA,level,9.5,Eurostat,une_rt_m,une_rt_m.M.SA.TOTAL.PC_ACT.T,Monthly unemployment rate,https://ec.europa.eu/eurostat/databrowser/view/une_rt_m/default/table,2026-08-12T23:00:00+0200,final,2026-08-13 18:04:54,2026-08-12T23:00:00+0200
IT.UNEMPLOYMENT_RATE_M.EUROSTAT,IT,IT,ITA,意大利,Italy,UNEMPLOYMENT_RATE_M,月度失业率,Monthly unemployment rate,2020-03,M,%,SA,level,7.6,Eurostat,une_rt_m,une_rt_m.M.SA.TOTAL.PC_ACT.T,Monthly unemployment rate,https://ec.europa.eu/eurostat/databrowser/view/une_rt_m/default/table,2026-08-12T23:00:00+0200,final,2026-08-13 18:04:54,2026-08-12T23:00:00+0200
IT.UNEMPLOYMENT_RATE_M.EUROSTAT,IT,IT,ITA,意大利,Italy,UNEMPLOYMENT_RATE_M,月度失业率,Monthly unemployment rate,2020-04,M,%,SA,level,7.7,Eurostat,une_rt_m,une_rt_m.M.SA.TOTAL.PC_ACT.T,Monthly unemployment rate,https://ec.europa.eu/eurostat/databrowser/view/une_rt_m/default/table,2026-08-12T23:00:00+0200,final,2026-08-13 18:04:54,2026-08-12T23:00:00+0200
IT.UNEMPLOYMENT_RATE_M.EUROSTAT,IT,IT,ITA,意大利,Italy,UNEMPLOYMENT_RATE_M,月度失业率,Monthly unemployment rate,2020-05,M,%,SA,level,8.8,Eurostat,une_rt_m,une_rt_m.M.SA.TOTAL.PC_ACT.T,Monthly unemployment rate,https://ec.europa.eu/eurostat/databrowser/view/une_rt_m/default/table,2026-08-12T23:00:00+0200,final,2026-08-13 18:04:54,2026-08-12T23:00:00+0200
IT.UNEMPLOYMENT_RATE_M.EUROSTAT,IT,IT,ITA,意大利,Italy,UNEMPLOYMENT_RATE_M,月度失业率,Monthly unemployment rate,2020-06,M,%,SA,level,9.5,Eurostat,une_rt_m,une_rt_m.M.SA.TOTAL.PC_ACT.T,Monthly unemployment rate,https://ec.europa.eu/eurostat/databrowser/view/une_rt_m/default/table,2026-08-12T23:00:00+0200,final,2026-08-13 18:04:54,2026-08-12T23:00:00+0200
IT.UNEMPLOYMENT_RATE_M.EUROSTAT,IT,IT,ITA,意大利,Italy,UNEMPLOYMENT_RATE_M,月度失业率,Monthly unemployment rate,2020-07,M,%,SA,level,10.2,Eurostat,une_rt_m,une_rt_m.M.SA.TOTAL.PC_ACT.T,Monthly unemployment rate,https://ec.europa.eu/eurostat/databrowser/view/une_rt_m/default/table,2026-08-12T23:00:00+0200,final,2026-08-13 18:04:54,2026-08-12T23:00:00+0200
IT.UNEMPLOYMENT_RATE_M.EUROSTAT,IT,IT,ITA,意大利,Italy,UNEMPLOYMENT_RATE_M,月度失业率,Monthly unemployment rate,2020-08,M,%,SA,level,10.1,Eurostat,une_rt_m,une_rt_m.M.SA.TOTAL.PC_ACT.T,Monthly unemployment rate,https://ec.europa.eu/eurostat/databrowser/view/une_rt_m/default/table,2026-08-12T23:00:00+0200,final,2026-08-13 18:04:54,2026-08-12T23:00:00+0200
IT.UNEMPLOYMENT_RATE_M.EUROSTAT,IT,IT,ITA,意大利,Italy,UNEMPLOYMENT_RATE_M,月度失业率,Monthly unemployment rate,2020-09,M,%,SA,level,10.0,Eurostat,une_rt_m,une_rt_m.M.SA.TOTAL.PC_ACT.T,Monthly unemployment rate,https://ec.europa.eu/eurostat/databrowser/view/une_rt_m/default/table,2026-08-12T23:00:00+0200,final,2026-08-13 18:04:54,2026-08-12T23:00:00+0200
IT.UNEMPLOYMENT_RATE_M.EUROSTAT,IT,IT,ITA,意大利,Italy,UNEMPLOYMENT_RATE_M,月度失业率,Monthly unemployment rate,2020-10,M,%,SA,level,10.0,Eurostat,une_rt_m,une_rt_m.M.SA.TOTAL.PC_ACT.T,Monthly unemployment rate,https://ec.europa.eu/eurostat/databrowser/view/une_rt_m/default/table,2026-08-12T23:00:00+0200,final,2026-08-13 18:04:54,2026-08-12T23:00:00+0200
IT.UNEMPLOYMENT_RATE_M.EUROSTAT,IT,IT,ITA,意大利,Italy,UNEMPLOYMENT_RATE_M,月度失业率,Monthly unemployment rate,2020-11,M,%,SA,level,9.5,Eurostat,une_rt_m,une_rt_m.M.SA.TOTAL.PC_ACT.T,Monthly unemployment rate,https://ec.europa.eu/eurostat/databrowser/view/une_rt_m/default/table,2026-08-12T23:00:00+0200,final,2026-08-13 18:04:54,2026-08-12T23:00:00+0200
IT.UNEMPLOYMENT_RATE_M.EUROSTAT,IT,IT,ITA,意大利,Italy,UNEMPLOYMENT_RATE_M,月度失业率,Monthly unemployment rate,2020-12,M,%,SA,level,9.8,Eurostat,une_rt_m,une_rt_m.M.SA.TOTAL.PC_ACT.T,Monthly unemployment rate,https://ec.europa.eu/eurostat/databrowser/view/une_rt_m/default/table,2026-08-12T23:00:00+0200,final,2026-08-13 18:04:54,2026-08-12T23:00:00+0200
IT.UNEMPLOYMENT_RATE_M.EUROSTAT,IT,IT,ITA,意大利,Italy,UNEMPLOYMENT_RATE_M,月度失业率,Monthly unemployment rate,2021-01,M,%,SA,level,10.1,Eurostat,une_rt_m,une_rt_m.M.SA.TOTAL.PC_ACT.T,Monthly unemployment rate,https://ec.europa.eu/eurostat/databrowser/view/une_rt_m/default/table,2026-08-12T23:00:00+0200,final,2026-08-13 18:04:54,2026-08-12T23:00:00+0200
IT.UNEMPLOYMENT_RATE_M.EUROSTAT,IT,IT,ITA,意大利,Italy,UNEMPLOYMENT_RATE_M,月度失业率,Monthly unemployment rate,2021-02,M,%,SA,level,10.2,Eurostat,une_rt_m,une_rt_m.M.SA.TOTAL.PC_ACT.T,Monthly unemployment rate,https://ec.europa.eu/eurostat/databrowser/view/une_rt_m/default/table,2026-08-12T23:00:00+0200,final,2026-08-13 18:04:54,2026-08-12T23:00:00+0200
IT.UNEMPLOYMENT_RATE_M.EUROSTAT,IT,IT,ITA,意大利,Italy,UNEMPLOYMENT_RATE_M,月度失业率,Monthly unemployment rate,2021-03,M,%,SA,level,10.1,Eurostat,une_rt_m,une_rt_m.M.SA.TOTAL.PC_ACT.T,Monthly unemployment rate,https://ec.europa.eu/eurostat/databrowser/view/une_rt_m/default/table,2026-08-12T23:00:00+0200,final,2026-08-13 18:04:54,2026-08-12T23:00:00+0200
IT.UNEMPLOYMENT_RATE_M.EUROSTAT,IT,IT,ITA,意大利,Italy,UNEMPLOYMENT_RATE_M,月度失业率,Monthly unemployment rate,2021-04,M,%,SA,level,10.3,Eurostat,une_rt_m,une_rt_m.M.SA.TOTAL.PC_ACT.T,Monthly unemployment rate,https://ec.europa.eu/eurostat/databrowser/view/une_rt_m/default/table,2026-08-12T23:00:00+0200,final,2026-08-13 18:04:54,2026-08-12T23:00:00+0200
IT.UNEMPLOYMENT_RATE_M.EUROSTAT,IT,IT,ITA,意大利,Italy,UNEMPLOYMENT_RATE_M,月度失业率,Monthly unemployment rate,2021-05,M,%,SA,level,9.9,Eurostat,une_rt_m,une_rt_m.M.SA.TOTAL.PC_ACT.T,Monthly unemployment rate,https://ec.europa.eu/eurostat/databrowser/view/une_rt_m/default/table,2026-08-12T23:00:00+0200,final,2026-08-13 18:04:54,2026-08-12T23:00:00+0200
IT.UNEMPLOYMENT_RATE_M.EUROSTAT,IT,IT,ITA,意大利,Italy,UNEMPLOYMENT_RATE_M,月度失业率,Monthly unemployment rate,2021-06,M,%,SA,level,9.5,Eurostat,une_rt_m,une_rt_m.M.SA.TOTAL.PC_ACT.T,Monthly unemployment rate,https://ec.europa.eu/eurostat/databrowser/view/une_rt_m/default/table,2026-08-12T23:00:00+0200,final,2026-08-13 18:04:54,2026-08-12T23:00:00+0200
IT.UNEMPLOYMENT_RATE_M.EUROSTAT,IT,IT,ITA,意大利,Italy,UNEMPLOYMENT_RATE_M,月度失业率,Monthly unemployment rate,2021-07,M,%,SA,level,9.1,Eurostat,une_rt_m,une_rt_m.M.SA.TOTAL.PC_ACT.T,Monthly unemployment rate,https://ec.europa.eu/eurostat/databrowser/view/une_rt_m/default/table,2026-08-12T23:00:00+0200,final,2026-08-13 18:04:54,2026-08-12T23:00:00+0200
IT.UNEMPLOYMENT_RATE_M.EUROSTAT,IT,IT,ITA,意大利,Italy,UNEMPLOYMENT_RATE_M,月度失业率,Monthly unemployment rate,2021-08,M,%,SA,level,9.1,Eurostat,une_rt_m,une_rt_m.M.SA.TOTAL.PC_ACT.T,Monthly unemployment rate,https://ec.europa.eu/eurostat/databrowser/view/une_rt_m/default/table,2026-08-12T23:00:00+0200,final,2026-08-13 18:04:54,2026-08-12T23:00:00+0200
IT.UNEMPLOYMENT_RATE_M.EUROSTAT,IT,IT,ITA,意大利,Italy,UNEMPLOYMENT_RATE_M,月度失业率,Monthly unemployment rate,2021-09,M,%,SA,level,9.1,Eurostat,une_rt_m,une_rt_m.M.SA.TOTAL.PC_ACT.T,Monthly unemployment rate,https://ec.europa.eu/eurostat/databrowser/view/une_rt_m/default/table,2026-08-12T23:00:00+0200,final,2026-08-13 18:04:54,2026-08-12T23:00:00+0200
IT.UNEMPLOYMENT_RATE_M.EUROSTAT,IT,IT,ITA,意大利,Italy,UNEMPLOYMENT_RATE_M,月度失业率,Monthly unemployment rate,2021-10,M,%,SA,level,9.1,Eurostat,une_rt_m,une_rt_m.M.SA.TOTAL.PC_ACT.T,Monthly unemployment rate,https://ec.europa.eu/eurostat/databrowser/view/une_rt_m/default/table,2026-08-12T23:00:00+0200,final,2026-08-13 18:04:54,2026-08-12T23:00:00+0200
IT.UNEMPLOYMENT_RATE_M.EUROSTAT,IT,IT,ITA,意大利,Italy,UNEMPLOYMENT_RATE_M,月度失业率,Monthly unemployment rate,2021-11,M,%,SA,level,9.1,Eurostat,une_rt_m,une_rt_m.M.SA.TOTAL.PC_ACT.T,Monthly unemployment rate,https://ec.europa.eu/eurostat/databrowser/view/une_rt_m/default/table,2026-08-12T23:00:00+0200,final,2026-08-13 18:04:54,2026-08-12T23:00:00+0200
IT.UNEMPLOYMENT_RATE_M.EUROSTAT,IT,IT,ITA,意大利,Italy,UNEMPLOYMENT_RATE_M,月度失业率,Monthly unemployment rate,2021-12,M,%,SA,level,8.9,Eurostat,une_rt_m,une_rt_m.M.SA.TOTAL.PC_ACT.T,Monthly unemployment rate,https://ec.europa.eu/eurostat/databrowser/view/une_rt_m/default/table,2026-08-12T23:00:00+0200,final,2026-08-13 18:04:54,2026-08-12T23:00:00+0200
IT.UNEMPLOYMENT_RATE_M.EUROSTAT,IT,IT,ITA,意大利,Italy,UNEMPLOYMENT_RATE_M,月度失业率,Monthly unemployment rate,2022-01,M,%,SA,level,8.5,Eurostat,une_rt_m,une_rt_m.M.SA.TOTAL.PC_ACT.T,Monthly unemployment rate,https://ec.europa.eu/eurostat/databrowser/view/une_rt_m/default/table,2026-08-12T23:00:00+0200,final,2026-08-13 18:04:54,2026-08-12T23:00:00+0200
IT.UNEMPLOYMENT_RATE_M.EUROSTAT,IT,IT,ITA,意大利,Italy,UNEMPLOYMENT_RATE_M,月度失业率,Monthly unemployment rate,2022-02,M,%,SA,level,8.3,Eurostat,une_rt_m,une_rt_m.M.SA.TOTAL.PC_ACT.T,Monthly unemployment rate,https://ec.europa.eu/eurostat/databrowser/view/une_rt_m/default/table,2026-08-12T23:00:00+0200,final,2026-08-13 18:04:54,2026-08-12T23:00:00+0200
IT.UNEMPLOYMENT_RATE_M.EUROSTAT,IT,IT,ITA,意大利,Italy,UNEMPLOYMENT_RATE_M,月度失业率,Monthly unemployment rate,2022-03,M,%,SA,level,8.3,Eurostat,une_rt_m,une_rt_m.M.SA.TOTAL.PC_ACT.T,Monthly unemployment rate,https://ec.europa.eu/eurostat/databrowser/view/une_rt_m/default/table,2026-08-12T23:00:00+0200,final,2026-08-13 18:04:54,2026-08-12T23:00:00+0200
IT.UNEMPLOYMENT_RATE_M.EUROSTAT,IT,IT,ITA,意大利,Italy,UNEMPLOYMENT_RATE_M,月度失业率,Monthly unemployment rate,2022-04,M,%,SA,level,8.2,Eurostat,une_rt_m,une_rt_m.M.SA.TOTAL.PC_ACT.T,Monthly unemployment rate,https://ec.europa.eu/eurostat/databrowser/view/une_rt_m/default/table,2026-08-12T23:00:00+0200,final,2026-08-13 18:04:54,2026-08-12T23:00:00+0200
IT.UNEMPLOYMENT_RATE_M.EUROSTAT,IT,IT,ITA,意大利,Italy,UNEMPLOYMENT_RATE_M,月度失业率,Monthly unemployment rate,2022-05,M,%,SA,level,8.1,Eurostat,une_rt_m,une_rt_m.M.SA.TOTAL.PC_ACT.T,Monthly unemployment rate,https://ec.europa.eu/eurostat/databrowser/view/une_rt_m/default/table,2026-08-12T23:00:00+0200,final,2026-08-13 18:04:54,2026-08-12T23:00:00+0200
IT.UNEMPLOYMENT_RATE_M.EUROSTAT,IT,IT,ITA,意大利,Italy,UNEMPLOYMENT_RATE_M,月度失业率,Monthly unemployment rate,2022-06,M,%,SA,level,8.2,Eurostat,une_rt_m,une_rt_m.M.SA.TOTAL.PC_ACT.T,Monthly unemployment rate,https://ec.europa.eu/eurostat/databrowser/view/une_rt_m/default/table,2026-08-12T23:00:00+0200,final,2026-08-13 18:04:54,2026-08-12T23:00:00+0200
IT.UNEMPLOYMENT_RATE_M.EUROSTAT,IT,IT,ITA,意大利,Italy,UNEMPLOYMENT_RATE_M,月度失业率,Monthly unemployment rate,2022-07,M,%,SA,level,8.0,Eurostat,une_rt_m,une_rt_m.M.SA.TOTAL.PC_ACT.T,Monthly unemployment rate,https://ec.europa.eu/eurostat/databrowser/view/une_rt_m/default/table,2026-08-12T23:00:00+0200,final,2026-08-13 18:04:54,2026-08-12T23:00:00+0200
IT.UNEMPLOYMENT_RATE_M.EUROSTAT,IT,IT,ITA,意大利,Italy,UNEMPLOYMENT_RATE_M,月度失业率,Monthly unemployment rate,2022-08,M,%,SA,level,8.1,Eurostat,une_rt_m,une_rt_m.M.SA.TOTAL.PC_ACT.T,Monthly unemployment rate,https://ec.europa.eu/eurostat/databrowser/view/une_rt_m/default/table,2026-08-12T23:00:00+0200,final,2026-08-13 18:04:54,2026-08-12T23:00:00+0200
IT.UNEMPLOYMENT_RATE_M.EUROSTAT,IT,IT,ITA,意大利,Italy,UNEMPLOYMENT_RATE_M,月度失业率,Monthly unemployment rate,2022-09,M,%,SA,level,8.0,Eurostat,une_rt_m,une_rt_m.M.SA.TOTAL.PC_ACT.T,Monthly unemployment rate,https://ec.europa.eu/eurostat/databrowser/view/une_rt_m/default/table,2026-08-12T23:00:00+0200,final,2026-08-13 18:04:54,2026-08-12T23:00:00+0200
IT.UNEMPLOYMENT_RATE_M.EUROSTAT,IT,IT,ITA,意大利,Italy,UNEMPLOYMENT_RATE_M,月度失业率,Monthly unemployment rate,2022-10,M,%,SA,level,7.8,Eurostat,une_rt_m,une_rt_m.M.SA.TOTAL.PC_ACT.T,Monthly unemployment rate,https://ec.europa.eu/eurostat/databrowser/view/une_rt_m/default/table,2026-08-12T23:00:00+0200,final,2026-08-13 18:04:54,2026-08-12T23:00:00+0200
IT.UNEMPLOYMENT_RATE_M.EUROSTAT,IT,IT,ITA,意大利,Italy,UNEMPLOYMENT_RATE_M,月度失业率,Monthly unemployment rate,2022-11,M,%,SA,level,7.8,Eurostat,une_rt_m,une_rt_m.M.SA.TOTAL.PC_ACT.T,Monthly unemployment rate,https://ec.europa.eu/eurostat/databrowser/view/une_rt_m/default/table,2026-08-12T23:00:00+0200,final,2026-08-13 18:04:54,2026-08-12T23:00:00+0200
IT.UNEMPLOYMENT_RATE_M.EUROSTAT,IT,IT,ITA,意大利,Italy,UNEMPLOYMENT_RATE_M,月度失业率,Monthly unemployment rate,2022-12,M,%,SA,level,7.9,Eurostat,une_rt_m,une_rt_m.M.SA.TOTAL.PC_ACT.T,Monthly unemployment rate,https://ec.europa.eu/eurostat/databrowser/view/une_rt_m/default/table,2026-08-12T23:00:00+0200,final,2026-08-13 18:04:54,2026-08-12T23:00:00+0200
IT.UNEMPLOYMENT_RATE_M.EUROSTAT,IT,IT,ITA,意大利,Italy,UNEMPLOYMENT_RATE_M,月度失业率,Monthly unemployment rate,2023-01,M,%,SA,level,7.9,Eurostat,une_rt_m,une_rt_m.M.SA.TOTAL.PC_ACT.T,Monthly unemployment rate,https://ec.europa.eu/eurostat/databrowser/view/une_rt_m/default/table,2026-08-12T23:00:00+0200,final,2026-08-13 18:04:54,2026-08-12T23:00:00+0200
IT.UNEMPLOYMENT_RATE_M.EUROSTAT,IT,IT,ITA,意大利,Italy,UNEMPLOYMENT_RATE_M,月度失业率,Monthly unemployment rate,2023-02,M,%,SA,level,7.8,Eurostat,une_rt_m,une_rt_m.M.SA.TOTAL.PC_ACT.T,Monthly unemployment rate,https://ec.europa.eu/eurostat/databrowser/view/une_rt_m/default/table,2026-08-12T23:00:00+0200,final,2026-08-13 18:04:54,2026-08-12T23:00:00+0200
IT.UNEMPLOYMENT_RATE_M.EUROSTAT,IT,IT,ITA,意大利,Italy,UNEMPLOYMENT_RATE_M,月度失业率,Monthly unemployment rate,2023-03,M,%,SA,level,7.9,Eurostat,une_rt_m,une_rt_m.M.SA.TOTAL.PC_ACT.T,Monthly unemployment rate,https://ec.europa.eu/eurostat/databrowser/view/une_rt_m/default/table,2026-08-12T23:00:00+0200,final,2026-08-13 18:04:54,2026-08-12T23:00:00+0200
IT.UNEMPLOYMENT_RATE_M.EUROSTAT,IT,IT,ITA,意大利,Italy,UNEMPLOYMENT_RATE_M,月度失业率,Monthly unemployment rate,2023-04,M,%,SA,level,7.9,Eurostat,une_rt_m,une_rt_m.M.SA.TOTAL.PC_ACT.T,Monthly unemployment rate,https://ec.europa.eu/eurostat/databrowser/view/une_rt_m/default/table,2026-08-12T23:00:00+0200,final,2026-08-13 18:04:54,2026-08-12T23:00:00+0200
IT.UNEMPLOYMENT_RATE_M.EUROSTAT,IT,IT,ITA,意大利,Italy,UNEMPLOYMENT_RATE_M,月度失业率,Monthly unemployment rate,2023-05,M,%,SA,level,7.8,Eurostat,une_rt_m,une_rt_m.M.SA.TOTAL.PC_ACT.T,Monthly unemployment rate,https://ec.europa.eu/eurostat/databrowser/view/une_rt_m/default/table,2026-08-12T23:00:00+0200,final,2026-08-13 18:04:54,2026-08-12T23:00:00+0200
IT.UNEMPLOYMENT_RATE_M.EUROSTAT,IT,IT,ITA,意大利,Italy,UNEMPLOYMENT_RATE_M,月度失业率,Monthly unemployment rate,2023-06,M,%,SA,level,7.5,Eurostat,une_rt_m,une_rt_m.M.SA.TOTAL.PC_ACT.T,Monthly unemployment rate,https://ec.europa.eu/eurostat/databrowser/view/une_rt_m/default/table,2026-08-12T23:00:00+0200,final,2026-08-13 18:04:54,2026-08-12T23:00:00+0200
IT.UNEMPLOYMENT_RATE_M.EUROSTAT,IT,IT,ITA,意大利,Italy,UNEMPLOYMENT_RATE_M,月度失业率,Monthly unemployment rate,2023-07,M,%,SA,level,7.8,Eurostat,une_rt_m,une_rt_m.M.SA.TOTAL.PC_ACT.T,Monthly unemployment rate,https://ec.europa.eu/eurostat/databrowser/view/une_rt_m/default/table,2026-08-12T23:00:00+0200,final,2026-08-13 18:04:54,2026-08-12T23:00:00+0200
IT.UNEMPLOYMENT_RATE_M.EUROSTAT,IT,IT,ITA,意大利,Italy,UNEMPLOYMENT_RATE_M,月度失业率,Monthly unemployment rate,2023-08,M,%,SA,level,7.6,Eurostat,une_rt_m,une_rt_m.M.SA.TOTAL.PC_ACT.T,Monthly unemployment rate,https://ec.europa.eu/eurostat/databrowser/view/une_rt_m/default/table,2026-08-12T23:00:00+0200,final,2026-08-13 18:04:54,2026-08-12T23:00:00+0200
IT.UNEMPLOYMENT_RATE_M.EUROSTAT,IT,IT,ITA,意大利,Italy,UNEMPLOYMENT_RATE_M,月度失业率,Monthly unemployment rate,2023-09,M,%,SA,level,7.7,Eurostat,une_rt_m,une_rt_m.M.SA.TOTAL.PC_ACT.T,Monthly unemployment rate,https://ec.europa.eu/eurostat/databrowser/view/une_rt_m/default/table,2026-08-12T23:00:00+0200,final,2026-08-13 18:04:54,2026-08-12T23:00:00+0200
IT.UNEMPLOYMENT_RATE_M.EUROSTAT,IT,IT,ITA,意大利,Italy,UNEMPLOYMENT_RATE_M,月度失业率,Monthly unemployment rate,2023-10,M,%,SA,level,7.7,Eurostat,une_rt_m,une_rt_m.M.SA.TOTAL.PC_ACT.T,Monthly unemployment rate,https://ec.europa.eu/eurostat/databrowser/view/une_rt_m/default/table,2026-08-12T23:00:00+0200,final,2026-08-13 18:04:54,2026-08-12T23:00:00+0200
IT.UNEMPLOYMENT_RATE_M.EUROSTAT,IT,IT,ITA,意大利,Italy,UNEMPLOYMENT_RATE_M,月度失业率,Monthly unemployment rate,2023-11,M,%,SA,level,7.5,Eurostat,une_rt_m,une_rt_m.M.SA.TOTAL.PC_ACT.T,Monthly unemployment rate,https://ec.europa.eu/eurostat/databrowser/view/une_rt_m/default/table,2026-08-12T23:00:00+0200,final,2026-08-13 18:04:54,2026-08-12T23:00:00+0200
IT.UNEMPLOYMENT_RATE_M.EUROSTAT,IT,IT,ITA,意大利,Italy,UNEMPLOYMENT_RATE_M,月度失业率,Monthly unemployment rate,2023-12,M,%,SA,level,7.1,Eurostat,une_rt_m,une_rt_m.M.SA.TOTAL.PC_ACT.T,Monthly unemployment rate,https://ec.europa.eu/eurostat/databrowser/view/une_rt_m/default/table,2026-08-12T23:00:00+0200,final,2026-08-13 18:04:54,2026-08-12T23:00:00+0200
IT.UNEMPLOYMENT_RATE_M.EUROSTAT,IT,IT,ITA,意大利,Italy,UNEMPLOYMENT_RATE_M,月度失业率,Monthly unemployment rate,2024-01,M,%,SA,level,7.1,Eurostat,une_rt_m,une_rt_m.M.SA.TOTAL.PC_ACT.T,Monthly unemployment rate,https://ec.europa.eu/eurostat/databrowser/view/une_rt_m/default/table,2026-08-12T23:00:00+0200,final,2026-08-13 18:04:54,2026-08-12T23:00:00+0200
IT.UNEMPLOYMENT_RATE_M.EUROSTAT,IT,IT,ITA,意大利,Italy,UNEMPLOYMENT_RATE_M,月度失业率,Monthly unemployment rate,2024-02,M,%,SA,level,7.3,Eurostat,une_rt_m,une_rt_m.M.SA.TOTAL.PC_ACT.T,Monthly unemployment rate,https://ec.europa.eu/eurostat/databrowser/view/une_rt_m/default/table,2026-08-12T23:00:00+0200,final,2026-08-13 18:04:54,2026-08-12T23:00:00+0200
IT.UNEMPLOYMENT_RATE_M.EUROSTAT,IT,IT,ITA,意大利,Italy,UNEMPLOYMENT_RATE_M,月度失业率,Monthly unemployment rate,2024-03,M,%,SA,level,6.9,Eurostat,une_rt_m,une_rt_m.M.SA.TOTAL.PC_ACT.T,Monthly unemployment rate,https://ec.europa.eu/eurostat/databrowser/view/une_rt_m/default/table,2026-08-12T23:00:00+0200,final,2026-08-13 18:04:54,2026-08-12T23:00:00+0200
IT.UNEMPLOYMENT_RATE_M.EUROSTAT,IT,IT,ITA,意大利,Italy,UNEMPLOYMENT_RATE_M,月度失业率,Monthly unemployment rate,2024-04,M,%,SA,level,6.8,Eurostat,une_rt_m,une_rt_m.M.SA.TOTAL.PC_ACT.T,Monthly unemployment rate,https://ec.europa.eu/eurostat/databrowser/view/une_rt_m/default/table,2026-08-12T23:00:00+0200,final,2026-08-13 18:04:54,2026-08-12T23:00:00+0200
IT.UNEMPLOYMENT_RATE_M.EUROSTAT,IT,IT,ITA,意大利,Italy,UNEMPLOYMENT_RATE_M,月度失业率,Monthly unemployment rate,2024-05,M,%,SA,level,6.5,Eurostat,une_rt_m,une_rt_m.M.SA.TOTAL.PC_ACT.T,Monthly unemployment rate,https://ec.europa.eu/eurostat/databrowser/view/une_rt_m/default/table,2026-08-12T23:00:00+0200,final,2026-08-13 18:04:54,2026-08-12T23:00:00+0200
IT.UNEMPLOYMENT_RATE_M.EUROSTAT,IT,IT,ITA,意大利,Italy,UNEMPLOYMENT_RATE_M,月度失业率,Monthly unemployment rate,2024-06,M,%,SA,level,6.7,Eurostat,une_rt_m,une_rt_m.M.SA.TOTAL.PC_ACT.T,Monthly unemployment rate,https://ec.europa.eu/eurostat/databrowser/view/une_rt_m/default/table,2026-08-12T23:00:00+0200,final,2026-08-13 18:04:54,2026-08-12T23:00:00+0200
IT.UNEMPLOYMENT_RATE_M.EUROSTAT,IT,IT,ITA,意大利,Italy,UNEMPLOYMENT_RATE_M,月度失业率,Monthly unemployment rate,2024-07,M,%,SA,level,6.4,Eurostat,une_rt_m,une_rt_m.M.SA.TOTAL.PC_ACT.T,Monthly unemployment rate,https://ec.europa.eu/eurostat/databrowser/view/une_rt_m/default/table,2026-08-12T23:00:00+0200,final,2026-08-13 18:04:54,2026-08-12T23:00:00+0200
IT.UNEMPLOYMENT_RATE_M.EUROSTAT,IT,IT,ITA,意大利,Italy,UNEMPLOYMENT_RATE_M,月度失业率,Monthly unemployment rate,2024-08,M,%,SA,level,6.4,Eurostat,une_rt_m,une_rt_m.M.SA.TOTAL.PC_ACT.T,Monthly unemployment rate,https://ec.europa.eu/eurostat/databrowser/view/une_rt_m/default/table,2026-08-12T23:00:00+0200,final,2026-08-13 18:04:54,2026-08-12T23:00:00+0200
IT.UNEMPLOYMENT_RATE_M.EUROSTAT,IT,IT,ITA,意大利,Italy,UNEMPLOYMENT_RATE_M,月度失业率,Monthly unemployment rate,2024-09,M,%,SA,level,6.1,Eurostat,une_rt_m,une_rt_m.M.SA.TOTAL.PC_ACT.T,Monthly unemployment rate,https://ec.europa.eu/eurostat/databrowser/view/une_rt_m/default/table,2026-08-12T23:00:00+0200,final,2026-08-13 18:04:54,2026-08-12T23:00:00+0200
IT.UNEMPLOYMENT_RATE_M.EUROSTAT,IT,IT,ITA,意大利,Italy,UNEMPLOYMENT_RATE_M,月度失业率,Monthly unemployment rate,2024-10,M,%,SA,level,6.1,Eurostat,une_rt_m,une_rt_m.M.SA.TOTAL.PC_ACT.T,Monthly unemployment rate,https://ec.europa.eu/eurostat/databrowser/view/une_rt_m/default/table,2026-08-12T23:00:00+0200,final,2026-08-13 18:04:54,2026-08-12T23:00:00+0200
IT.UNEMPLOYMENT_RATE_M.EUROSTAT,IT,IT,ITA,意大利,Italy,UNEMPLOYMENT_RATE_M,月度失业率,Monthly unemployment rate,2024-11,M,%,SA,level,6.2,Eurostat,une_rt_m,une_rt_m.M.SA.TOTAL.PC_ACT.T,Monthly unemployment rate,https://ec.europa.eu/eurostat/databrowser/view/une_rt_m/default/table,2026-08-12T23:00:00+0200,final,2026-08-13 18:04:54,2026-08-12T23:00:00+0200
IT.UNEMPLOYMENT_RATE_M.EUROSTAT,IT,IT,ITA,意大利,Italy,UNEMPLOYMENT_RATE_M,月度失业率,Monthly unemployment rate,2024-12,M,%,SA,level,6.4,Eurostat,une_rt_m,une_rt_m.M.SA.TOTAL.PC_ACT.T,Monthly unemployment rate,https://ec.europa.eu/eurostat/databrowser/view/une_rt_m/default/table,2026-08-12T23:00:00+0200,final,2026-08-13 18:04:54,2026-08-12T23:00:00+0200
IT.UNEMPLOYMENT_RATE_M.EUROSTAT,IT,IT,ITA,意大利,Italy,UNEMPLOYMENT_RATE_M,月度失业率,Monthly unemployment rate,2025-01,M,%,SA,level,6.5,Eurostat,une_rt_m,une_rt_m.M.SA.TOTAL.PC_ACT.T,Monthly unemployment rate,https://ec.europa.eu/eurostat/databrowser/view/une_rt_m/default/table,2026-08-12T23:00:00+0200,final,2026-08-13 18:04:54,2026-08-12T23:00:00+0200
IT.UNEMPLOYMENT_RATE_M.EUROSTAT,IT,IT,ITA,意大利,Italy,UNEMPLOYMENT_RATE_M,月度失业率,Monthly unemployment rate,2025-02,M,%,SA,level,6.1,Eurostat,une_rt_m,une_rt_m.M.SA.TOTAL.PC_ACT.T,Monthly unemployment rate,https://ec.europa.eu/eurostat/databrowser/view/une_rt_m/default/table,2026-08-12T23:00:00+0200,final,2026-08-13 18:04:54,2026-08-12T23:00:00+0200
IT.UNEMPLOYMENT_RATE_M.EUROSTAT,IT,IT,ITA,意大利,Italy,UNEMPLOYMENT_RATE_M,月度失业率,Monthly unemployment rate,2025-03,M,%,SA,level,6.3,Eurostat,une_rt_m,une_rt_m.M.SA.TOTAL.PC_ACT.T,Monthly unemployment rate,https://ec.europa.eu/eurostat/databrowser/view/une_rt_m/default/table,2026-08-12T23:00:00+0200,final,2026-08-13 18:04:54,2026-08-12T23:00:00+0200
IT.UNEMPLOYMENT_RATE_M.EUROSTAT,IT,IT,ITA,意大利,Italy,UNEMPLOYMENT_RATE_M,月度失业率,Monthly unemployment rate,2025-04,M,%,SA,level,6.2,Eurostat,une_rt_m,une_rt_m.M.SA.TOTAL.PC_ACT.T,Monthly unemployment rate,https://ec.europa.eu/eurostat/databrowser/view/une_rt_m/default/table,2026-08-12T23:00:00+0200,final,2026-08-13 18:04:54,2026-08-12T23:00:00+0200
IT.UNEMPLOYMENT_RATE_M.EUROSTAT,IT,IT,ITA,意大利,Italy,UNEMPLOYMENT_RATE_M,月度失业率,Monthly unemployment rate,2025-05,M,%,SA,level,6.4,Eurostat,une_rt_m,une_rt_m.M.SA.TOTAL.PC_ACT.T,Monthly unemployment rate,https://ec.europa.eu/eurostat/databrowser/view/une_rt_m/default/table,2026-08-12T23:00:00+0200,final,2026-08-13 18:04:54,2026-08-12T23:00:00+0200
IT.UNEMPLOYMENT_RATE_M.EUROSTAT,IT,IT,ITA,意大利,Italy,UNEMPLOYMENT_RATE_M,月度失业率,Monthly unemployment rate,2025-06,M,%,SA,level,5.9,Eurostat,une_rt_m,une_rt_m.M.SA.TOTAL.PC_ACT.T,Monthly unemployment rate,https://ec.europa.eu/eurostat/databrowser/view/une_rt_m/default/table,2026-08-12T23:00:00+0200,final,2026-08-13 18:04:54,2026-08-12T23:00:00+0200
IT.UNEMPLOYMENT_RATE_M.EUROSTAT,IT,IT,ITA,意大利,Italy,UNEMPLOYMENT_RATE_M,月度失业率,Monthly unemployment rate,2025-07,M,%,SA,level,6.0,Eurostat,une_rt_m,une_rt_m.M.SA.TOTAL.PC_ACT.T,Monthly unemployment rate,https://ec.europa.eu/eurostat/databrowser/view/une_rt_m/default/table,2026-08-12T23:00:00+0200,final,2026-08-13 18:04:54,2026-08-12T23:00:00+0200
IT.UNEMPLOYMENT_RATE_M.EUROSTAT,IT,IT,ITA,意大利,Italy,UNEMPLOYMENT_RATE_M,月度失业率,Monthly unemployment rate,2025-08,M,%,SA,level,6.0,Eurostat,une_rt_m,une_rt_m.M.SA.TOTAL.PC_ACT.T,Monthly unemployment rate,https://ec.europa.eu/eurostat/databrowser/view/une_rt_m/default/table,2026-08-12T23:00:00+0200,final,2026-08-13 18:04:54,2026-08-12T23:00:00+0200
IT.UNEMPLOYMENT_RATE_M.EUROSTAT,IT,IT,ITA,意大利,Italy,UNEMPLOYMENT_RATE_M,月度失业率,Monthly unemployment rate,2025-09,M,%,SA,level,6.0,Eurostat,une_rt_m,une_rt_m.M.SA.TOTAL.PC_ACT.T,Monthly unemployment rate,https://ec.europa.eu/eurostat/databrowser/view/une_rt_m/default/table,2026-08-12T23:00:00+0200,final,2026-08-13 18:04:54,2026-08-12T23:00:00+0200
IT.UNEMPLOYMENT_RATE_M.EUROSTAT,IT,IT,ITA,意大利,Italy,UNEMPLOYMENT_RATE_M,月度失业率,Monthly unemployment rate,2025-10,M,%,SA,level,5.8,Eurostat,une_rt_m,une_rt_m.M.SA.TOTAL.PC_ACT.T,Monthly unemployment rate,https://ec.europa.eu/eurostat/databrowser/view/une_rt_m/default/table,2026-08-12T23:00:00+0200,final,2026-08-13 18:04:54,2026-08-12T23:00:00+0200
IT.UNEMPLOYMENT_RATE_M.EUROSTAT,IT,IT,ITA,意大利,Italy,UNEMPLOYMENT_RATE_M,月度失业率,Monthly unemployment rate,2025-11,M,%,SA,level,5.7,Eurostat,une_rt_m,une_rt_m.M.SA.TOTAL.PC_ACT.T,Monthly unemployment rate,https://ec.europa.eu/eurostat/databrowser/view/une_rt_m/default/table,2026-08-12T23:00:00+0200,final,2026-08-13 18:04:54,2026-08-12T23:00:00+0200
IT.UNEMPLOYMENT_RATE_M.EUROSTAT,IT,IT,ITA,意大利,Italy,UNEMPLOYMENT_RATE_M,月度失业率,Monthly unemployment rate,2025-12,M,%,SA,level,5.6,Eurostat,une_rt_m,une_rt_m.M.SA.TOTAL.PC_ACT.T,Monthly unemployment rate,https://ec.europa.eu/eurostat/databrowser/view/une_rt_m/default/table,2026-08-12T23:00:00+0200,final,2026-08-13 18:04:54,2026-08-12T23:00:00+0200
IT.UNEMPLOYMENT_RATE_M.EUROSTAT,IT,IT,ITA,意大利,Italy,UNEMPLOYMENT_RATE_M,月度失业率,Monthly unemployment rate,2026-01,M,%,SA,level,5.4,Eurostat,une_rt_m,une_rt_m.M.SA.TOTAL.PC_ACT.T,Monthly unemployment rate,https://ec.europa.eu/eurostat/databrowser/view/une_rt_m/default/table,2026-08-12T23:00:00+0200,final,2026-08-13 18:04:54,2026-08-12T23:00:00+0200
IT.UNEMPLOYMENT_RATE_M.EUROSTAT,IT,IT,ITA,意大利,Italy,UNEMPLOYMENT_RATE_M,月度失业率,Monthly unemployment rate,2026-02,M,%,SA,level,5.5,Eurostat,une_rt_m,une_rt_m.M.SA.TOTAL.PC_ACT.T,Monthly unemployment rate,https://ec.europa.eu/eurostat/databrowser/view/une_rt_m/default/table,2026-08-12T23:00:00+0200,final,2026-08-13 18:04:54,2026-08-12T23:00:00+0200
IT.UNEMPLOYMENT_RATE_M.EUROSTAT,IT,IT,ITA,意大利,Italy,UNEMPLOYMENT_RATE_M,月度失业率,Monthly unemployment rate,2026-03,M,%,SA,level,5.4,Eurostat,une_rt_m,une_rt_m.M.SA.TOTAL.PC_ACT.T,Monthly unemployment rate,https://ec.europa.eu/eurostat/databrowser/view/une_rt_m/default/table,2026-08-12T23:00:00+0200,final,2026-08-13 18:04:54,2026-08-12T23:00:00+0200
IT.UNEMPLOYMENT_RATE_M.EUROSTAT,IT,IT,ITA,意大利,Italy,UNEMPLOYMENT_RATE_M,月度失业率,Monthly unemployment rate,2026-04,M,%,SA,level,5.4,Eurostat,une_rt_m,une_rt_m.M.SA.TOTAL.PC_ACT.T,Monthly unemployment rate,https://ec.europa.eu/eurostat/databrowser/view/une_rt_m/default/table,2026-08-12T23:00:00+0200,final,2026-08-13 18:04:54,2026-08-12T23:00:00+0200
IT.UNEMPLOYMENT_RATE_M.EUROSTAT,IT,IT,ITA,意大利,Italy,UNEMPLOYMENT_RATE_M,月度失业率,Monthly unemployment rate,2026-05,M,%,SA,level,5.3,Eurostat,une_rt_m,une_rt_m.M.SA.TOTAL.PC_ACT.T,Monthly unemployment rate,https://ec.europa.eu/eurostat/databrowser/view/une_rt_m/default/table,2026-08-12T23:00:00+0200,final,2026-08-13 18:04:54,2026-08-12T23:00:00+0200
IT.UNEMPLOYMENT_RATE_M.EUROSTAT,IT,IT,ITA,意大利,Italy,UNEMPLOYMENT_RATE_M,月度失业率,Monthly unemployment rate,2026-06,M,%,SA,level,5.7,Eurostat,une_rt_m,une_rt_m.M.SA.TOTAL.PC_ACT.T,Monthly unemployment rate,https://ec.europa.eu/eurostat/databrowser/view/une_rt_m/default/table,2026-08-12T23:00:00+0200,final,2026-08-13 18:04:54,2026-08-12T23:00:00+0200
EA.INDUSTRIAL_PRODUCTION_INDEX_M.EUROSTAT,EA,EA,EA20,欧元区,Euro area,INDUSTRIAL_PRODUCTION_INDEX_M,工业生产指数,Industrial production index,2015-01,M,index (2021=100),SCA,level,93.2,Eurostat,sts_inpr_m,sts_inpr_m.M.PRD.B-D.SCA.I21,Industrial production index,https://ec.europa.eu/eurostat/databrowser/view/sts_inpr_m/default/table,2026-08-13T11:00:00+0200,final,2026-08-13 18:04:54,2026-08-13T11:00:00+0200
EA.INDUSTRIAL_PRODUCTION_INDEX_M.EUROSTAT,EA,EA,EA20,欧元区,Euro area,INDUSTRIAL_PRODUCTION_INDEX_M,工业生产指数,Industrial production index,2015-02,M,index (2021=100),SCA,level,95.6,Eurostat,sts_inpr_m,sts_inpr_m.M.PRD.B-D.SCA.I21,Industrial production index,https://ec.europa.eu/eurostat/databrowser/view/sts_inpr_m/default/table,2026-08-13T11:00:00+0200,final,2026-08-13 18:04:54,2026-08-13T11:00:00+0200
EA.INDUSTRIAL_PRODUCTION_INDEX_M.EUROSTAT,EA,EA,EA20,欧元区,Euro area,INDUSTRIAL_PRODUCTION_INDEX_M,工业生产指数,Industrial production index,2015-03,M,index (2021=100),SCA,level,95.8,Eurostat,sts_inpr_m,sts_inpr_m.M.PRD.B-D.SCA.I21,Industrial production index,https://ec.europa.eu/eurostat/databrowser/view/sts_inpr_m/default/table,2026-08-13T11:00:00+0200,final,2026-08-13 18:04:54,2026-08-13T11:00:00+0200
EA.INDUSTRIAL_PRODUCTION_INDEX_M.EUROSTAT,EA,EA,EA20,欧元区,Euro area,INDUSTRIAL_PRODUCTION_INDEX_M,工业生产指数,Industrial production index,2015-04,M,index (2021=100),SCA,level,95.1,Eurostat,sts_inpr_m,sts_inpr_m.M.PRD.B-D.SCA.I21,Industrial production index,https://ec.europa.eu/eurostat/databrowser/view/sts_inpr_m/default/table,2026-08-13T11:00:00+0200,final,2026-08-13 18:04:54,2026-08-13T11:00:00+0200
EA.INDUSTRIAL_PRODUCTION_INDEX_M.EUROSTAT,EA,EA,EA20,欧元区,Euro area,INDUSTRIAL_PRODUCTION_INDEX_M,工业生产指数,Industrial production index,2015-05,M,index (2021=100),SCA,level,95.7,Eurostat,sts_inpr_m,sts_inpr_m.M.PRD.B-D.SCA.I21,Industrial production index,https://ec.europa.eu/eurostat/databrowser/view/sts_inpr_m/default/table,2026-08-13T11:00:00+0200,final,2026-08-13 18:04:54,2026-08-13T11:00:00+0200
EA.INDUSTRIAL_PRODUCTION_INDEX_M.EUROSTAT,EA,EA,EA20,欧元区,Euro area,INDUSTRIAL_PRODUCTION_INDEX_M,工业生产指数,Industrial production index,2015-06,M,index (2021=100),SCA,level,96.0,Eurostat,sts_inpr_m,sts_inpr_m.M.PRD.B-D.SCA.I21,Industrial production index,https://ec.europa.eu/eurostat/databrowser/view/sts_inpr_m/default/table,2026-08-13T11:00:00+0200,final,2026-08-13 18:04:54,2026-08-13T11:00:00+0200
EA.INDUSTRIAL_PRODUCTION_INDEX_M.EUROSTAT,EA,EA,EA20,欧元区,Euro area,INDUSTRIAL_PRODUCTION_INDEX_M,工业生产指数,Industrial production index,2015-07,M,index (2021=100),SCA,level,96.6,Eurostat,sts_inpr_m,sts_inpr_m.M.PRD.B-D.SCA.I21,Industrial production index,https://ec.europa.eu/eurostat/databrowser/view/sts_inpr_m/default/table,2026-08-13T11:00:00+0200,final,2026-08-13 18:04:54,2026-08-13T11:00:00+0200
EA.INDUSTRIAL_PRODUCTION_INDEX_M.EUROSTAT,EA,EA,EA20,欧元区,Euro area,INDUSTRIAL_PRODUCTION_INDEX_M,工业生产指数,Industrial production index,2015-08,M,index (2021=100),SCA,level,95.3,Eurostat,sts_inpr_m,sts_inpr_m.M.PRD.B-D.SCA.I21,Industrial production index,https://ec.europa.eu/eurostat/databrowser/view/sts_inpr_m/default/table,2026-08-13T11:00:00+0200,final,2026-08-13 18:04:54,2026-08-13T11:00:00+0200
EA.INDUSTRIAL_PRODUCTION_INDEX_M.EUROSTAT,EA,EA,EA20,欧元区,Euro area,INDUSTRIAL_PRODUCTION_INDEX_M,工业生产指数,Industrial production index,2015-09,M,index (2021=100),SCA,level,95.7,Eurostat,sts_inpr_m,sts_inpr_m.M.PRD.B-D.SCA.I21,Industrial production index,https://ec.europa.eu/eurostat/databrowser/view/sts_inpr_m/default/table,2026-08-13T11:00:00+0200,final,2026-08-13 18:04:54,2026-08-13T11:00:00+0200
EA.INDUSTRIAL_PRODUCTION_INDEX_M.EUROSTAT,EA,EA,EA20,欧元区,Euro area,INDUSTRIAL_PRODUCTION_INDEX_M,工业生产指数,Industrial production index,2015-10,M,index (2021=100),SCA,level,95.9,Eurostat,sts_inpr_m,sts_inpr_m.M.PRD.B-D.SCA.I21,Industrial production index,https://ec.europa.eu/eurostat/databrowser/view/sts_inpr_m/default/table,2026-08-13T11:00:00+0200,final,2026-08-13 18:04:54,2026-08-13T11:00:00+0200
EA.INDUSTRIAL_PRODUCTION_INDEX_M.EUROSTAT,EA,EA,EA20,欧元区,Euro area,INDUSTRIAL_PRODUCTION_INDEX_M,工业生产指数,Industrial production index,2015-11,M,index (2021=100),SCA,level,95.5,Eurostat,sts_inpr_m,sts_inpr_m.M.PRD.B-D.SCA.I21,Industrial production index,https://ec.europa.eu/eurostat/databrowser/view/sts_inpr_m/default/table,2026-08-13T11:00:00+0200,final,2026-08-13 18:04:54,2026-08-13T11:00:00+0200
EA.INDUSTRIAL_PRODUCTION_INDEX_M.EUROSTAT,EA,EA,EA20,欧元区,Euro area,INDUSTRIAL_PRODUCTION_INDEX_M,工业生产指数,Industrial production index,2015-12,M,index (2021=100),SCA,level,95.4,Eurostat,sts_inpr_m,sts_inpr_m.M.PRD.B-D.SCA.I21,Industrial production index,https://ec.europa.eu/eurostat/databrowser/view/sts_inpr_m/default/table,2026-08-13T11:00:00+0200,final,2026-08-13 18:04:54,2026-08-13T11:00:00+0200
EA.INDUSTRIAL_PRODUCTION_INDEX_M.EUROSTAT,EA,EA,EA20,欧元区,Euro area,INDUSTRIAL_PRODUCTION_INDEX_M,工业生产指数,Industrial production index,2016-01,M,index (2021=100),SCA,level,97.3,Eurostat,sts_inpr_m,sts_inpr_m.M.PRD.B-D.SCA.I21,Industrial production index,https://ec.europa.eu/eurostat/databrowser/view/sts_inpr_m/default/table,2026-08-13T11:00:00+0200,final,2026-08-13 18:04:54,2026-08-13T11:00:00+0200
EA.INDUSTRIAL_PRODUCTION_INDEX_M.EUROSTAT,EA,EA,EA20,欧元区,Euro area,INDUSTRIAL_PRODUCTION_INDEX_M,工业生产指数,Industrial production index,2016-02,M,index (2021=100),SCA,level,95.9,Eurostat,sts_inpr_m,sts_inpr_m.M.PRD.B-D.SCA.I21,Industrial production index,https://ec.europa.eu/eurostat/databrowser/view/sts_inpr_m/default/table,2026-08-13T11:00:00+0200,final,2026-08-13 18:04:54,2026-08-13T11:00:00+0200
EA.INDUSTRIAL_PRODUCTION_INDEX_M.EUROSTAT,EA,EA,EA20,欧元区,Euro area,INDUSTRIAL_PRODUCTION_INDEX_M,工业生产指数,Industrial production index,2016-03,M,index (2021=100),SCA,level,95.4,Eurostat,sts_inpr_m,sts_inpr_m.M.PRD.B-D.SCA.I21,Industrial production index,https://ec.europa.eu/eurostat/databrowser/view/sts_inpr_m/default/table,2026-08-13T11:00:00+0200,final,2026-08-13 18:04:54,2026-08-13T11:00:00+0200
EA.INDUSTRIAL_PRODUCTION_INDEX_M.EUROSTAT,EA,EA,EA20,欧元区,Euro area,INDUSTRIAL_PRODUCTION_INDEX_M,工业生产指数,Industrial production index,2016-04,M,index (2021=100),SCA,level,96.8,Eurostat,sts_inpr_m,sts_inpr_m.M.PRD.B-D.SCA.I21,Industrial production index,https://ec.europa.eu/eurostat/databrowser/view/sts_inpr_m/default/table,2026-08-13T11:00:00+0200,final,2026-08-13 18:04:54,2026-08-13T11:00:00+0200
EA.INDUSTRIAL_PRODUCTION_INDEX_M.EUROSTAT,EA,EA,EA20,欧元区,Euro area,INDUSTRIAL_PRODUCTION_INDEX_M,工业生产指数,Industrial production index,2016-05,M,index (2021=100),SCA,level,95.3,Eurostat,sts_inpr_m,sts_inpr_m.M.PRD.B-D.SCA.I21,Industrial production index,https://ec.europa.eu/eurostat/databrowser/view/sts_inpr_m/default/table,2026-08-13T11:00:00+0200,final,2026-08-13 18:04:54,2026-08-13T11:00:00+0200
EA.INDUSTRIAL_PRODUCTION_INDEX_M.EUROSTAT,EA,EA,EA20,欧元区,Euro area,INDUSTRIAL_PRODUCTION_INDEX_M,工业生产指数,Industrial production index,2016-06,M,index (2021=100),SCA,level,96.2,Eurostat,sts_inpr_m,sts_inpr_m.M.PRD.B-D.SCA.I21,Industrial production index,https://ec.europa.eu/eurostat/databrowser/view/sts_inpr_m/default/table,2026-08-13T11:00:00+0200,final,2026-08-13 18:04:54,2026-08-13T11:00:00+0200
EA.INDUSTRIAL_PRODUCTION_INDEX_M.EUROSTAT,EA,EA,EA20,欧元区,Euro area,INDUSTRIAL_PRODUCTION_INDEX_M,工业生产指数,Industrial production index,2016-07,M,index (2021=100),SCA,level,96.0,Eurostat,sts_inpr_m,sts_inpr_m.M.PRD.B-D.SCA.I21,Industrial production index,https://ec.europa.eu/eurostat/databrowser/view/sts_inpr_m/default/table,2026-08-13T11:00:00+0200,final,2026-08-13 18:04:54,2026-08-13T11:00:00+0200
EA.INDUSTRIAL_PRODUCTION_INDEX_M.EUROSTAT,EA,EA,EA20,欧元区,Euro area,INDUSTRIAL_PRODUCTION_INDEX_M,工业生产指数,Industrial production index,2016-08,M,index (2021=100),SCA,level,96.1,Eurostat,sts_inpr_m,sts_inpr_m.M.PRD.B-D.SCA.I21,Industrial production index,https://ec.europa.eu/eurostat/databrowser/view/sts_inpr_m/default/table,2026-08-13T11:00:00+0200,final,2026-08-13 18:04:54,2026-08-13T11:00:00+0200
EA.INDUSTRIAL_PRODUCTION_INDEX_M.EUROSTAT,EA,EA,EA20,欧元区,Euro area,INDUSTRIAL_PRODUCTION_INDEX_M,工业生产指数,Industrial production index,2016-09,M,index (2021=100),SCA,level,96.3,Eurostat,sts_inpr_m,sts_inpr_m.M.PRD.B-D.SCA.I21,Industrial production index,https://ec.europa.eu/eurostat/databrowser/view/sts_inpr_m/default/table,2026-08-13T11:00:00+0200,final,2026-08-13 18:04:54,2026-08-13T11:00:00+0200
EA.INDUSTRIAL_PRODUCTION_INDEX_M.EUROSTAT,EA,EA,EA20,欧元区,Euro area,INDUSTRIAL_PRODUCTION_INDEX_M,工业生产指数,Industrial production index,2016-10,M,index (2021=100),SCA,level,97.0,Eurostat,sts_inpr_m,sts_inpr_m.M.PRD.B-D.SCA.I21,Industrial production index,https://ec.europa.eu/eurostat/databrowser/view/sts_inpr_m/default/table,2026-08-13T11:00:00+0200,final,2026-08-13 18:04:54,2026-08-13T11:00:00+0200
EA.INDUSTRIAL_PRODUCTION_INDEX_M.EUROSTAT,EA,EA,EA20,欧元区,Euro area,INDUSTRIAL_PRODUCTION_INDEX_M,工业生产指数,Industrial production index,2016-11,M,index (2021=100),SCA,level,97.4,Eurostat,sts_inpr_m,sts_inpr_m.M.PRD.B-D.SCA.I21,Industrial production index,https://ec.europa.eu/eurostat/databrowser/view/sts_inpr_m/default/table,2026-08-13T11:00:00+0200,final,2026-08-13 18:04:54,2026-08-13T11:00:00+0200
EA.INDUSTRIAL_PRODUCTION_INDEX_M.EUROSTAT,EA,EA,EA20,欧元区,Euro area,INDUSTRIAL_PRODUCTION_INDEX_M,工业生产指数,Industrial production index,2016-12,M,index (2021=100),SCA,level,97.0,Eurostat,sts_inpr_m,sts_inpr_m.M.PRD.B-D.SCA.I21,Industrial production index,https://ec.europa.eu/eurostat/databrowser/view/sts_inpr_m/default/table,2026-08-13T11:00:00+0200,final,2026-08-13 18:04:54,2026-08-13T11:00:00+0200
EA.INDUSTRIAL_PRODUCTION_INDEX_M.EUROSTAT,EA,EA,EA20,欧元区,Euro area,INDUSTRIAL_PRODUCTION_INDEX_M,工业生产指数,Industrial production index,2017-01,M,index (2021=100),SCA,level,97.0,Eurostat,sts_inpr_m,sts_inpr_m.M.PRD.B-D.SCA.I21,Industrial production index,https://ec.europa.eu/eurostat/databrowser/view/sts_inpr_m/default/table,2026-08-13T11:00:00+0200,final,2026-08-13 18:04:54,2026-08-13T11:00:00+0200
EA.INDUSTRIAL_PRODUCTION_INDEX_M.EUROSTAT,EA,EA,EA20,欧元区,Euro area,INDUSTRIAL_PRODUCTION_INDEX_M,工业生产指数,Industrial production index,2017-02,M,index (2021=100),SCA,level,97.6,Eurostat,sts_inpr_m,sts_inpr_m.M.PRD.B-D.SCA.I21,Industrial production index,https://ec.europa.eu/eurostat/databrowser/view/sts_inpr_m/default/table,2026-08-13T11:00:00+0200,final,2026-08-13 18:04:54,2026-08-13T11:00:00+0200
EA.INDUSTRIAL_PRODUCTION_INDEX_M.EUROSTAT,EA,EA,EA20,欧元区,Euro area,INDUSTRIAL_PRODUCTION_INDEX_M,工业生产指数,Industrial production index,2017-03,M,index (2021=100),SCA,level,97.5,Eurostat,sts_inpr_m,sts_inpr_m.M.PRD.B-D.SCA.I21,Industrial production index,https://ec.europa.eu/eurostat/databrowser/view/sts_inpr_m/default/table,2026-08-13T11:00:00+0200,final,2026-08-13 18:04:54,2026-08-13T11:00:00+0200
EA.INDUSTRIAL_PRODUCTION_INDEX_M.EUROSTAT,EA,EA,EA20,欧元区,Euro area,INDUSTRIAL_PRODUCTION_INDEX_M,工业生产指数,Industrial production index,2017-04,M,index (2021=100),SCA,level,98.3,Eurostat,sts_inpr_m,sts_inpr_m.M.PRD.B-D.SCA.I21,Industrial production index,https://ec.europa.eu/eurostat/databrowser/view/sts_inpr_m/default/table,2026-08-13T11:00:00+0200,final,2026-08-13 18:04:54,2026-08-13T11:00:00+0200
EA.INDUSTRIAL_PRODUCTION_INDEX_M.EUROSTAT,EA,EA,EA20,欧元区,Euro area,INDUSTRIAL_PRODUCTION_INDEX_M,工业生产指数,Industrial production index,2017-05,M,index (2021=100),SCA,level,98.7,Eurostat,sts_inpr_m,sts_inpr_m.M.PRD.B-D.SCA.I21,Industrial production index,https://ec.europa.eu/eurostat/databrowser/view/sts_inpr_m/default/table,2026-08-13T11:00:00+0200,final,2026-08-13 18:04:54,2026-08-13T11:00:00+0200
EA.INDUSTRIAL_PRODUCTION_INDEX_M.EUROSTAT,EA,EA,EA20,欧元区,Euro area,INDUSTRIAL_PRODUCTION_INDEX_M,工业生产指数,Industrial production index,2017-06,M,index (2021=100),SCA,level,98.7,Eurostat,sts_inpr_m,sts_inpr_m.M.PRD.B-D.SCA.I21,Industrial production index,https://ec.europa.eu/eurostat/databrowser/view/sts_inpr_m/default/table,2026-08-13T11:00:00+0200,final,2026-08-13 18:04:54,2026-08-13T11:00:00+0200
EA.INDUSTRIAL_PRODUCTION_INDEX_M.EUROSTAT,EA,EA,EA20,欧元区,Euro area,INDUSTRIAL_PRODUCTION_INDEX_M,工业生产指数,Industrial production index,2017-07,M,index (2021=100),SCA,level,99.7,Eurostat,sts_inpr_m,sts_inpr_m.M.PRD.B-D.SCA.I21,Industrial production index,https://ec.europa.eu/eurostat/databrowser/view/sts_inpr_m/default/table,2026-08-13T11:00:00+0200,final,2026-08-13 18:04:54,2026-08-13T11:00:00+0200
EA.INDUSTRIAL_PRODUCTION_INDEX_M.EUROSTAT,EA,EA,EA20,欧元区,Euro area,INDUSTRIAL_PRODUCTION_INDEX_M,工业生产指数,Industrial production index,2017-08,M,index (2021=100),SCA,level,100.6,Eurostat,sts_inpr_m,sts_inpr_m.M.PRD.B-D.SCA.I21,Industrial production index,https://ec.europa.eu/eurostat/databrowser/view/sts_inpr_m/default/table,2026-08-13T11:00:00+0200,final,2026-08-13 18:04:54,2026-08-13T11:00:00+0200
EA.INDUSTRIAL_PRODUCTION_INDEX_M.EUROSTAT,EA,EA,EA20,欧元区,Euro area,INDUSTRIAL_PRODUCTION_INDEX_M,工业生产指数,Industrial production index,2017-09,M,index (2021=100),SCA,level,100.1,Eurostat,sts_inpr_m,sts_inpr_m.M.PRD.B-D.SCA.I21,Industrial production index,https://ec.europa.eu/eurostat/databrowser/view/sts_inpr_m/default/table,2026-08-13T11:00:00+0200,final,2026-08-13 18:04:54,2026-08-13T11:00:00+0200
EA.INDUSTRIAL_PRODUCTION_INDEX_M.EUROSTAT,EA,EA,EA20,欧元区,Euro area,INDUSTRIAL_PRODUCTION_INDEX_M,工业生产指数,Industrial production index,2017-10,M,index (2021=100),SCA,level,100.2,Eurostat,sts_inpr_m,sts_inpr_m.M.PRD.B-D.SCA.I21,Industrial production index,https://ec.europa.eu/eurostat/databrowser/view/sts_inpr_m/default/table,2026-08-13T11:00:00+0200,final,2026-08-13 18:04:54,2026-08-13T11:00:00+0200
EA.INDUSTRIAL_PRODUCTION_INDEX_M.EUROSTAT,EA,EA,EA20,欧元区,Euro area,INDUSTRIAL_PRODUCTION_INDEX_M,工业生产指数,Industrial production index,2017-11,M,index (2021=100),SCA,level,102.9,Eurostat,sts_inpr_m,sts_inpr_m.M.PRD.B-D.SCA.I21,Industrial production index,https://ec.europa.eu/eurostat/databrowser/view/sts_inpr_m/default/table,2026-08-13T11:00:00+0200,final,2026-08-13 18:04:54,2026-08-13T11:00:00+0200
EA.INDUSTRIAL_PRODUCTION_INDEX_M.EUROSTAT,EA,EA,EA20,欧元区,Euro area,INDUSTRIAL_PRODUCTION_INDEX_M,工业生产指数,Industrial production index,2017-12,M,index (2021=100),SCA,level,102.8,Eurostat,sts_inpr_m,sts_inpr_m.M.PRD.B-D.SCA.I21,Industrial production index,https://ec.europa.eu/eurostat/databrowser/view/sts_inpr_m/default/table,2026-08-13T11:00:00+0200,final,2026-08-13 18:04:54,2026-08-13T11:00:00+0200
EA.INDUSTRIAL_PRODUCTION_INDEX_M.EUROSTAT,EA,EA,EA20,欧元区,Euro area,INDUSTRIAL_PRODUCTION_INDEX_M,工业生产指数,Industrial production index,2018-01,M,index (2021=100),SCA,level,100.8,Eurostat,sts_inpr_m,sts_inpr_m.M.PRD.B-D.SCA.I21,Industrial production index,https://ec.europa.eu/eurostat/databrowser/view/sts_inpr_m/default/table,2026-08-13T11:00:00+0200,final,2026-08-13 18:04:54,2026-08-13T11:00:00+0200
EA.INDUSTRIAL_PRODUCTION_INDEX_M.EUROSTAT,EA,EA,EA20,欧元区,Euro area,INDUSTRIAL_PRODUCTION_INDEX_M,工业生产指数,Industrial production index,2018-02,M,index (2021=100),SCA,level,99.9,Eurostat,sts_inpr_m,sts_inpr_m.M.PRD.B-D.SCA.I21,Industrial production index,https://ec.europa.eu/eurostat/databrowser/view/sts_inpr_m/default/table,2026-08-13T11:00:00+0200,final,2026-08-13 18:04:54,2026-08-13T11:00:00+0200
EA.INDUSTRIAL_PRODUCTION_INDEX_M.EUROSTAT,EA,EA,EA20,欧元区,Euro area,INDUSTRIAL_PRODUCTION_INDEX_M,工业生产指数,Industrial production index,2018-03,M,index (2021=100),SCA,level,100.4,Eurostat,sts_inpr_m,sts_inpr_m.M.PRD.B-D.SCA.I21,Industrial production index,https://ec.europa.eu/eurostat/databrowser/view/sts_inpr_m/default/table,2026-08-13T11:00:00+0200,final,2026-08-13 18:04:54,2026-08-13T11:00:00+0200
EA.INDUSTRIAL_PRODUCTION_INDEX_M.EUROSTAT,EA,EA,EA20,欧元区,Euro area,INDUSTRIAL_PRODUCTION_INDEX_M,工业生产指数,Industrial production index,2018-04,M,index (2021=100),SCA,level,100.0,Eurostat,sts_inpr_m,sts_inpr_m.M.PRD.B-D.SCA.I21,Industrial production index,https://ec.europa.eu/eurostat/databrowser/view/sts_inpr_m/default/table,2026-08-13T11:00:00+0200,final,2026-08-13 18:04:54,2026-08-13T11:00:00+0200
EA.INDUSTRIAL_PRODUCTION_INDEX_M.EUROSTAT,EA,EA,EA20,欧元区,Euro area,INDUSTRIAL_PRODUCTION_INDEX_M,工业生产指数,Industrial production index,2018-05,M,index (2021=100),SCA,level,101.3,Eurostat,sts_inpr_m,sts_inpr_m.M.PRD.B-D.SCA.I21,Industrial production index,https://ec.europa.eu/eurostat/databrowser/view/sts_inpr_m/default/table,2026-08-13T11:00:00+0200,final,2026-08-13 18:04:54,2026-08-13T11:00:00+0200
EA.INDUSTRIAL_PRODUCTION_INDEX_M.EUROSTAT,EA,EA,EA20,欧元区,Euro area,INDUSTRIAL_PRODUCTION_INDEX_M,工业生产指数,Industrial production index,2018-06,M,index (2021=100),SCA,level,101.2,Eurostat,sts_inpr_m,sts_inpr_m.M.PRD.B-D.SCA.I21,Industrial production index,https://ec.europa.eu/eurostat/databrowser/view/sts_inpr_m/default/table,2026-08-13T11:00:00+0200,final,2026-08-13 18:04:54,2026-08-13T11:00:00+0200
EA.INDUSTRIAL_PRODUCTION_INDEX_M.EUROSTAT,EA,EA,EA20,欧元区,Euro area,INDUSTRIAL_PRODUCTION_INDEX_M,工业生产指数,Industrial production index,2018-07,M,index (2021=100),SCA,level,99.8,Eurostat,sts_inpr_m,sts_inpr_m.M.PRD.B-D.SCA.I21,Industrial production index,https://ec.europa.eu/eurostat/databrowser/view/sts_inpr_m/default/table,2026-08-13T11:00:00+0200,final,2026-08-13 18:04:54,2026-08-13T11:00:00+0200
EA.INDUSTRIAL_PRODUCTION_INDEX_M.EUROSTAT,EA,EA,EA20,欧元区,Euro area,INDUSTRIAL_PRODUCTION_INDEX_M,工业生产指数,Industrial production index,2018-08,M,index (2021=100),SCA,level,101.1,Eurostat,sts_inpr_m,sts_inpr_m.M.PRD.B-D.SCA.I21,Industrial production index,https://ec.europa.eu/eurostat/databrowser/view/sts_inpr_m/default/table,2026-08-13T11:00:00+0200,final,2026-08-13 18:04:54,2026-08-13T11:00:00+0200
EA.INDUSTRIAL_PRODUCTION_INDEX_M.EUROSTAT,EA,EA,EA20,欧元区,Euro area,INDUSTRIAL_PRODUCTION_INDEX_M,工业生产指数,Industrial production index,2018-09,M,index (2021=100),SCA,level,100.3,Eurostat,sts_inpr_m,sts_inpr_m.M.PRD.B-D.SCA.I21,Industrial production index,https://ec.europa.eu/eurostat/databrowser/view/sts_inpr_m/default/table,2026-08-13T11:00:00+0200,final,2026-08-13 18:04:54,2026-08-13T11:00:00+0200
EA.INDUSTRIAL_PRODUCTION_INDEX_M.EUROSTAT,EA,EA,EA20,欧元区,Euro area,INDUSTRIAL_PRODUCTION_INDEX_M,工业生产指数,Industrial production index,2018-10,M,index (2021=100),SCA,level,100.6,Eurostat,sts_inpr_m,sts_inpr_m.M.PRD.B-D.SCA.I21,Industrial production index,https://ec.europa.eu/eurostat/databrowser/view/sts_inpr_m/default/table,2026-08-13T11:00:00+0200,final,2026-08-13 18:04:54,2026-08-13T11:00:00+0200
EA.INDUSTRIAL_PRODUCTION_INDEX_M.EUROSTAT,EA,EA,EA20,欧元区,Euro area,INDUSTRIAL_PRODUCTION_INDEX_M,工业生产指数,Industrial production index,2018-11,M,index (2021=100),SCA,level,99.2,Eurostat,sts_inpr_m,sts_inpr_m.M.PRD.B-D.SCA.I21,Industrial production index,https://ec.europa.eu/eurostat/databrowser/view/sts_inpr_m/default/table,2026-08-13T11:00:00+0200,final,2026-08-13 18:04:54,2026-08-13T11:00:00+0200
EA.INDUSTRIAL_PRODUCTION_INDEX_M.EUROSTAT,EA,EA,EA20,欧元区,Euro area,INDUSTRIAL_PRODUCTION_INDEX_M,工业生产指数,Industrial production index,2018-12,M,index (2021=100),SCA,level,99.4,Eurostat,sts_inpr_m,sts_inpr_m.M.PRD.B-D.SCA.I21,Industrial production index,https://ec.europa.eu/eurostat/databrowser/view/sts_inpr_m/default/table,2026-08-13T11:00:00+0200,final,2026-08-13 18:04:54,2026-08-13T11:00:00+0200
EA.INDUSTRIAL_PRODUCTION_INDEX_M.EUROSTAT,EA,EA,EA20,欧元区,Euro area,INDUSTRIAL_PRODUCTION_INDEX_M,工业生产指数,Industrial production index,2019-01,M,index (2021=100),SCA,level,100.4,Eurostat,sts_inpr_m,sts_inpr_m.M.PRD.B-D.SCA.I21,Industrial production index,https://ec.europa.eu/eurostat/databrowser/view/sts_inpr_m/default/table,2026-08-13T11:00:00+0200,final,2026-08-13 18:04:54,2026-08-13T11:00:00+0200
EA.INDUSTRIAL_PRODUCTION_INDEX_M.EUROSTAT,EA,EA,EA20,欧元区,Euro area,INDUSTRIAL_PRODUCTION_INDEX_M,工业生产指数,Industrial production index,2019-02,M,index (2021=100),SCA,level,99.8,Eurostat,sts_inpr_m,sts_inpr_m.M.PRD.B-D.SCA.I21,Industrial production index,https://ec.europa.eu/eurostat/databrowser/view/sts_inpr_m/default/table,2026-08-13T11:00:00+0200,final,2026-08-13 18:04:54,2026-08-13T11:00:00+0200
EA.INDUSTRIAL_PRODUCTION_INDEX_M.EUROSTAT,EA,EA,EA20,欧元区,Euro area,INDUSTRIAL_PRODUCTION_INDEX_M,工业生产指数,Industrial production index,2019-03,M,index (2021=100),SCA,level,99.9,Eurostat,sts_inpr_m,sts_inpr_m.M.PRD.B-D.SCA.I21,Industrial production index,https://ec.europa.eu/eurostat/databrowser/view/sts_inpr_m/default/table,2026-08-13T11:00:00+0200,final,2026-08-13 18:04:54,2026-08-13T11:00:00+0200
EA.INDUSTRIAL_PRODUCTION_INDEX_M.EUROSTAT,EA,EA,EA20,欧元区,Euro area,INDUSTRIAL_PRODUCTION_INDEX_M,工业生产指数,Industrial production index,2019-04,M,index (2021=100),SCA,level,99.8,Eurostat,sts_inpr_m,sts_inpr_m.M.PRD.B-D.SCA.I21,Industrial production index,https://ec.europa.eu/eurostat/databrowser/view/sts_inpr_m/default/table,2026-08-13T11:00:00+0200,final,2026-08-13 18:04:54,2026-08-13T11:00:00+0200
EA.INDUSTRIAL_PRODUCTION_INDEX_M.EUROSTAT,EA,EA,EA20,欧元区,Euro area,INDUSTRIAL_PRODUCTION_INDEX_M,工业生产指数,Industrial production index,2019-05,M,index (2021=100),SCA,level,100.3,Eurostat,sts_inpr_m,sts_inpr_m.M.PRD.B-D.SCA.I21,Industrial production index,https://ec.europa.eu/eurostat/databrowser/view/sts_inpr_m/default/table,2026-08-13T11:00:00+0200,final,2026-08-13 18:04:54,2026-08-13T11:00:00+0200
EA.INDUSTRIAL_PRODUCTION_INDEX_M.EUROSTAT,EA,EA,EA20,欧元区,Euro area,INDUSTRIAL_PRODUCTION_INDEX_M,工业生产指数,Industrial production index,2019-06,M,index (2021=100),SCA,level,99.2,Eurostat,sts_inpr_m,sts_inpr_m.M.PRD.B-D.SCA.I21,Industrial production index,https://ec.europa.eu/eurostat/databrowser/view/sts_inpr_m/default/table,2026-08-13T11:00:00+0200,final,2026-08-13 18:04:54,2026-08-13T11:00:00+0200
EA.INDUSTRIAL_PRODUCTION_INDEX_M.EUROSTAT,EA,EA,EA20,欧元区,Euro area,INDUSTRIAL_PRODUCTION_INDEX_M,工业生产指数,Industrial production index,2019-07,M,index (2021=100),SCA,level,98.9,Eurostat,sts_inpr_m,sts_inpr_m.M.PRD.B-D.SCA.I21,Industrial production index,https://ec.europa.eu/eurostat/databrowser/view/sts_inpr_m/default/table,2026-08-13T11:00:00+0200,final,2026-08-13 18:04:54,2026-08-13T11:00:00+0200
EA.INDUSTRIAL_PRODUCTION_INDEX_M.EUROSTAT,EA,EA,EA20,欧元区,Euro area,INDUSTRIAL_PRODUCTION_INDEX_M,工业生产指数,Industrial production index,2019-08,M,index (2021=100),SCA,level,99.4,Eurostat,sts_inpr_m,sts_inpr_m.M.PRD.B-D.SCA.I21,Industrial production index,https://ec.europa.eu/eurostat/databrowser/view/sts_inpr_m/default/table,2026-08-13T11:00:00+0200,final,2026-08-13 18:04:54,2026-08-13T11:00:00+0200
EA.INDUSTRIAL_PRODUCTION_INDEX_M.EUROSTAT,EA,EA,EA20,欧元区,Euro area,INDUSTRIAL_PRODUCTION_INDEX_M,工业生产指数,Industrial production index,2019-09,M,index (2021=100),SCA,level,99.3,Eurostat,sts_inpr_m,sts_inpr_m.M.PRD.B-D.SCA.I21,Industrial production index,https://ec.europa.eu/eurostat/databrowser/view/sts_inpr_m/default/table,2026-08-13T11:00:00+0200,final,2026-08-13 18:04:54,2026-08-13T11:00:00+0200
EA.INDUSTRIAL_PRODUCTION_INDEX_M.EUROSTAT,EA,EA,EA20,欧元区,Euro area,INDUSTRIAL_PRODUCTION_INDEX_M,工业生产指数,Industrial production index,2019-10,M,index (2021=100),SCA,level,99.9,Eurostat,sts_inpr_m,sts_inpr_m.M.PRD.B-D.SCA.I21,Industrial production index,https://ec.europa.eu/eurostat/databrowser/view/sts_inpr_m/default/table,2026-08-13T11:00:00+0200,final,2026-08-13 18:04:54,2026-08-13T11:00:00+0200
EA.INDUSTRIAL_PRODUCTION_INDEX_M.EUROSTAT,EA,EA,EA20,欧元区,Euro area,INDUSTRIAL_PRODUCTION_INDEX_M,工业生产指数,Industrial production index,2019-11,M,index (2021=100),SCA,level,98.5,Eurostat,sts_inpr_m,sts_inpr_m.M.PRD.B-D.SCA.I21,Industrial production index,https://ec.europa.eu/eurostat/databrowser/view/sts_inpr_m/default/table,2026-08-13T11:00:00+0200,final,2026-08-13 18:04:54,2026-08-13T11:00:00+0200
EA.INDUSTRIAL_PRODUCTION_INDEX_M.EUROSTAT,EA,EA,EA20,欧元区,Euro area,INDUSTRIAL_PRODUCTION_INDEX_M,工业生产指数,Industrial production index,2019-12,M,index (2021=100),SCA,level,96.7,Eurostat,sts_inpr_m,sts_inpr_m.M.PRD.B-D.SCA.I21,Industrial production index,https://ec.europa.eu/eurostat/databrowser/view/sts_inpr_m/default/table,2026-08-13T11:00:00+0200,final,2026-08-13 18:04:54,2026-08-13T11:00:00+0200
EA.INDUSTRIAL_PRODUCTION_INDEX_M.EUROSTAT,EA,EA,EA20,欧元区,Euro area,INDUSTRIAL_PRODUCTION_INDEX_M,工业生产指数,Industrial production index,2020-01,M,index (2021=100),SCA,level,99.2,Eurostat,sts_inpr_m,sts_inpr_m.M.PRD.B-D.SCA.I21,Industrial production index,https://ec.europa.eu/eurostat/databrowser/view/sts_inpr_m/default/table,2026-08-13T11:00:00+0200,final,2026-08-13 18:04:54,2026-08-13T11:00:00+0200
EA.INDUSTRIAL_PRODUCTION_INDEX_M.EUROSTAT,EA,EA,EA20,欧元区,Euro area,INDUSTRIAL_PRODUCTION_INDEX_M,工业生产指数,Industrial production index,2020-02,M,index (2021=100),SCA,level,98.6,Eurostat,sts_inpr_m,sts_inpr_m.M.PRD.B-D.SCA.I21,Industrial production index,https://ec.europa.eu/eurostat/databrowser/view/sts_inpr_m/default/table,2026-08-13T11:00:00+0200,final,2026-08-13 18:04:54,2026-08-13T11:00:00+0200
EA.INDUSTRIAL_PRODUCTION_INDEX_M.EUROSTAT,EA,EA,EA20,欧元区,Euro area,INDUSTRIAL_PRODUCTION_INDEX_M,工业生产指数,Industrial production index,2020-03,M,index (2021=100),SCA,level,87.4,Eurostat,sts_inpr_m,sts_inpr_m.M.PRD.B-D.SCA.I21,Industrial production index,https://ec.europa.eu/eurostat/databrowser/view/sts_inpr_m/default/table,2026-08-13T11:00:00+0200,final,2026-08-13 18:04:54,2026-08-13T11:00:00+0200
EA.INDUSTRIAL_PRODUCTION_INDEX_M.EUROSTAT,EA,EA,EA20,欧元区,Euro area,INDUSTRIAL_PRODUCTION_INDEX_M,工业生产指数,Industrial production index,2020-04,M,index (2021=100),SCA,level,71.2,Eurostat,sts_inpr_m,sts_inpr_m.M.PRD.B-D.SCA.I21,Industrial production index,https://ec.europa.eu/eurostat/databrowser/view/sts_inpr_m/default/table,2026-08-13T11:00:00+0200,final,2026-08-13 18:04:54,2026-08-13T11:00:00+0200
EA.INDUSTRIAL_PRODUCTION_INDEX_M.EUROSTAT,EA,EA,EA20,欧元区,Euro area,INDUSTRIAL_PRODUCTION_INDEX_M,工业生产指数,Industrial production index,2020-05,M,index (2021=100),SCA,level,81.2,Eurostat,sts_inpr_m,sts_inpr_m.M.PRD.B-D.SCA.I21,Industrial production index,https://ec.europa.eu/eurostat/databrowser/view/sts_inpr_m/default/table,2026-08-13T11:00:00+0200,final,2026-08-13 18:04:54,2026-08-13T11:00:00+0200
EA.INDUSTRIAL_PRODUCTION_INDEX_M.EUROSTAT,EA,EA,EA20,欧元区,Euro area,INDUSTRIAL_PRODUCTION_INDEX_M,工业生产指数,Industrial production index,2020-06,M,index (2021=100),SCA,level,88.7,Eurostat,sts_inpr_m,sts_inpr_m.M.PRD.B-D.SCA.I21,Industrial production index,https://ec.europa.eu/eurostat/databrowser/view/sts_inpr_m/default/table,2026-08-13T11:00:00+0200,final,2026-08-13 18:04:54,2026-08-13T11:00:00+0200
EA.INDUSTRIAL_PRODUCTION_INDEX_M.EUROSTAT,EA,EA,EA20,欧元区,Euro area,INDUSTRIAL_PRODUCTION_INDEX_M,工业生产指数,Industrial production index,2020-07,M,index (2021=100),SCA,level,92.8,Eurostat,sts_inpr_m,sts_inpr_m.M.PRD.B-D.SCA.I21,Industrial production index,https://ec.europa.eu/eurostat/databrowser/view/sts_inpr_m/default/table,2026-08-13T11:00:00+0200,final,2026-08-13 18:04:54,2026-08-13T11:00:00+0200
EA.INDUSTRIAL_PRODUCTION_INDEX_M.EUROSTAT,EA,EA,EA20,欧元区,Euro area,INDUSTRIAL_PRODUCTION_INDEX_M,工业生产指数,Industrial production index,2020-08,M,index (2021=100),SCA,level,93.6,Eurostat,sts_inpr_m,sts_inpr_m.M.PRD.B-D.SCA.I21,Industrial production index,https://ec.europa.eu/eurostat/databrowser/view/sts_inpr_m/default/table,2026-08-13T11:00:00+0200,final,2026-08-13 18:04:54,2026-08-13T11:00:00+0200
EA.INDUSTRIAL_PRODUCTION_INDEX_M.EUROSTAT,EA,EA,EA20,欧元区,Euro area,INDUSTRIAL_PRODUCTION_INDEX_M,工业生产指数,Industrial production index,2020-09,M,index (2021=100),SCA,level,94.0,Eurostat,sts_inpr_m,sts_inpr_m.M.PRD.B-D.SCA.I21,Industrial production index,https://ec.europa.eu/eurostat/databrowser/view/sts_inpr_m/default/table,2026-08-13T11:00:00+0200,final,2026-08-13 18:04:54,2026-08-13T11:00:00+0200
EA.INDUSTRIAL_PRODUCTION_INDEX_M.EUROSTAT,EA,EA,EA20,欧元区,Euro area,INDUSTRIAL_PRODUCTION_INDEX_M,工业生产指数,Industrial production index,2020-10,M,index (2021=100),SCA,level,96.8,Eurostat,sts_inpr_m,sts_inpr_m.M.PRD.B-D.SCA.I21,Industrial production index,https://ec.europa.eu/eurostat/databrowser/view/sts_inpr_m/default/table,2026-08-13T11:00:00+0200,final,2026-08-13 18:04:54,2026-08-13T11:00:00+0200
EA.INDUSTRIAL_PRODUCTION_INDEX_M.EUROSTAT,EA,EA,EA20,欧元区,Euro area,INDUSTRIAL_PRODUCTION_INDEX_M,工业生产指数,Industrial production index,2020-11,M,index (2021=100),SCA,level,99.4,Eurostat,sts_inpr_m,sts_inpr_m.M.PRD.B-D.SCA.I21,Industrial production index,https://ec.europa.eu/eurostat/databrowser/view/sts_inpr_m/default/table,2026-08-13T11:00:00+0200,final,2026-08-13 18:04:54,2026-08-13T11:00:00+0200
EA.INDUSTRIAL_PRODUCTION_INDEX_M.EUROSTAT,EA,EA,EA20,欧元区,Euro area,INDUSTRIAL_PRODUCTION_INDEX_M,工业生产指数,Industrial production index,2020-12,M,index (2021=100),SCA,level,98.6,Eurostat,sts_inpr_m,sts_inpr_m.M.PRD.B-D.SCA.I21,Industrial production index,https://ec.europa.eu/eurostat/databrowser/view/sts_inpr_m/default/table,2026-08-13T11:00:00+0200,final,2026-08-13 18:04:54,2026-08-13T11:00:00+0200
EA.INDUSTRIAL_PRODUCTION_INDEX_M.EUROSTAT,EA,EA,EA20,欧元区,Euro area,INDUSTRIAL_PRODUCTION_INDEX_M,工业生产指数,Industrial production index,2021-01,M,index (2021=100),SCA,level,100.2,Eurostat,sts_inpr_m,sts_inpr_m.M.PRD.B-D.SCA.I21,Industrial production index,https://ec.europa.eu/eurostat/databrowser/view/sts_inpr_m/default/table,2026-08-13T11:00:00+0200,final,2026-08-13 18:04:54,2026-08-13T11:00:00+0200
EA.INDUSTRIAL_PRODUCTION_INDEX_M.EUROSTAT,EA,EA,EA20,欧元区,Euro area,INDUSTRIAL_PRODUCTION_INDEX_M,工业生产指数,Industrial production index,2021-02,M,index (2021=100),SCA,level,98.8,Eurostat,sts_inpr_m,sts_inpr_m.M.PRD.B-D.SCA.I21,Industrial production index,https://ec.europa.eu/eurostat/databrowser/view/sts_inpr_m/default/table,2026-08-13T11:00:00+0200,final,2026-08-13 18:04:54,2026-08-13T11:00:00+0200
EA.INDUSTRIAL_PRODUCTION_INDEX_M.EUROSTAT,EA,EA,EA20,欧元区,Euro area,INDUSTRIAL_PRODUCTION_INDEX_M,工业生产指数,Industrial production index,2021-03,M,index (2021=100),SCA,level,100.0,Eurostat,sts_inpr_m,sts_inpr_m.M.PRD.B-D.SCA.I21,Industrial production index,https://ec.europa.eu/eurostat/databrowser/view/sts_inpr_m/default/table,2026-08-13T11:00:00+0200,final,2026-08-13 18:04:54,2026-08-13T11:00:00+0200
EA.INDUSTRIAL_PRODUCTION_INDEX_M.EUROSTAT,EA,EA,EA20,欧元区,Euro area,INDUSTRIAL_PRODUCTION_INDEX_M,工业生产指数,Industrial production index,2021-04,M,index (2021=100),SCA,level,100.8,Eurostat,sts_inpr_m,sts_inpr_m.M.PRD.B-D.SCA.I21,Industrial production index,https://ec.europa.eu/eurostat/databrowser/view/sts_inpr_m/default/table,2026-08-13T11:00:00+0200,final,2026-08-13 18:04:54,2026-08-13T11:00:00+0200
EA.INDUSTRIAL_PRODUCTION_INDEX_M.EUROSTAT,EA,EA,EA20,欧元区,Euro area,INDUSTRIAL_PRODUCTION_INDEX_M,工业生产指数,Industrial production index,2021-05,M,index (2021=100),SCA,level,99.5,Eurostat,sts_inpr_m,sts_inpr_m.M.PRD.B-D.SCA.I21,Industrial production index,https://ec.europa.eu/eurostat/databrowser/view/sts_inpr_m/default/table,2026-08-13T11:00:00+0200,final,2026-08-13 18:04:54,2026-08-13T11:00:00+0200
EA.INDUSTRIAL_PRODUCTION_INDEX_M.EUROSTAT,EA,EA,EA20,欧元区,Euro area,INDUSTRIAL_PRODUCTION_INDEX_M,工业生产指数,Industrial production index,2021-06,M,index (2021=100),SCA,level,100.0,Eurostat,sts_inpr_m,sts_inpr_m.M.PRD.B-D.SCA.I21,Industrial production index,https://ec.europa.eu/eurostat/databrowser/view/sts_inpr_m/default/table,2026-08-13T11:00:00+0200,final,2026-08-13 18:04:54,2026-08-13T11:00:00+0200
EA.INDUSTRIAL_PRODUCTION_INDEX_M.EUROSTAT,EA,EA,EA20,欧元区,Euro area,INDUSTRIAL_PRODUCTION_INDEX_M,工业生产指数,Industrial production index,2021-07,M,index (2021=100),SCA,level,101.3,Eurostat,sts_inpr_m,sts_inpr_m.M.PRD.B-D.SCA.I21,Industrial production index,https://ec.europa.eu/eurostat/databrowser/view/sts_inpr_m/default/table,2026-08-13T11:00:00+0200,final,2026-08-13 18:04:54,2026-08-13T11:00:00+0200
EA.INDUSTRIAL_PRODUCTION_INDEX_M.EUROSTAT,EA,EA,EA20,欧元区,Euro area,INDUSTRIAL_PRODUCTION_INDEX_M,工业生产指数,Industrial production index,2021-08,M,index (2021=100),SCA,level,99.0,Eurostat,sts_inpr_m,sts_inpr_m.M.PRD.B-D.SCA.I21,Industrial production index,https://ec.europa.eu/eurostat/databrowser/view/sts_inpr_m/default/table,2026-08-13T11:00:00+0200,final,2026-08-13 18:04:54,2026-08-13T11:00:00+0200
EA.INDUSTRIAL_PRODUCTION_INDEX_M.EUROSTAT,EA,EA,EA20,欧元区,Euro area,INDUSTRIAL_PRODUCTION_INDEX_M,工业生产指数,Industrial production index,2021-09,M,index (2021=100),SCA,level,99.1,Eurostat,sts_inpr_m,sts_inpr_m.M.PRD.B-D.SCA.I21,Industrial production index,https://ec.europa.eu/eurostat/databrowser/view/sts_inpr_m/default/table,2026-08-13T11:00:00+0200,final,2026-08-13 18:04:54,2026-08-13T11:00:00+0200
EA.INDUSTRIAL_PRODUCTION_INDEX_M.EUROSTAT,EA,EA,EA20,欧元区,Euro area,INDUSTRIAL_PRODUCTION_INDEX_M,工业生产指数,Industrial production index,2021-10,M,index (2021=100),SCA,level,99.3,Eurostat,sts_inpr_m,sts_inpr_m.M.PRD.B-D.SCA.I21,Industrial production index,https://ec.europa.eu/eurostat/databrowser/view/sts_inpr_m/default/table,2026-08-13T11:00:00+0200,final,2026-08-13 18:04:54,2026-08-13T11:00:00+0200
EA.INDUSTRIAL_PRODUCTION_INDEX_M.EUROSTAT,EA,EA,EA20,欧元区,Euro area,INDUSTRIAL_PRODUCTION_INDEX_M,工业生产指数,Industrial production index,2021-11,M,index (2021=100),SCA,level,100.0,Eurostat,sts_inpr_m,sts_inpr_m.M.PRD.B-D.SCA.I21,Industrial production index,https://ec.europa.eu/eurostat/databrowser/view/sts_inpr_m/default/table,2026-08-13T11:00:00+0200,final,2026-08-13 18:04:54,2026-08-13T11:00:00+0200
EA.INDUSTRIAL_PRODUCTION_INDEX_M.EUROSTAT,EA,EA,EA20,欧元区,Euro area,INDUSTRIAL_PRODUCTION_INDEX_M,工业生产指数,Industrial production index,2021-12,M,index (2021=100),SCA,level,102.1,Eurostat,sts_inpr_m,sts_inpr_m.M.PRD.B-D.SCA.I21,Industrial production index,https://ec.europa.eu/eurostat/databrowser/view/sts_inpr_m/default/table,2026-08-13T11:00:00+0200,final,2026-08-13 18:04:54,2026-08-13T11:00:00+0200
EA.INDUSTRIAL_PRODUCTION_INDEX_M.EUROSTAT,EA,EA,EA20,欧元区,Euro area,INDUSTRIAL_PRODUCTION_INDEX_M,工业生产指数,Industrial production index,2022-01,M,index (2021=100),SCA,level,101.2,Eurostat,sts_inpr_m,sts_inpr_m.M.PRD.B-D.SCA.I21,Industrial production index,https://ec.europa.eu/eurostat/databrowser/view/sts_inpr_m/default/table,2026-08-13T11:00:00+0200,final,2026-08-13 18:04:54,2026-08-13T11:00:00+0200
EA.INDUSTRIAL_PRODUCTION_INDEX_M.EUROSTAT,EA,EA,EA20,欧元区,Euro area,INDUSTRIAL_PRODUCTION_INDEX_M,工业生产指数,Industrial production index,2022-02,M,index (2021=100),SCA,level,101.9,Eurostat,sts_inpr_m,sts_inpr_m.M.PRD.B-D.SCA.I21,Industrial production index,https://ec.europa.eu/eurostat/databrowser/view/sts_inpr_m/default/table,2026-08-13T11:00:00+0200,final,2026-08-13 18:04:54,2026-08-13T11:00:00+0200
EA.INDUSTRIAL_PRODUCTION_INDEX_M.EUROSTAT,EA,EA,EA20,欧元区,Euro area,INDUSTRIAL_PRODUCTION_INDEX_M,工业生产指数,Industrial production index,2022-03,M,index (2021=100),SCA,level,100.0,Eurostat,sts_inpr_m,sts_inpr_m.M.PRD.B-D.SCA.I21,Industrial production index,https://ec.europa.eu/eurostat/databrowser/view/sts_inpr_m/default/table,2026-08-13T11:00:00+0200,final,2026-08-13 18:04:54,2026-08-13T11:00:00+0200
EA.INDUSTRIAL_PRODUCTION_INDEX_M.EUROSTAT,EA,EA,EA20,欧元区,Euro area,INDUSTRIAL_PRODUCTION_INDEX_M,工业生产指数,Industrial production index,2022-04,M,index (2021=100),SCA,level,100.2,Eurostat,sts_inpr_m,sts_inpr_m.M.PRD.B-D.SCA.I21,Industrial production index,https://ec.europa.eu/eurostat/databrowser/view/sts_inpr_m/default/table,2026-08-13T11:00:00+0200,final,2026-08-13 18:04:54,2026-08-13T11:00:00+0200
EA.INDUSTRIAL_PRODUCTION_INDEX_M.EUROSTAT,EA,EA,EA20,欧元区,Euro area,INDUSTRIAL_PRODUCTION_INDEX_M,工业生产指数,Industrial production index,2022-05,M,index (2021=100),SCA,level,102.3,Eurostat,sts_inpr_m,sts_inpr_m.M.PRD.B-D.SCA.I21,Industrial production index,https://ec.europa.eu/eurostat/databrowser/view/sts_inpr_m/default/table,2026-08-13T11:00:00+0200,final,2026-08-13 18:04:54,2026-08-13T11:00:00+0200
EA.INDUSTRIAL_PRODUCTION_INDEX_M.EUROSTAT,EA,EA,EA20,欧元区,Euro area,INDUSTRIAL_PRODUCTION_INDEX_M,工业生产指数,Industrial production index,2022-06,M,index (2021=100),SCA,level,102.2,Eurostat,sts_inpr_m,sts_inpr_m.M.PRD.B-D.SCA.I21,Industrial production index,https://ec.europa.eu/eurostat/databrowser/view/sts_inpr_m/default/table,2026-08-13T11:00:00+0200,final,2026-08-13 18:04:54,2026-08-13T11:00:00+0200
EA.INDUSTRIAL_PRODUCTION_INDEX_M.EUROSTAT,EA,EA,EA20,欧元区,Euro area,INDUSTRIAL_PRODUCTION_INDEX_M,工业生产指数,Industrial production index,2022-07,M,index (2021=100),SCA,level,100.4,Eurostat,sts_inpr_m,sts_inpr_m.M.PRD.B-D.SCA.I21,Industrial production index,https://ec.europa.eu/eurostat/databrowser/view/sts_inpr_m/default/table,2026-08-13T11:00:00+0200,final,2026-08-13 18:04:54,2026-08-13T11:00:00+0200
EA.INDUSTRIAL_PRODUCTION_INDEX_M.EUROSTAT,EA,EA,EA20,欧元区,Euro area,INDUSTRIAL_PRODUCTION_INDEX_M,工业生产指数,Industrial production index,2022-08,M,index (2021=100),SCA,level,102.5,Eurostat,sts_inpr_m,sts_inpr_m.M.PRD.B-D.SCA.I21,Industrial production index,https://ec.europa.eu/eurostat/databrowser/view/sts_inpr_m/default/table,2026-08-13T11:00:00+0200,final,2026-08-13 18:04:54,2026-08-13T11:00:00+0200
EA.INDUSTRIAL_PRODUCTION_INDEX_M.EUROSTAT,EA,EA,EA20,欧元区,Euro area,INDUSTRIAL_PRODUCTION_INDEX_M,工业生产指数,Industrial production index,2022-09,M,index (2021=100),SCA,level,103.7,Eurostat,sts_inpr_m,sts_inpr_m.M.PRD.B-D.SCA.I21,Industrial production index,https://ec.europa.eu/eurostat/databrowser/view/sts_inpr_m/default/table,2026-08-13T11:00:00+0200,final,2026-08-13 18:04:54,2026-08-13T11:00:00+0200
EA.INDUSTRIAL_PRODUCTION_INDEX_M.EUROSTAT,EA,EA,EA20,欧元区,Euro area,INDUSTRIAL_PRODUCTION_INDEX_M,工业生产指数,Industrial production index,2022-10,M,index (2021=100),SCA,level,102.6,Eurostat,sts_inpr_m,sts_inpr_m.M.PRD.B-D.SCA.I21,Industrial production index,https://ec.europa.eu/eurostat/databrowser/view/sts_inpr_m/default/table,2026-08-13T11:00:00+0200,final,2026-08-13 18:04:54,2026-08-13T11:00:00+0200
EA.INDUSTRIAL_PRODUCTION_INDEX_M.EUROSTAT,EA,EA,EA20,欧元区,Euro area,INDUSTRIAL_PRODUCTION_INDEX_M,工业生产指数,Industrial production index,2022-11,M,index (2021=100),SCA,level,102.9,Eurostat,sts_inpr_m,sts_inpr_m.M.PRD.B-D.SCA.I21,Industrial production index,https://ec.europa.eu/eurostat/databrowser/view/sts_inpr_m/default/table,2026-08-13T11:00:00+0200,final,2026-08-13 18:04:54,2026-08-13T11:00:00+0200
EA.INDUSTRIAL_PRODUCTION_INDEX_M.EUROSTAT,EA,EA,EA20,欧元区,Euro area,INDUSTRIAL_PRODUCTION_INDEX_M,工业生产指数,Industrial production index,2022-12,M,index (2021=100),SCA,level,100.8,Eurostat,sts_inpr_m,sts_inpr_m.M.PRD.B-D.SCA.I21,Industrial production index,https://ec.europa.eu/eurostat/databrowser/view/sts_inpr_m/default/table,2026-08-13T11:00:00+0200,final,2026-08-13 18:04:54,2026-08-13T11:00:00+0200
EA.INDUSTRIAL_PRODUCTION_INDEX_M.EUROSTAT,EA,EA,EA20,欧元区,Euro area,INDUSTRIAL_PRODUCTION_INDEX_M,工业生产指数,Industrial production index,2023-01,M,index (2021=100),SCA,level,102.4,Eurostat,sts_inpr_m,sts_inpr_m.M.PRD.B-D.SCA.I21,Industrial production index,https://ec.europa.eu/eurostat/databrowser/view/sts_inpr_m/default/table,2026-08-13T11:00:00+0200,final,2026-08-13 18:04:54,2026-08-13T11:00:00+0200
EA.INDUSTRIAL_PRODUCTION_INDEX_M.EUROSTAT,EA,EA,EA20,欧元区,Euro area,INDUSTRIAL_PRODUCTION_INDEX_M,工业生产指数,Industrial production index,2023-02,M,index (2021=100),SCA,level,103.5,Eurostat,sts_inpr_m,sts_inpr_m.M.PRD.B-D.SCA.I21,Industrial production index,https://ec.europa.eu/eurostat/databrowser/view/sts_inpr_m/default/table,2026-08-13T11:00:00+0200,final,2026-08-13 18:04:54,2026-08-13T11:00:00+0200
EA.INDUSTRIAL_PRODUCTION_INDEX_M.EUROSTAT,EA,EA,EA20,欧元区,Euro area,INDUSTRIAL_PRODUCTION_INDEX_M,工业生产指数,Industrial production index,2023-03,M,index (2021=100),SCA,level,100.5,Eurostat,sts_inpr_m,sts_inpr_m.M.PRD.B-D.SCA.I21,Industrial production index,https://ec.europa.eu/eurostat/databrowser/view/sts_inpr_m/default/table,2026-08-13T11:00:00+0200,final,2026-08-13 18:04:54,2026-08-13T11:00:00+0200
EA.INDUSTRIAL_PRODUCTION_INDEX_M.EUROSTAT,EA,EA,EA20,欧元区,Euro area,INDUSTRIAL_PRODUCTION_INDEX_M,工业生产指数,Industrial production index,2023-04,M,index (2021=100),SCA,level,100.7,Eurostat,sts_inpr_m,sts_inpr_m.M.PRD.B-D.SCA.I21,Industrial production index,https://ec.europa.eu/eurostat/databrowser/view/sts_inpr_m/default/table,2026-08-13T11:00:00+0200,final,2026-08-13 18:04:54,2026-08-13T11:00:00+0200
EA.INDUSTRIAL_PRODUCTION_INDEX_M.EUROSTAT,EA,EA,EA20,欧元区,Euro area,INDUSTRIAL_PRODUCTION_INDEX_M,工业生产指数,Industrial production index,2023-05,M,index (2021=100),SCA,level,101.0,Eurostat,sts_inpr_m,sts_inpr_m.M.PRD.B-D.SCA.I21,Industrial production index,https://ec.europa.eu/eurostat/databrowser/view/sts_inpr_m/default/table,2026-08-13T11:00:00+0200,final,2026-08-13 18:04:54,2026-08-13T11:00:00+0200
EA.INDUSTRIAL_PRODUCTION_INDEX_M.EUROSTAT,EA,EA,EA20,欧元区,Euro area,INDUSTRIAL_PRODUCTION_INDEX_M,工业生产指数,Industrial production index,2023-06,M,index (2021=100),SCA,level,101.8,Eurostat,sts_inpr_m,sts_inpr_m.M.PRD.B-D.SCA.I21,Industrial production index,https://ec.europa.eu/eurostat/databrowser/view/sts_inpr_m/default/table,2026-08-13T11:00:00+0200,final,2026-08-13 18:04:54,2026-08-13T11:00:00+0200
EA.INDUSTRIAL_PRODUCTION_INDEX_M.EUROSTAT,EA,EA,EA20,欧元区,Euro area,INDUSTRIAL_PRODUCTION_INDEX_M,工业生产指数,Industrial production index,2023-07,M,index (2021=100),SCA,level,99.0,Eurostat,sts_inpr_m,sts_inpr_m.M.PRD.B-D.SCA.I21,Industrial production index,https://ec.europa.eu/eurostat/databrowser/view/sts_inpr_m/default/table,2026-08-13T11:00:00+0200,final,2026-08-13 18:04:54,2026-08-13T11:00:00+0200
EA.INDUSTRIAL_PRODUCTION_INDEX_M.EUROSTAT,EA,EA,EA20,欧元区,Euro area,INDUSTRIAL_PRODUCTION_INDEX_M,工业生产指数,Industrial production index,2023-08,M,index (2021=100),SCA,level,98.6,Eurostat,sts_inpr_m,sts_inpr_m.M.PRD.B-D.SCA.I21,Industrial production index,https://ec.europa.eu/eurostat/databrowser/view/sts_inpr_m/default/table,2026-08-13T11:00:00+0200,final,2026-08-13 18:04:54,2026-08-13T11:00:00+0200
EA.INDUSTRIAL_PRODUCTION_INDEX_M.EUROSTAT,EA,EA,EA20,欧元区,Euro area,INDUSTRIAL_PRODUCTION_INDEX_M,工业生产指数,Industrial production index,2023-09,M,index (2021=100),SCA,level,98.4,Eurostat,sts_inpr_m,sts_inpr_m.M.PRD.B-D.SCA.I21,Industrial production index,https://ec.europa.eu/eurostat/databrowser/view/sts_inpr_m/default/table,2026-08-13T11:00:00+0200,final,2026-08-13 18:04:54,2026-08-13T11:00:00+0200
EA.INDUSTRIAL_PRODUCTION_INDEX_M.EUROSTAT,EA,EA,EA20,欧元区,Euro area,INDUSTRIAL_PRODUCTION_INDEX_M,工业生产指数,Industrial production index,2023-10,M,index (2021=100),SCA,level,97.9,Eurostat,sts_inpr_m,sts_inpr_m.M.PRD.B-D.SCA.I21,Industrial production index,https://ec.europa.eu/eurostat/databrowser/view/sts_inpr_m/default/table,2026-08-13T11:00:00+0200,final,2026-08-13 18:04:54,2026-08-13T11:00:00+0200
EA.INDUSTRIAL_PRODUCTION_INDEX_M.EUROSTAT,EA,EA,EA20,欧元区,Euro area,INDUSTRIAL_PRODUCTION_INDEX_M,工业生产指数,Industrial production index,2023-11,M,index (2021=100),SCA,level,98.8,Eurostat,sts_inpr_m,sts_inpr_m.M.PRD.B-D.SCA.I21,Industrial production index,https://ec.europa.eu/eurostat/databrowser/view/sts_inpr_m/default/table,2026-08-13T11:00:00+0200,final,2026-08-13 18:04:54,2026-08-13T11:00:00+0200
EA.INDUSTRIAL_PRODUCTION_INDEX_M.EUROSTAT,EA,EA,EA20,欧元区,Euro area,INDUSTRIAL_PRODUCTION_INDEX_M,工业生产指数,Industrial production index,2023-12,M,index (2021=100),SCA,level,98.5,Eurostat,sts_inpr_m,sts_inpr_m.M.PRD.B-D.SCA.I21,Industrial production index,https://ec.europa.eu/eurostat/databrowser/view/sts_inpr_m/default/table,2026-08-13T11:00:00+0200,final,2026-08-13 18:04:54,2026-08-13T11:00:00+0200
EA.INDUSTRIAL_PRODUCTION_INDEX_M.EUROSTAT,EA,EA,EA20,欧元区,Euro area,INDUSTRIAL_PRODUCTION_INDEX_M,工业生产指数,Industrial production index,2024-01,M,index (2021=100),SCA,level,97.5,Eurostat,sts_inpr_m,sts_inpr_m.M.PRD.B-D.SCA.I21,Industrial production index,https://ec.europa.eu/eurostat/databrowser/view/sts_inpr_m/default/table,2026-08-13T11:00:00+0200,final,2026-08-13 18:04:54,2026-08-13T11:00:00+0200
EA.INDUSTRIAL_PRODUCTION_INDEX_M.EUROSTAT,EA,EA,EA20,欧元区,Euro area,INDUSTRIAL_PRODUCTION_INDEX_M,工业生产指数,Industrial production index,2024-02,M,index (2021=100),SCA,level,97.6,Eurostat,sts_inpr_m,sts_inpr_m.M.PRD.B-D.SCA.I21,Industrial production index,https://ec.europa.eu/eurostat/databrowser/view/sts_inpr_m/default/table,2026-08-13T11:00:00+0200,final,2026-08-13 18:04:54,2026-08-13T11:00:00+0200
EA.INDUSTRIAL_PRODUCTION_INDEX_M.EUROSTAT,EA,EA,EA20,欧元区,Euro area,INDUSTRIAL_PRODUCTION_INDEX_M,工业生产指数,Industrial production index,2024-03,M,index (2021=100),SCA,level,97.1,Eurostat,sts_inpr_m,sts_inpr_m.M.PRD.B-D.SCA.I21,Industrial production index,https://ec.europa.eu/eurostat/databrowser/view/sts_inpr_m/default/table,2026-08-13T11:00:00+0200,final,2026-08-13 18:04:54,2026-08-13T11:00:00+0200
EA.INDUSTRIAL_PRODUCTION_INDEX_M.EUROSTAT,EA,EA,EA20,欧元区,Euro area,INDUSTRIAL_PRODUCTION_INDEX_M,工业生产指数,Industrial production index,2024-04,M,index (2021=100),SCA,level,97.6,Eurostat,sts_inpr_m,sts_inpr_m.M.PRD.B-D.SCA.I21,Industrial production index,https://ec.europa.eu/eurostat/databrowser/view/sts_inpr_m/default/table,2026-08-13T11:00:00+0200,final,2026-08-13 18:04:54,2026-08-13T11:00:00+0200
EA.INDUSTRIAL_PRODUCTION_INDEX_M.EUROSTAT,EA,EA,EA20,欧元区,Euro area,INDUSTRIAL_PRODUCTION_INDEX_M,工业生产指数,Industrial production index,2024-05,M,index (2021=100),SCA,level,96.0,Eurostat,sts_inpr_m,sts_inpr_m.M.PRD.B-D.SCA.I21,Industrial production index,https://ec.europa.eu/eurostat/databrowser/view/sts_inpr_m/default/table,2026-08-13T11:00:00+0200,final,2026-08-13 18:04:54,2026-08-13T11:00:00+0200
EA.INDUSTRIAL_PRODUCTION_INDEX_M.EUROSTAT,EA,EA,EA20,欧元区,Euro area,INDUSTRIAL_PRODUCTION_INDEX_M,工业生产指数,Industrial production index,2024-06,M,index (2021=100),SCA,level,97.7,Eurostat,sts_inpr_m,sts_inpr_m.M.PRD.B-D.SCA.I21,Industrial production index,https://ec.europa.eu/eurostat/databrowser/view/sts_inpr_m/default/table,2026-08-13T11:00:00+0200,final,2026-08-13 18:04:54,2026-08-13T11:00:00+0200
EA.INDUSTRIAL_PRODUCTION_INDEX_M.EUROSTAT,EA,EA,EA20,欧元区,Euro area,INDUSTRIAL_PRODUCTION_INDEX_M,工业生产指数,Industrial production index,2024-07,M,index (2021=100),SCA,level,97.0,Eurostat,sts_inpr_m,sts_inpr_m.M.PRD.B-D.SCA.I21,Industrial production index,https://ec.europa.eu/eurostat/databrowser/view/sts_inpr_m/default/table,2026-08-13T11:00:00+0200,final,2026-08-13 18:04:54,2026-08-13T11:00:00+0200
EA.INDUSTRIAL_PRODUCTION_INDEX_M.EUROSTAT,EA,EA,EA20,欧元区,Euro area,INDUSTRIAL_PRODUCTION_INDEX_M,工业生产指数,Industrial production index,2024-08,M,index (2021=100),SCA,level,97.5,Eurostat,sts_inpr_m,sts_inpr_m.M.PRD.B-D.SCA.I21,Industrial production index,https://ec.europa.eu/eurostat/databrowser/view/sts_inpr_m/default/table,2026-08-13T11:00:00+0200,final,2026-08-13 18:04:54,2026-08-13T11:00:00+0200
EA.INDUSTRIAL_PRODUCTION_INDEX_M.EUROSTAT,EA,EA,EA20,欧元区,Euro area,INDUSTRIAL_PRODUCTION_INDEX_M,工业生产指数,Industrial production index,2024-09,M,index (2021=100),SCA,level,96.6,Eurostat,sts_inpr_m,sts_inpr_m.M.PRD.B-D.SCA.I21,Industrial production index,https://ec.europa.eu/eurostat/databrowser/view/sts_inpr_m/default/table,2026-08-13T11:00:00+0200,final,2026-08-13 18:04:54,2026-08-13T11:00:00+0200
EA.INDUSTRIAL_PRODUCTION_INDEX_M.EUROSTAT,EA,EA,EA20,欧元区,Euro area,INDUSTRIAL_PRODUCTION_INDEX_M,工业生产指数,Industrial production index,2024-10,M,index (2021=100),SCA,level,96.9,Eurostat,sts_inpr_m,sts_inpr_m.M.PRD.B-D.SCA.I21,Industrial production index,https://ec.europa.eu/eurostat/databrowser/view/sts_inpr_m/default/table,2026-08-13T11:00:00+0200,final,2026-08-13 18:04:54,2026-08-13T11:00:00+0200
EA.INDUSTRIAL_PRODUCTION_INDEX_M.EUROSTAT,EA,EA,EA20,欧元区,Euro area,INDUSTRIAL_PRODUCTION_INDEX_M,工业生产指数,Industrial production index,2024-11,M,index (2021=100),SCA,level,96.9,Eurostat,sts_inpr_m,sts_inpr_m.M.PRD.B-D.SCA.I21,Industrial production index,https://ec.europa.eu/eurostat/databrowser/view/sts_inpr_m/default/table,2026-08-13T11:00:00+0200,final,2026-08-13 18:04:54,2026-08-13T11:00:00+0200
EA.INDUSTRIAL_PRODUCTION_INDEX_M.EUROSTAT,EA,EA,EA20,欧元区,Euro area,INDUSTRIAL_PRODUCTION_INDEX_M,工业生产指数,Industrial production index,2024-12,M,index (2021=100),SCA,level,96.5,Eurostat,sts_inpr_m,sts_inpr_m.M.PRD.B-D.SCA.I21,Industrial production index,https://ec.europa.eu/eurostat/databrowser/view/sts_inpr_m/default/table,2026-08-13T11:00:00+0200,final,2026-08-13 18:04:54,2026-08-13T11:00:00+0200
EA.INDUSTRIAL_PRODUCTION_INDEX_M.EUROSTAT,EA,EA,EA20,欧元区,Euro area,INDUSTRIAL_PRODUCTION_INDEX_M,工业生产指数,Industrial production index,2025-01,M,index (2021=100),SCA,level,98.0,Eurostat,sts_inpr_m,sts_inpr_m.M.PRD.B-D.SCA.I21,Industrial production index,https://ec.europa.eu/eurostat/databrowser/view/sts_inpr_m/default/table,2026-08-13T11:00:00+0200,final,2026-08-13 18:04:54,2026-08-13T11:00:00+0200
EA.INDUSTRIAL_PRODUCTION_INDEX_M.EUROSTAT,EA,EA,EA20,欧元区,Euro area,INDUSTRIAL_PRODUCTION_INDEX_M,工业生产指数,Industrial production index,2025-02,M,index (2021=100),SCA,level,98.8,Eurostat,sts_inpr_m,sts_inpr_m.M.PRD.B-D.SCA.I21,Industrial production index,https://ec.europa.eu/eurostat/databrowser/view/sts_inpr_m/default/table,2026-08-13T11:00:00+0200,final,2026-08-13 18:04:54,2026-08-13T11:00:00+0200
EA.INDUSTRIAL_PRODUCTION_INDEX_M.EUROSTAT,EA,EA,EA20,欧元区,Euro area,INDUSTRIAL_PRODUCTION_INDEX_M,工业生产指数,Industrial production index,2025-03,M,index (2021=100),SCA,level,101.4,Eurostat,sts_inpr_m,sts_inpr_m.M.PRD.B-D.SCA.I21,Industrial production index,https://ec.europa.eu/eurostat/databrowser/view/sts_inpr_m/default/table,2026-08-13T11:00:00+0200,final,2026-08-13 18:04:54,2026-08-13T11:00:00+0200
EA.INDUSTRIAL_PRODUCTION_INDEX_M.EUROSTAT,EA,EA,EA20,欧元区,Euro area,INDUSTRIAL_PRODUCTION_INDEX_M,工业生产指数,Industrial production index,2025-04,M,index (2021=100),SCA,level,97.9,Eurostat,sts_inpr_m,sts_inpr_m.M.PRD.B-D.SCA.I21,Industrial production index,https://ec.europa.eu/eurostat/databrowser/view/sts_inpr_m/default/table,2026-08-13T11:00:00+0200,final,2026-08-13 18:04:54,2026-08-13T11:00:00+0200
EA.INDUSTRIAL_PRODUCTION_INDEX_M.EUROSTAT,EA,EA,EA20,欧元区,Euro area,INDUSTRIAL_PRODUCTION_INDEX_M,工业生产指数,Industrial production index,2025-05,M,index (2021=100),SCA,level,99.0,Eurostat,sts_inpr_m,sts_inpr_m.M.PRD.B-D.SCA.I21,Industrial production index,https://ec.europa.eu/eurostat/databrowser/view/sts_inpr_m/default/table,2026-08-13T11:00:00+0200,final,2026-08-13 18:04:54,2026-08-13T11:00:00+0200
EA.INDUSTRIAL_PRODUCTION_INDEX_M.EUROSTAT,EA,EA,EA20,欧元区,Euro area,INDUSTRIAL_PRODUCTION_INDEX_M,工业生产指数,Industrial production index,2025-06,M,index (2021=100),SCA,level,98.6,Eurostat,sts_inpr_m,sts_inpr_m.M.PRD.B-D.SCA.I21,Industrial production index,https://ec.europa.eu/eurostat/databrowser/view/sts_inpr_m/default/table,2026-08-13T11:00:00+0200,final,2026-08-13 18:04:54,2026-08-13T11:00:00+0200
EA.INDUSTRIAL_PRODUCTION_INDEX_M.EUROSTAT,EA,EA,EA20,欧元区,Euro area,INDUSTRIAL_PRODUCTION_INDEX_M,工业生产指数,Industrial production index,2025-07,M,index (2021=100),SCA,level,98.7,Eurostat,sts_inpr_m,sts_inpr_m.M.PRD.B-D.SCA.I21,Industrial production index,https://ec.europa.eu/eurostat/databrowser/view/sts_inpr_m/default/table,2026-08-13T11:00:00+0200,final,2026-08-13 18:04:54,2026-08-13T11:00:00+0200
EA.INDUSTRIAL_PRODUCTION_INDEX_M.EUROSTAT,EA,EA,EA20,欧元区,Euro area,INDUSTRIAL_PRODUCTION_INDEX_M,工业生产指数,Industrial production index,2025-08,M,index (2021=100),SCA,level,98.5,Eurostat,sts_inpr_m,sts_inpr_m.M.PRD.B-D.SCA.I21,Industrial production index,https://ec.europa.eu/eurostat/databrowser/view/sts_inpr_m/default/table,2026-08-13T11:00:00+0200,final,2026-08-13 18:04:54,2026-08-13T11:00:00+0200
EA.INDUSTRIAL_PRODUCTION_INDEX_M.EUROSTAT,EA,EA,EA20,欧元区,Euro area,INDUSTRIAL_PRODUCTION_INDEX_M,工业生产指数,Industrial production index,2025-09,M,index (2021=100),SCA,level,98.1,Eurostat,sts_inpr_m,sts_inpr_m.M.PRD.B-D.SCA.I21,Industrial production index,https://ec.europa.eu/eurostat/databrowser/view/sts_inpr_m/default/table,2026-08-13T11:00:00+0200,final,2026-08-13 18:04:54,2026-08-13T11:00:00+0200
EA.INDUSTRIAL_PRODUCTION_INDEX_M.EUROSTAT,EA,EA,EA20,欧元区,Euro area,INDUSTRIAL_PRODUCTION_INDEX_M,工业生产指数,Industrial production index,2025-10,M,index (2021=100),SCA,level,98.5,Eurostat,sts_inpr_m,sts_inpr_m.M.PRD.B-D.SCA.I21,Industrial production index,https://ec.europa.eu/eurostat/databrowser/view/sts_inpr_m/default/table,2026-08-13T11:00:00+0200,final,2026-08-13 18:04:54,2026-08-13T11:00:00+0200
EA.INDUSTRIAL_PRODUCTION_INDEX_M.EUROSTAT,EA,EA,EA20,欧元区,Euro area,INDUSTRIAL_PRODUCTION_INDEX_M,工业生产指数,Industrial production index,2025-11,M,index (2021=100),SCA,level,98.8,Eurostat,sts_inpr_m,sts_inpr_m.M.PRD.B-D.SCA.I21,Industrial production index,https://ec.europa.eu/eurostat/databrowser/view/sts_inpr_m/default/table,2026-08-13T11:00:00+0200,final,2026-08-13 18:04:54,2026-08-13T11:00:00+0200
EA.INDUSTRIAL_PRODUCTION_INDEX_M.EUROSTAT,EA,EA,EA20,欧元区,Euro area,INDUSTRIAL_PRODUCTION_INDEX_M,工业生产指数,Industrial production index,2025-12,M,index (2021=100),SCA,level,98.4,Eurostat,sts_inpr_m,sts_inpr_m.M.PRD.B-D.SCA.I21,Industrial production index,https://ec.europa.eu/eurostat/databrowser/view/sts_inpr_m/default/table,2026-08-13T11:00:00+0200,final,2026-08-13 18:04:54,2026-08-13T11:00:00+0200
EA.INDUSTRIAL_PRODUCTION_INDEX_M.EUROSTAT,EA,EA,EA20,欧元区,Euro area,INDUSTRIAL_PRODUCTION_INDEX_M,工业生产指数,Industrial production index,2026-01,M,index (2021=100),SCA,level,97.4,Eurostat,sts_inpr_m,sts_inpr_m.M.PRD.B-D.SCA.I21,Industrial production index,https://ec.europa.eu/eurostat/databrowser/view/sts_inpr_m/default/table,2026-08-13T11:00:00+0200,final,2026-08-13 18:04:54,2026-08-13T11:00:00+0200
EA.INDUSTRIAL_PRODUCTION_INDEX_M.EUROSTAT,EA,EA,EA20,欧元区,Euro area,INDUSTRIAL_PRODUCTION_INDEX_M,工业生产指数,Industrial production index,2026-02,M,index (2021=100),SCA,level,97.7,Eurostat,sts_inpr_m,sts_inpr_m.M.PRD.B-D.SCA.I21,Industrial production index,https://ec.europa.eu/eurostat/databrowser/view/sts_inpr_m/default/table,2026-08-13T11:00:00+0200,final,2026-08-13 18:04:54,2026-08-13T11:00:00+0200
EA.INDUSTRIAL_PRODUCTION_INDEX_M.EUROSTAT,EA,EA,EA20,欧元区,Euro area,INDUSTRIAL_PRODUCTION_INDEX_M,工业生产指数,Industrial production index,2026-03,M,index (2021=100),SCA,level,98.1,Eurostat,sts_inpr_m,sts_inpr_m.M.PRD.B-D.SCA.I21,Industrial production index,https://ec.europa.eu/eurostat/databrowser/view/sts_inpr_m/default/table,2026-08-13T11:00:00+0200,final,2026-08-13 18:04:54,2026-08-13T11:00:00+0200
EA.INDUSTRIAL_PRODUCTION_INDEX_M.EUROSTAT,EA,EA,EA20,欧元区,Euro area,INDUSTRIAL_PRODUCTION_INDEX_M,工业生产指数,Industrial production index,2026-04,M,index (2021=100),SCA,level,98.4,Eurostat,sts_inpr_m,sts_inpr_m.M.PRD.B-D.SCA.I21,Industrial production index,https://ec.europa.eu/eurostat/databrowser/view/sts_inpr_m/default/table,2026-08-13T11:00:00+0200,final,2026-08-13 18:04:54,2026-08-13T11:00:00+0200
EA.INDUSTRIAL_PRODUCTION_INDEX_M.EUROSTAT,EA,EA,EA20,欧元区,Euro area,INDUSTRIAL_PRODUCTION_INDEX_M,工业生产指数,Industrial production index,2026-05,M,index (2021=100),SCA,level,98.8,Eurostat,sts_inpr_m,sts_inpr_m.M.PRD.B-D.SCA.I21,Industrial production index,https://ec.europa.eu/eurostat/databrowser/view/sts_inpr_m/default/table,2026-08-13T11:00:00+0200,final,2026-08-13 18:04:54,2026-08-13T11:00:00+0200
EA.INDUSTRIAL_PRODUCTION_INDEX_M.EUROSTAT,EA,EA,EA20,欧元区,Euro area,INDUSTRIAL_PRODUCTION_INDEX_M,工业生产指数,Industrial production index,2026-06,M,index (2021=100),SCA,level,98.8,Eurostat,sts_inpr_m,sts_inpr_m.M.PRD.B-D.SCA.I21,Industrial production index,https://ec.europa.eu/eurostat/databrowser/view/sts_inpr_m/default/table,2026-08-13T11:00:00+0200,final,2026-08-13 18:04:54,2026-08-13T11:00:00+0200
DE.INDUSTRIAL_PRODUCTION_INDEX_M.EUROSTAT,DE,DE,DEU,德国,Germany,INDUSTRIAL_PRODUCTION_INDEX_M,工业生产指数,Industrial production index,2015-01,M,index (2021=100),SCA,level,102.0,Eurostat,sts_inpr_m,sts_inpr_m.M.PRD.B-D.SCA.I21,Industrial production index,https://ec.europa.eu/eurostat/databrowser/view/sts_inpr_m/default/table,2026-08-13T11:00:00+0200,final,2026-08-13 18:04:54,2026-08-13T11:00:00+0200
DE.INDUSTRIAL_PRODUCTION_INDEX_M.EUROSTAT,DE,DE,DEU,德国,Germany,INDUSTRIAL_PRODUCTION_INDEX_M,工业生产指数,Industrial production index,2015-02,M,index (2021=100),SCA,level,103.1,Eurostat,sts_inpr_m,sts_inpr_m.M.PRD.B-D.SCA.I21,Industrial production index,https://ec.europa.eu/eurostat/databrowser/view/sts_inpr_m/default/table,2026-08-13T11:00:00+0200,final,2026-08-13 18:04:54,2026-08-13T11:00:00+0200
DE.INDUSTRIAL_PRODUCTION_INDEX_M.EUROSTAT,DE,DE,DEU,德国,Germany,INDUSTRIAL_PRODUCTION_INDEX_M,工业生产指数,Industrial production index,2015-03,M,index (2021=100),SCA,level,103.1,Eurostat,sts_inpr_m,sts_inpr_m.M.PRD.B-D.SCA.I21,Industrial production index,https://ec.europa.eu/eurostat/databrowser/view/sts_inpr_m/default/table,2026-08-13T11:00:00+0200,final,2026-08-13 18:04:54,2026-08-13T11:00:00+0200
DE.INDUSTRIAL_PRODUCTION_INDEX_M.EUROSTAT,DE,DE,DEU,德国,Germany,INDUSTRIAL_PRODUCTION_INDEX_M,工业生产指数,Industrial production index,2015-04,M,index (2021=100),SCA,level,103.9,Eurostat,sts_inpr_m,sts_inpr_m.M.PRD.B-D.SCA.I21,Industrial production index,https://ec.europa.eu/eurostat/databrowser/view/sts_inpr_m/default/table,2026-08-13T11:00:00+0200,final,2026-08-13 18:04:54,2026-08-13T11:00:00+0200
DE.INDUSTRIAL_PRODUCTION_INDEX_M.EUROSTAT,DE,DE,DEU,德国,Germany,INDUSTRIAL_PRODUCTION_INDEX_M,工业生产指数,Industrial production index,2015-05,M,index (2021=100),SCA,level,104.1,Eurostat,sts_inpr_m,sts_inpr_m.M.PRD.B-D.SCA.I21,Industrial production index,https://ec.europa.eu/eurostat/databrowser/view/sts_inpr_m/default/table,2026-08-13T11:00:00+0200,final,2026-08-13 18:04:54,2026-08-13T11:00:00+0200
DE.INDUSTRIAL_PRODUCTION_INDEX_M.EUROSTAT,DE,DE,DEU,德国,Germany,INDUSTRIAL_PRODUCTION_INDEX_M,工业生产指数,Industrial production index,2015-06,M,index (2021=100),SCA,level,104.0,Eurostat,sts_inpr_m,sts_inpr_m.M.PRD.B-D.SCA.I21,Industrial production index,https://ec.europa.eu/eurostat/databrowser/view/sts_inpr_m/default/table,2026-08-13T11:00:00+0200,final,2026-08-13 18:04:54,2026-08-13T11:00:00+0200
DE.INDUSTRIAL_PRODUCTION_INDEX_M.EUROSTAT,DE,DE,DEU,德国,Germany,INDUSTRIAL_PRODUCTION_INDEX_M,工业生产指数,Industrial production index,2015-07,M,index (2021=100),SCA,level,105.5,Eurostat,sts_inpr_m,sts_inpr_m.M.PRD.B-D.SCA.I21,Industrial production index,https://ec.europa.eu/eurostat/databrowser/view/sts_inpr_m/default/table,2026-08-13T11:00:00+0200,final,2026-08-13 18:04:54,2026-08-13T11:00:00+0200
DE.INDUSTRIAL_PRODUCTION_INDEX_M.EUROSTAT,DE,DE,DEU,德国,Germany,INDUSTRIAL_PRODUCTION_INDEX_M,工业生产指数,Industrial production index,2015-08,M,index (2021=100),SCA,level,102.9,Eurostat,sts_inpr_m,sts_inpr_m.M.PRD.B-D.SCA.I21,Industrial production index,https://ec.europa.eu/eurostat/databrowser/view/sts_inpr_m/default/table,2026-08-13T11:00:00+0200,final,2026-08-13 18:04:54,2026-08-13T11:00:00+0200
DE.INDUSTRIAL_PRODUCTION_INDEX_M.EUROSTAT,DE,DE,DEU,德国,Germany,INDUSTRIAL_PRODUCTION_INDEX_M,工业生产指数,Industrial production index,2015-09,M,index (2021=100),SCA,level,103.1,Eurostat,sts_inpr_m,sts_inpr_m.M.PRD.B-D.SCA.I21,Industrial production index,https://ec.europa.eu/eurostat/databrowser/view/sts_inpr_m/default/table,2026-08-13T11:00:00+0200,final,2026-08-13 18:04:54,2026-08-13T11:00:00+0200
DE.INDUSTRIAL_PRODUCTION_INDEX_M.EUROSTAT,DE,DE,DEU,德国,Germany,INDUSTRIAL_PRODUCTION_INDEX_M,工业生产指数,Industrial production index,2015-10,M,index (2021=100),SCA,level,104.0,Eurostat,sts_inpr_m,sts_inpr_m.M.PRD.B-D.SCA.I21,Industrial production index,https://ec.europa.eu/eurostat/databrowser/view/sts_inpr_m/default/table,2026-08-13T11:00:00+0200,final,2026-08-13 18:04:54,2026-08-13T11:00:00+0200
DE.INDUSTRIAL_PRODUCTION_INDEX_M.EUROSTAT,DE,DE,DEU,德国,Germany,INDUSTRIAL_PRODUCTION_INDEX_M,工业生产指数,Industrial production index,2015-11,M,index (2021=100),SCA,level,102.7,Eurostat,sts_inpr_m,sts_inpr_m.M.PRD.B-D.SCA.I21,Industrial production index,https://ec.europa.eu/eurostat/databrowser/view/sts_inpr_m/default/table,2026-08-13T11:00:00+0200,final,2026-08-13 18:04:54,2026-08-13T11:00:00+0200
DE.INDUSTRIAL_PRODUCTION_INDEX_M.EUROSTAT,DE,DE,DEU,德国,Germany,INDUSTRIAL_PRODUCTION_INDEX_M,工业生产指数,Industrial production index,2015-12,M,index (2021=100),SCA,level,103.2,Eurostat,sts_inpr_m,sts_inpr_m.M.PRD.B-D.SCA.I21,Industrial production index,https://ec.europa.eu/eurostat/databrowser/view/sts_inpr_m/default/table,2026-08-13T11:00:00+0200,final,2026-08-13 18:04:54,2026-08-13T11:00:00+0200
DE.INDUSTRIAL_PRODUCTION_INDEX_M.EUROSTAT,DE,DE,DEU,德国,Germany,INDUSTRIAL_PRODUCTION_INDEX_M,工业生产指数,Industrial production index,2016-01,M,index (2021=100),SCA,level,104.8,Eurostat,sts_inpr_m,sts_inpr_m.M.PRD.B-D.SCA.I21,Industrial production index,https://ec.europa.eu/eurostat/databrowser/view/sts_inpr_m/default/table,2026-08-13T11:00:00+0200,final,2026-08-13 18:04:54,2026-08-13T11:00:00+0200
DE.INDUSTRIAL_PRODUCTION_INDEX_M.EUROSTAT,DE,DE,DEU,德国,Germany,INDUSTRIAL_PRODUCTION_INDEX_M,工业生产指数,Industrial production index,2016-02,M,index (2021=100),SCA,level,104.6,Eurostat,sts_inpr_m,sts_inpr_m.M.PRD.B-D.SCA.I21,Industrial production index,https://ec.europa.eu/eurostat/databrowser/view/sts_inpr_m/default/table,2026-08-13T11:00:00+0200,final,2026-08-13 18:04:54,2026-08-13T11:00:00+0200
DE.INDUSTRIAL_PRODUCTION_INDEX_M.EUROSTAT,DE,DE,DEU,德国,Germany,INDUSTRIAL_PRODUCTION_INDEX_M,工业生产指数,Industrial production index,2016-03,M,index (2021=100),SCA,level,103.8,Eurostat,sts_inpr_m,sts_inpr_m.M.PRD.B-D.SCA.I21,Industrial production index,https://ec.europa.eu/eurostat/databrowser/view/sts_inpr_m/default/table,2026-08-13T11:00:00+0200,final,2026-08-13 18:04:54,2026-08-13T11:00:00+0200
DE.INDUSTRIAL_PRODUCTION_INDEX_M.EUROSTAT,DE,DE,DEU,德国,Germany,INDUSTRIAL_PRODUCTION_INDEX_M,工业生产指数,Industrial production index,2016-04,M,index (2021=100),SCA,level,104.5,Eurostat,sts_inpr_m,sts_inpr_m.M.PRD.B-D.SCA.I21,Industrial production index,https://ec.europa.eu/eurostat/databrowser/view/sts_inpr_m/default/table,2026-08-13T11:00:00+0200,final,2026-08-13 18:04:54,2026-08-13T11:00:00+0200
DE.INDUSTRIAL_PRODUCTION_INDEX_M.EUROSTAT,DE,DE,DEU,德国,Germany,INDUSTRIAL_PRODUCTION_INDEX_M,工业生产指数,Industrial production index,2016-05,M,index (2021=100),SCA,level,102.8,Eurostat,sts_inpr_m,sts_inpr_m.M.PRD.B-D.SCA.I21,Industrial production index,https://ec.europa.eu/eurostat/databrowser/view/sts_inpr_m/default/table,2026-08-13T11:00:00+0200,final,2026-08-13 18:04:54,2026-08-13T11:00:00+0200
DE.INDUSTRIAL_PRODUCTION_INDEX_M.EUROSTAT,DE,DE,DEU,德国,Germany,INDUSTRIAL_PRODUCTION_INDEX_M,工业生产指数,Industrial production index,2016-06,M,index (2021=100),SCA,level,104.7,Eurostat,sts_inpr_m,sts_inpr_m.M.PRD.B-D.SCA.I21,Industrial production index,https://ec.europa.eu/eurostat/databrowser/view/sts_inpr_m/default/table,2026-08-13T11:00:00+0200,final,2026-08-13 18:04:54,2026-08-13T11:00:00+0200
DE.INDUSTRIAL_PRODUCTION_INDEX_M.EUROSTAT,DE,DE,DEU,德国,Germany,INDUSTRIAL_PRODUCTION_INDEX_M,工业生产指数,Industrial production index,2016-07,M,index (2021=100),SCA,level,103.4,Eurostat,sts_inpr_m,sts_inpr_m.M.PRD.B-D.SCA.I21,Industrial production index,https://ec.europa.eu/eurostat/databrowser/view/sts_inpr_m/default/table,2026-08-13T11:00:00+0200,final,2026-08-13 18:04:54,2026-08-13T11:00:00+0200
DE.INDUSTRIAL_PRODUCTION_INDEX_M.EUROSTAT,DE,DE,DEU,德国,Germany,INDUSTRIAL_PRODUCTION_INDEX_M,工业生产指数,Industrial production index,2016-08,M,index (2021=100),SCA,level,105.0,Eurostat,sts_inpr_m,sts_inpr_m.M.PRD.B-D.SCA.I21,Industrial production index,https://ec.europa.eu/eurostat/databrowser/view/sts_inpr_m/default/table,2026-08-13T11:00:00+0200,final,2026-08-13 18:04:54,2026-08-13T11:00:00+0200
DE.INDUSTRIAL_PRODUCTION_INDEX_M.EUROSTAT,DE,DE,DEU,德国,Germany,INDUSTRIAL_PRODUCTION_INDEX_M,工业生产指数,Industrial production index,2016-09,M,index (2021=100),SCA,level,104.7,Eurostat,sts_inpr_m,sts_inpr_m.M.PRD.B-D.SCA.I21,Industrial production index,https://ec.europa.eu/eurostat/databrowser/view/sts_inpr_m/default/table,2026-08-13T11:00:00+0200,final,2026-08-13 18:04:54,2026-08-13T11:00:00+0200
DE.INDUSTRIAL_PRODUCTION_INDEX_M.EUROSTAT,DE,DE,DEU,德国,Germany,INDUSTRIAL_PRODUCTION_INDEX_M,工业生产指数,Industrial production index,2016-10,M,index (2021=100),SCA,level,105.4,Eurostat,sts_inpr_m,sts_inpr_m.M.PRD.B-D.SCA.I21,Industrial production index,https://ec.europa.eu/eurostat/databrowser/view/sts_inpr_m/default/table,2026-08-13T11:00:00+0200,final,2026-08-13 18:04:54,2026-08-13T11:00:00+0200
DE.INDUSTRIAL_PRODUCTION_INDEX_M.EUROSTAT,DE,DE,DEU,德国,Germany,INDUSTRIAL_PRODUCTION_INDEX_M,工业生产指数,Industrial production index,2016-11,M,index (2021=100),SCA,level,105.2,Eurostat,sts_inpr_m,sts_inpr_m.M.PRD.B-D.SCA.I21,Industrial production index,https://ec.europa.eu/eurostat/databrowser/view/sts_inpr_m/default/table,2026-08-13T11:00:00+0200,final,2026-08-13 18:04:54,2026-08-13T11:00:00+0200
DE.INDUSTRIAL_PRODUCTION_INDEX_M.EUROSTAT,DE,DE,DEU,德国,Germany,INDUSTRIAL_PRODUCTION_INDEX_M,工业生产指数,Industrial production index,2016-12,M,index (2021=100),SCA,level,102.8,Eurostat,sts_inpr_m,sts_inpr_m.M.PRD.B-D.SCA.I21,Industrial production index,https://ec.europa.eu/eurostat/databrowser/view/sts_inpr_m/default/table,2026-08-13T11:00:00+0200,final,2026-08-13 18:04:54,2026-08-13T11:00:00+0200
DE.INDUSTRIAL_PRODUCTION_INDEX_M.EUROSTAT,DE,DE,DEU,德国,Germany,INDUSTRIAL_PRODUCTION_INDEX_M,工业生产指数,Industrial production index,2017-01,M,index (2021=100),SCA,level,104.6,Eurostat,sts_inpr_m,sts_inpr_m.M.PRD.B-D.SCA.I21,Industrial production index,https://ec.europa.eu/eurostat/databrowser/view/sts_inpr_m/default/table,2026-08-13T11:00:00+0200,final,2026-08-13 18:04:54,2026-08-13T11:00:00+0200
DE.INDUSTRIAL_PRODUCTION_INDEX_M.EUROSTAT,DE,DE,DEU,德国,Germany,INDUSTRIAL_PRODUCTION_INDEX_M,工业生产指数,Industrial production index,2017-02,M,index (2021=100),SCA,level,105.4,Eurostat,sts_inpr_m,sts_inpr_m.M.PRD.B-D.SCA.I21,Industrial production index,https://ec.europa.eu/eurostat/databrowser/view/sts_inpr_m/default/table,2026-08-13T11:00:00+0200,final,2026-08-13 18:04:54,2026-08-13T11:00:00+0200
DE.INDUSTRIAL_PRODUCTION_INDEX_M.EUROSTAT,DE,DE,DEU,德国,Germany,INDUSTRIAL_PRODUCTION_INDEX_M,工业生产指数,Industrial production index,2017-03,M,index (2021=100),SCA,level,104.9,Eurostat,sts_inpr_m,sts_inpr_m.M.PRD.B-D.SCA.I21,Industrial production index,https://ec.europa.eu/eurostat/databrowser/view/sts_inpr_m/default/table,2026-08-13T11:00:00+0200,final,2026-08-13 18:04:54,2026-08-13T11:00:00+0200
DE.INDUSTRIAL_PRODUCTION_INDEX_M.EUROSTAT,DE,DE,DEU,德国,Germany,INDUSTRIAL_PRODUCTION_INDEX_M,工业生产指数,Industrial production index,2017-04,M,index (2021=100),SCA,level,106.9,Eurostat,sts_inpr_m,sts_inpr_m.M.PRD.B-D.SCA.I21,Industrial production index,https://ec.europa.eu/eurostat/databrowser/view/sts_inpr_m/default/table,2026-08-13T11:00:00+0200,final,2026-08-13 18:04:54,2026-08-13T11:00:00+0200
DE.INDUSTRIAL_PRODUCTION_INDEX_M.EUROSTAT,DE,DE,DEU,德国,Germany,INDUSTRIAL_PRODUCTION_INDEX_M,工业生产指数,Industrial production index,2017-05,M,index (2021=100),SCA,level,107.2,Eurostat,sts_inpr_m,sts_inpr_m.M.PRD.B-D.SCA.I21,Industrial production index,https://ec.europa.eu/eurostat/databrowser/view/sts_inpr_m/default/table,2026-08-13T11:00:00+0200,final,2026-08-13 18:04:54,2026-08-13T11:00:00+0200
DE.INDUSTRIAL_PRODUCTION_INDEX_M.EUROSTAT,DE,DE,DEU,德国,Germany,INDUSTRIAL_PRODUCTION_INDEX_M,工业生产指数,Industrial production index,2017-06,M,index (2021=100),SCA,level,107.0,Eurostat,sts_inpr_m,sts_inpr_m.M.PRD.B-D.SCA.I21,Industrial production index,https://ec.europa.eu/eurostat/databrowser/view/sts_inpr_m/default/table,2026-08-13T11:00:00+0200,final,2026-08-13 18:04:54,2026-08-13T11:00:00+0200
DE.INDUSTRIAL_PRODUCTION_INDEX_M.EUROSTAT,DE,DE,DEU,德国,Germany,INDUSTRIAL_PRODUCTION_INDEX_M,工业生产指数,Industrial production index,2017-07,M,index (2021=100),SCA,level,107.5,Eurostat,sts_inpr_m,sts_inpr_m.M.PRD.B-D.SCA.I21,Industrial production index,https://ec.europa.eu/eurostat/databrowser/view/sts_inpr_m/default/table,2026-08-13T11:00:00+0200,final,2026-08-13 18:04:54,2026-08-13T11:00:00+0200
DE.INDUSTRIAL_PRODUCTION_INDEX_M.EUROSTAT,DE,DE,DEU,德国,Germany,INDUSTRIAL_PRODUCTION_INDEX_M,工业生产指数,Industrial production index,2017-08,M,index (2021=100),SCA,level,110.0,Eurostat,sts_inpr_m,sts_inpr_m.M.PRD.B-D.SCA.I21,Industrial production index,https://ec.europa.eu/eurostat/databrowser/view/sts_inpr_m/default/table,2026-08-13T11:00:00+0200,final,2026-08-13 18:04:54,2026-08-13T11:00:00+0200
DE.INDUSTRIAL_PRODUCTION_INDEX_M.EUROSTAT,DE,DE,DEU,德国,Germany,INDUSTRIAL_PRODUCTION_INDEX_M,工业生产指数,Industrial production index,2017-09,M,index (2021=100),SCA,level,108.9,Eurostat,sts_inpr_m,sts_inpr_m.M.PRD.B-D.SCA.I21,Industrial production index,https://ec.europa.eu/eurostat/databrowser/view/sts_inpr_m/default/table,2026-08-13T11:00:00+0200,final,2026-08-13 18:04:54,2026-08-13T11:00:00+0200
DE.INDUSTRIAL_PRODUCTION_INDEX_M.EUROSTAT,DE,DE,DEU,德国,Germany,INDUSTRIAL_PRODUCTION_INDEX_M,工业生产指数,Industrial production index,2017-10,M,index (2021=100),SCA,level,107.3,Eurostat,sts_inpr_m,sts_inpr_m.M.PRD.B-D.SCA.I21,Industrial production index,https://ec.europa.eu/eurostat/databrowser/view/sts_inpr_m/default/table,2026-08-13T11:00:00+0200,final,2026-08-13 18:04:54,2026-08-13T11:00:00+0200
DE.INDUSTRIAL_PRODUCTION_INDEX_M.EUROSTAT,DE,DE,DEU,德国,Germany,INDUSTRIAL_PRODUCTION_INDEX_M,工业生产指数,Industrial production index,2017-11,M,index (2021=100),SCA,level,111.1,Eurostat,sts_inpr_m,sts_inpr_m.M.PRD.B-D.SCA.I21,Industrial production index,https://ec.europa.eu/eurostat/databrowser/view/sts_inpr_m/default/table,2026-08-13T11:00:00+0200,final,2026-08-13 18:04:54,2026-08-13T11:00:00+0200
DE.INDUSTRIAL_PRODUCTION_INDEX_M.EUROSTAT,DE,DE,DEU,德国,Germany,INDUSTRIAL_PRODUCTION_INDEX_M,工业生产指数,Industrial production index,2017-12,M,index (2021=100),SCA,level,110.3,Eurostat,sts_inpr_m,sts_inpr_m.M.PRD.B-D.SCA.I21,Industrial production index,https://ec.europa.eu/eurostat/databrowser/view/sts_inpr_m/default/table,2026-08-13T11:00:00+0200,final,2026-08-13 18:04:54,2026-08-13T11:00:00+0200
DE.INDUSTRIAL_PRODUCTION_INDEX_M.EUROSTAT,DE,DE,DEU,德国,Germany,INDUSTRIAL_PRODUCTION_INDEX_M,工业生产指数,Industrial production index,2018-01,M,index (2021=100),SCA,level,109.6,Eurostat,sts_inpr_m,sts_inpr_m.M.PRD.B-D.SCA.I21,Industrial production index,https://ec.europa.eu/eurostat/databrowser/view/sts_inpr_m/default/table,2026-08-13T11:00:00+0200,final,2026-08-13 18:04:54,2026-08-13T11:00:00+0200
DE.INDUSTRIAL_PRODUCTION_INDEX_M.EUROSTAT,DE,DE,DEU,德国,Germany,INDUSTRIAL_PRODUCTION_INDEX_M,工业生产指数,Industrial production index,2018-02,M,index (2021=100),SCA,level,107.8,Eurostat,sts_inpr_m,sts_inpr_m.M.PRD.B-D.SCA.I21,Industrial production index,https://ec.europa.eu/eurostat/databrowser/view/sts_inpr_m/default/table,2026-08-13T11:00:00+0200,final,2026-08-13 18:04:54,2026-08-13T11:00:00+0200
DE.INDUSTRIAL_PRODUCTION_INDEX_M.EUROSTAT,DE,DE,DEU,德国,Germany,INDUSTRIAL_PRODUCTION_INDEX_M,工业生产指数,Industrial production index,2018-03,M,index (2021=100),SCA,level,109.5,Eurostat,sts_inpr_m,sts_inpr_m.M.PRD.B-D.SCA.I21,Industrial production index,https://ec.europa.eu/eurostat/databrowser/view/sts_inpr_m/default/table,2026-08-13T11:00:00+0200,final,2026-08-13 18:04:54,2026-08-13T11:00:00+0200
DE.INDUSTRIAL_PRODUCTION_INDEX_M.EUROSTAT,DE,DE,DEU,德国,Germany,INDUSTRIAL_PRODUCTION_INDEX_M,工业生产指数,Industrial production index,2018-04,M,index (2021=100),SCA,level,108.8,Eurostat,sts_inpr_m,sts_inpr_m.M.PRD.B-D.SCA.I21,Industrial production index,https://ec.europa.eu/eurostat/databrowser/view/sts_inpr_m/default/table,2026-08-13T11:00:00+0200,final,2026-08-13 18:04:54,2026-08-13T11:00:00+0200
DE.INDUSTRIAL_PRODUCTION_INDEX_M.EUROSTAT,DE,DE,DEU,德国,Germany,INDUSTRIAL_PRODUCTION_INDEX_M,工业生产指数,Industrial production index,2018-05,M,index (2021=100),SCA,level,110.4,Eurostat,sts_inpr_m,sts_inpr_m.M.PRD.B-D.SCA.I21,Industrial production index,https://ec.europa.eu/eurostat/databrowser/view/sts_inpr_m/default/table,2026-08-13T11:00:00+0200,final,2026-08-13 18:04:54,2026-08-13T11:00:00+0200
DE.INDUSTRIAL_PRODUCTION_INDEX_M.EUROSTAT,DE,DE,DEU,德国,Germany,INDUSTRIAL_PRODUCTION_INDEX_M,工业生产指数,Industrial production index,2018-06,M,index (2021=100),SCA,level,110.1,Eurostat,sts_inpr_m,sts_inpr_m.M.PRD.B-D.SCA.I21,Industrial production index,https://ec.europa.eu/eurostat/databrowser/view/sts_inpr_m/default/table,2026-08-13T11:00:00+0200,final,2026-08-13 18:04:54,2026-08-13T11:00:00+0200
DE.INDUSTRIAL_PRODUCTION_INDEX_M.EUROSTAT,DE,DE,DEU,德国,Germany,INDUSTRIAL_PRODUCTION_INDEX_M,工业生产指数,Industrial production index,2018-07,M,index (2021=100),SCA,level,108.2,Eurostat,sts_inpr_m,sts_inpr_m.M.PRD.B-D.SCA.I21,Industrial production index,https://ec.europa.eu/eurostat/databrowser/view/sts_inpr_m/default/table,2026-08-13T11:00:00+0200,final,2026-08-13 18:04:54,2026-08-13T11:00:00+0200
DE.INDUSTRIAL_PRODUCTION_INDEX_M.EUROSTAT,DE,DE,DEU,德国,Germany,INDUSTRIAL_PRODUCTION_INDEX_M,工业生产指数,Industrial production index,2018-08,M,index (2021=100),SCA,level,109.7,Eurostat,sts_inpr_m,sts_inpr_m.M.PRD.B-D.SCA.I21,Industrial production index,https://ec.europa.eu/eurostat/databrowser/view/sts_inpr_m/default/table,2026-08-13T11:00:00+0200,final,2026-08-13 18:04:54,2026-08-13T11:00:00+0200
DE.INDUSTRIAL_PRODUCTION_INDEX_M.EUROSTAT,DE,DE,DEU,德国,Germany,INDUSTRIAL_PRODUCTION_INDEX_M,工业生产指数,Industrial production index,2018-09,M,index (2021=100),SCA,level,108.4,Eurostat,sts_inpr_m,sts_inpr_m.M.PRD.B-D.SCA.I21,Industrial production index,https://ec.europa.eu/eurostat/databrowser/view/sts_inpr_m/default/table,2026-08-13T11:00:00+0200,final,2026-08-13 18:04:54,2026-08-13T11:00:00+0200
DE.INDUSTRIAL_PRODUCTION_INDEX_M.EUROSTAT,DE,DE,DEU,德国,Germany,INDUSTRIAL_PRODUCTION_INDEX_M,工业生产指数,Industrial production index,2018-10,M,index (2021=100),SCA,level,108.1,Eurostat,sts_inpr_m,sts_inpr_m.M.PRD.B-D.SCA.I21,Industrial production index,https://ec.europa.eu/eurostat/databrowser/view/sts_inpr_m/default/table,2026-08-13T11:00:00+0200,final,2026-08-13 18:04:54,2026-08-13T11:00:00+0200
DE.INDUSTRIAL_PRODUCTION_INDEX_M.EUROSTAT,DE,DE,DEU,德国,Germany,INDUSTRIAL_PRODUCTION_INDEX_M,工业生产指数,Industrial production index,2018-11,M,index (2021=100),SCA,level,106.1,Eurostat,sts_inpr_m,sts_inpr_m.M.PRD.B-D.SCA.I21,Industrial production index,https://ec.europa.eu/eurostat/databrowser/view/sts_inpr_m/default/table,2026-08-13T11:00:00+0200,final,2026-08-13 18:04:54,2026-08-13T11:00:00+0200
DE.INDUSTRIAL_PRODUCTION_INDEX_M.EUROSTAT,DE,DE,DEU,德国,Germany,INDUSTRIAL_PRODUCTION_INDEX_M,工业生产指数,Industrial production index,2018-12,M,index (2021=100),SCA,level,107.3,Eurostat,sts_inpr_m,sts_inpr_m.M.PRD.B-D.SCA.I21,Industrial production index,https://ec.europa.eu/eurostat/databrowser/view/sts_inpr_m/default/table,2026-08-13T11:00:00+0200,final,2026-08-13 18:04:54,2026-08-13T11:00:00+0200
DE.INDUSTRIAL_PRODUCTION_INDEX_M.EUROSTAT,DE,DE,DEU,德国,Germany,INDUSTRIAL_PRODUCTION_INDEX_M,工业生产指数,Industrial production index,2019-01,M,index (2021=100),SCA,level,107.0,Eurostat,sts_inpr_m,sts_inpr_m.M.PRD.B-D.SCA.I21,Industrial production index,https://ec.europa.eu/eurostat/databrowser/view/sts_inpr_m/default/table,2026-08-13T11:00:00+0200,final,2026-08-13 18:04:54,2026-08-13T11:00:00+0200
DE.INDUSTRIAL_PRODUCTION_INDEX_M.EUROSTAT,DE,DE,DEU,德国,Germany,INDUSTRIAL_PRODUCTION_INDEX_M,工业生产指数,Industrial production index,2019-02,M,index (2021=100),SCA,level,106.4,Eurostat,sts_inpr_m,sts_inpr_m.M.PRD.B-D.SCA.I21,Industrial production index,https://ec.europa.eu/eurostat/databrowser/view/sts_inpr_m/default/table,2026-08-13T11:00:00+0200,final,2026-08-13 18:04:54,2026-08-13T11:00:00+0200
DE.INDUSTRIAL_PRODUCTION_INDEX_M.EUROSTAT,DE,DE,DEU,德国,Germany,INDUSTRIAL_PRODUCTION_INDEX_M,工业生产指数,Industrial production index,2019-03,M,index (2021=100),SCA,level,107.5,Eurostat,sts_inpr_m,sts_inpr_m.M.PRD.B-D.SCA.I21,Industrial production index,https://ec.europa.eu/eurostat/databrowser/view/sts_inpr_m/default/table,2026-08-13T11:00:00+0200,final,2026-08-13 18:04:54,2026-08-13T11:00:00+0200
DE.INDUSTRIAL_PRODUCTION_INDEX_M.EUROSTAT,DE,DE,DEU,德国,Germany,INDUSTRIAL_PRODUCTION_INDEX_M,工业生产指数,Industrial production index,2019-04,M,index (2021=100),SCA,level,106.0,Eurostat,sts_inpr_m,sts_inpr_m.M.PRD.B-D.SCA.I21,Industrial production index,https://ec.europa.eu/eurostat/databrowser/view/sts_inpr_m/default/table,2026-08-13T11:00:00+0200,final,2026-08-13 18:04:54,2026-08-13T11:00:00+0200
DE.INDUSTRIAL_PRODUCTION_INDEX_M.EUROSTAT,DE,DE,DEU,德国,Germany,INDUSTRIAL_PRODUCTION_INDEX_M,工业生产指数,Industrial production index,2019-05,M,index (2021=100),SCA,level,106.4,Eurostat,sts_inpr_m,sts_inpr_m.M.PRD.B-D.SCA.I21,Industrial production index,https://ec.europa.eu/eurostat/databrowser/view/sts_inpr_m/default/table,2026-08-13T11:00:00+0200,final,2026-08-13 18:04:54,2026-08-13T11:00:00+0200
DE.INDUSTRIAL_PRODUCTION_INDEX_M.EUROSTAT,DE,DE,DEU,德国,Germany,INDUSTRIAL_PRODUCTION_INDEX_M,工业生产指数,Industrial production index,2019-06,M,index (2021=100),SCA,level,105.1,Eurostat,sts_inpr_m,sts_inpr_m.M.PRD.B-D.SCA.I21,Industrial production index,https://ec.europa.eu/eurostat/databrowser/view/sts_inpr_m/default/table,2026-08-13T11:00:00+0200,final,2026-08-13 18:04:54,2026-08-13T11:00:00+0200
DE.INDUSTRIAL_PRODUCTION_INDEX_M.EUROSTAT,DE,DE,DEU,德国,Germany,INDUSTRIAL_PRODUCTION_INDEX_M,工业生产指数,Industrial production index,2019-07,M,index (2021=100),SCA,level,104.7,Eurostat,sts_inpr_m,sts_inpr_m.M.PRD.B-D.SCA.I21,Industrial production index,https://ec.europa.eu/eurostat/databrowser/view/sts_inpr_m/default/table,2026-08-13T11:00:00+0200,final,2026-08-13 18:04:54,2026-08-13T11:00:00+0200
DE.INDUSTRIAL_PRODUCTION_INDEX_M.EUROSTAT,DE,DE,DEU,德国,Germany,INDUSTRIAL_PRODUCTION_INDEX_M,工业生产指数,Industrial production index,2019-08,M,index (2021=100),SCA,level,105.1,Eurostat,sts_inpr_m,sts_inpr_m.M.PRD.B-D.SCA.I21,Industrial production index,https://ec.europa.eu/eurostat/databrowser/view/sts_inpr_m/default/table,2026-08-13T11:00:00+0200,final,2026-08-13 18:04:54,2026-08-13T11:00:00+0200
DE.INDUSTRIAL_PRODUCTION_INDEX_M.EUROSTAT,DE,DE,DEU,德国,Germany,INDUSTRIAL_PRODUCTION_INDEX_M,工业生产指数,Industrial production index,2019-09,M,index (2021=100),SCA,level,104.1,Eurostat,sts_inpr_m,sts_inpr_m.M.PRD.B-D.SCA.I21,Industrial production index,https://ec.europa.eu/eurostat/databrowser/view/sts_inpr_m/default/table,2026-08-13T11:00:00+0200,final,2026-08-13 18:04:54,2026-08-13T11:00:00+0200
DE.INDUSTRIAL_PRODUCTION_INDEX_M.EUROSTAT,DE,DE,DEU,德国,Germany,INDUSTRIAL_PRODUCTION_INDEX_M,工业生产指数,Industrial production index,2019-10,M,index (2021=100),SCA,level,103.5,Eurostat,sts_inpr_m,sts_inpr_m.M.PRD.B-D.SCA.I21,Industrial production index,https://ec.europa.eu/eurostat/databrowser/view/sts_inpr_m/default/table,2026-08-13T11:00:00+0200,final,2026-08-13 18:04:54,2026-08-13T11:00:00+0200
DE.INDUSTRIAL_PRODUCTION_INDEX_M.EUROSTAT,DE,DE,DEU,德国,Germany,INDUSTRIAL_PRODUCTION_INDEX_M,工业生产指数,Industrial production index,2019-11,M,index (2021=100),SCA,level,103.8,Eurostat,sts_inpr_m,sts_inpr_m.M.PRD.B-D.SCA.I21,Industrial production index,https://ec.europa.eu/eurostat/databrowser/view/sts_inpr_m/default/table,2026-08-13T11:00:00+0200,final,2026-08-13 18:04:54,2026-08-13T11:00:00+0200
DE.INDUSTRIAL_PRODUCTION_INDEX_M.EUROSTAT,DE,DE,DEU,德国,Germany,INDUSTRIAL_PRODUCTION_INDEX_M,工业生产指数,Industrial production index,2019-12,M,index (2021=100),SCA,level,101.4,Eurostat,sts_inpr_m,sts_inpr_m.M.PRD.B-D.SCA.I21,Industrial production index,https://ec.europa.eu/eurostat/databrowser/view/sts_inpr_m/default/table,2026-08-13T11:00:00+0200,final,2026-08-13 18:04:54,2026-08-13T11:00:00+0200
DE.INDUSTRIAL_PRODUCTION_INDEX_M.EUROSTAT,DE,DE,DEU,德国,Germany,INDUSTRIAL_PRODUCTION_INDEX_M,工业生产指数,Industrial production index,2020-01,M,index (2021=100),SCA,level,104.5,Eurostat,sts_inpr_m,sts_inpr_m.M.PRD.B-D.SCA.I21,Industrial production index,https://ec.europa.eu/eurostat/databrowser/view/sts_inpr_m/default/table,2026-08-13T11:00:00+0200,final,2026-08-13 18:04:54,2026-08-13T11:00:00+0200
DE.INDUSTRIAL_PRODUCTION_INDEX_M.EUROSTAT,DE,DE,DEU,德国,Germany,INDUSTRIAL_PRODUCTION_INDEX_M,工业生产指数,Industrial production index,2020-02,M,index (2021=100),SCA,level,105.1,Eurostat,sts_inpr_m,sts_inpr_m.M.PRD.B-D.SCA.I21,Industrial production index,https://ec.europa.eu/eurostat/databrowser/view/sts_inpr_m/default/table,2026-08-13T11:00:00+0200,final,2026-08-13 18:04:54,2026-08-13T11:00:00+0200
DE.INDUSTRIAL_PRODUCTION_INDEX_M.EUROSTAT,DE,DE,DEU,德国,Germany,INDUSTRIAL_PRODUCTION_INDEX_M,工业生产指数,Industrial production index,2020-03,M,index (2021=100),SCA,level,94.4,Eurostat,sts_inpr_m,sts_inpr_m.M.PRD.B-D.SCA.I21,Industrial production index,https://ec.europa.eu/eurostat/databrowser/view/sts_inpr_m/default/table,2026-08-13T11:00:00+0200,final,2026-08-13 18:04:54,2026-08-13T11:00:00+0200
DE.INDUSTRIAL_PRODUCTION_INDEX_M.EUROSTAT,DE,DE,DEU,德国,Germany,INDUSTRIAL_PRODUCTION_INDEX_M,工业生产指数,Industrial production index,2020-04,M,index (2021=100),SCA,level,74.2,Eurostat,sts_inpr_m,sts_inpr_m.M.PRD.B-D.SCA.I21,Industrial production index,https://ec.europa.eu/eurostat/databrowser/view/sts_inpr_m/default/table,2026-08-13T11:00:00+0200,final,2026-08-13 18:04:54,2026-08-13T11:00:00+0200
DE.INDUSTRIAL_PRODUCTION_INDEX_M.EUROSTAT,DE,DE,DEU,德国,Germany,INDUSTRIAL_PRODUCTION_INDEX_M,工业生产指数,Industrial production index,2020-05,M,index (2021=100),SCA,level,82.5,Eurostat,sts_inpr_m,sts_inpr_m.M.PRD.B-D.SCA.I21,Industrial production index,https://ec.europa.eu/eurostat/databrowser/view/sts_inpr_m/default/table,2026-08-13T11:00:00+0200,final,2026-08-13 18:04:54,2026-08-13T11:00:00+0200
DE.INDUSTRIAL_PRODUCTION_INDEX_M.EUROSTAT,DE,DE,DEU,德国,Germany,INDUSTRIAL_PRODUCTION_INDEX_M,工业生产指数,Industrial production index,2020-06,M,index (2021=100),SCA,level,92.1,Eurostat,sts_inpr_m,sts_inpr_m.M.PRD.B-D.SCA.I21,Industrial production index,https://ec.europa.eu/eurostat/databrowser/view/sts_inpr_m/default/table,2026-08-13T11:00:00+0200,final,2026-08-13 18:04:54,2026-08-13T11:00:00+0200
DE.INDUSTRIAL_PRODUCTION_INDEX_M.EUROSTAT,DE,DE,DEU,德国,Germany,INDUSTRIAL_PRODUCTION_INDEX_M,工业生产指数,Industrial production index,2020-07,M,index (2021=100),SCA,level,94.1,Eurostat,sts_inpr_m,sts_inpr_m.M.PRD.B-D.SCA.I21,Industrial production index,https://ec.europa.eu/eurostat/databrowser/view/sts_inpr_m/default/table,2026-08-13T11:00:00+0200,final,2026-08-13 18:04:54,2026-08-13T11:00:00+0200
DE.INDUSTRIAL_PRODUCTION_INDEX_M.EUROSTAT,DE,DE,DEU,德国,Germany,INDUSTRIAL_PRODUCTION_INDEX_M,工业生产指数,Industrial production index,2020-08,M,index (2021=100),SCA,level,94.0,Eurostat,sts_inpr_m,sts_inpr_m.M.PRD.B-D.SCA.I21,Industrial production index,https://ec.europa.eu/eurostat/databrowser/view/sts_inpr_m/default/table,2026-08-13T11:00:00+0200,final,2026-08-13 18:04:54,2026-08-13T11:00:00+0200
DE.INDUSTRIAL_PRODUCTION_INDEX_M.EUROSTAT,DE,DE,DEU,德国,Germany,INDUSTRIAL_PRODUCTION_INDEX_M,工业生产指数,Industrial production index,2020-09,M,index (2021=100),SCA,level,96.4,Eurostat,sts_inpr_m,sts_inpr_m.M.PRD.B-D.SCA.I21,Industrial production index,https://ec.europa.eu/eurostat/databrowser/view/sts_inpr_m/default/table,2026-08-13T11:00:00+0200,final,2026-08-13 18:04:54,2026-08-13T11:00:00+0200
DE.INDUSTRIAL_PRODUCTION_INDEX_M.EUROSTAT,DE,DE,DEU,德国,Germany,INDUSTRIAL_PRODUCTION_INDEX_M,工业生产指数,Industrial production index,2020-10,M,index (2021=100),SCA,level,100.1,Eurostat,sts_inpr_m,sts_inpr_m.M.PRD.B-D.SCA.I21,Industrial production index,https://ec.europa.eu/eurostat/databrowser/view/sts_inpr_m/default/table,2026-08-13T11:00:00+0200,final,2026-08-13 18:04:54,2026-08-13T11:00:00+0200
DE.INDUSTRIAL_PRODUCTION_INDEX_M.EUROSTAT,DE,DE,DEU,德国,Germany,INDUSTRIAL_PRODUCTION_INDEX_M,工业生产指数,Industrial production index,2020-11,M,index (2021=100),SCA,level,101.3,Eurostat,sts_inpr_m,sts_inpr_m.M.PRD.B-D.SCA.I21,Industrial production index,https://ec.europa.eu/eurostat/databrowser/view/sts_inpr_m/default/table,2026-08-13T11:00:00+0200,final,2026-08-13 18:04:54,2026-08-13T11:00:00+0200
DE.INDUSTRIAL_PRODUCTION_INDEX_M.EUROSTAT,DE,DE,DEU,德国,Germany,INDUSTRIAL_PRODUCTION_INDEX_M,工业生产指数,Industrial production index,2020-12,M,index (2021=100),SCA,level,101.2,Eurostat,sts_inpr_m,sts_inpr_m.M.PRD.B-D.SCA.I21,Industrial production index,https://ec.europa.eu/eurostat/databrowser/view/sts_inpr_m/default/table,2026-08-13T11:00:00+0200,final,2026-08-13 18:04:54,2026-08-13T11:00:00+0200
DE.INDUSTRIAL_PRODUCTION_INDEX_M.EUROSTAT,DE,DE,DEU,德国,Germany,INDUSTRIAL_PRODUCTION_INDEX_M,工业生产指数,Industrial production index,2021-01,M,index (2021=100),SCA,level,101.5,Eurostat,sts_inpr_m,sts_inpr_m.M.PRD.B-D.SCA.I21,Industrial production index,https://ec.europa.eu/eurostat/databrowser/view/sts_inpr_m/default/table,2026-08-13T11:00:00+0200,final,2026-08-13 18:04:54,2026-08-13T11:00:00+0200
DE.INDUSTRIAL_PRODUCTION_INDEX_M.EUROSTAT,DE,DE,DEU,德国,Germany,INDUSTRIAL_PRODUCTION_INDEX_M,工业生产指数,Industrial production index,2021-02,M,index (2021=100),SCA,level,99.5,Eurostat,sts_inpr_m,sts_inpr_m.M.PRD.B-D.SCA.I21,Industrial production index,https://ec.europa.eu/eurostat/databrowser/view/sts_inpr_m/default/table,2026-08-13T11:00:00+0200,final,2026-08-13 18:04:54,2026-08-13T11:00:00+0200
DE.INDUSTRIAL_PRODUCTION_INDEX_M.EUROSTAT,DE,DE,DEU,德国,Germany,INDUSTRIAL_PRODUCTION_INDEX_M,工业生产指数,Industrial production index,2021-03,M,index (2021=100),SCA,level,100.9,Eurostat,sts_inpr_m,sts_inpr_m.M.PRD.B-D.SCA.I21,Industrial production index,https://ec.europa.eu/eurostat/databrowser/view/sts_inpr_m/default/table,2026-08-13T11:00:00+0200,final,2026-08-13 18:04:54,2026-08-13T11:00:00+0200
DE.INDUSTRIAL_PRODUCTION_INDEX_M.EUROSTAT,DE,DE,DEU,德国,Germany,INDUSTRIAL_PRODUCTION_INDEX_M,工业生产指数,Industrial production index,2021-04,M,index (2021=100),SCA,level,101.0,Eurostat,sts_inpr_m,sts_inpr_m.M.PRD.B-D.SCA.I21,Industrial production index,https://ec.europa.eu/eurostat/databrowser/view/sts_inpr_m/default/table,2026-08-13T11:00:00+0200,final,2026-08-13 18:04:54,2026-08-13T11:00:00+0200
DE.INDUSTRIAL_PRODUCTION_INDEX_M.EUROSTAT,DE,DE,DEU,德国,Germany,INDUSTRIAL_PRODUCTION_INDEX_M,工业生产指数,Industrial production index,2021-05,M,index (2021=100),SCA,level,99.8,Eurostat,sts_inpr_m,sts_inpr_m.M.PRD.B-D.SCA.I21,Industrial production index,https://ec.europa.eu/eurostat/databrowser/view/sts_inpr_m/default/table,2026-08-13T11:00:00+0200,final,2026-08-13 18:04:54,2026-08-13T11:00:00+0200
DE.INDUSTRIAL_PRODUCTION_INDEX_M.EUROSTAT,DE,DE,DEU,德国,Germany,INDUSTRIAL_PRODUCTION_INDEX_M,工业生产指数,Industrial production index,2021-06,M,index (2021=100),SCA,level,98.4,Eurostat,sts_inpr_m,sts_inpr_m.M.PRD.B-D.SCA.I21,Industrial production index,https://ec.europa.eu/eurostat/databrowser/view/sts_inpr_m/default/table,2026-08-13T11:00:00+0200,final,2026-08-13 18:04:54,2026-08-13T11:00:00+0200
DE.INDUSTRIAL_PRODUCTION_INDEX_M.EUROSTAT,DE,DE,DEU,德国,Germany,INDUSTRIAL_PRODUCTION_INDEX_M,工业生产指数,Industrial production index,2021-07,M,index (2021=100),SCA,level,100.2,Eurostat,sts_inpr_m,sts_inpr_m.M.PRD.B-D.SCA.I21,Industrial production index,https://ec.europa.eu/eurostat/databrowser/view/sts_inpr_m/default/table,2026-08-13T11:00:00+0200,final,2026-08-13 18:04:54,2026-08-13T11:00:00+0200
DE.INDUSTRIAL_PRODUCTION_INDEX_M.EUROSTAT,DE,DE,DEU,德国,Germany,INDUSTRIAL_PRODUCTION_INDEX_M,工业生产指数,Industrial production index,2021-08,M,index (2021=100),SCA,level,95.2,Eurostat,sts_inpr_m,sts_inpr_m.M.PRD.B-D.SCA.I21,Industrial production index,https://ec.europa.eu/eurostat/databrowser/view/sts_inpr_m/default/table,2026-08-13T11:00:00+0200,final,2026-08-13 18:04:54,2026-08-13T11:00:00+0200
DE.INDUSTRIAL_PRODUCTION_INDEX_M.EUROSTAT,DE,DE,DEU,德国,Germany,INDUSTRIAL_PRODUCTION_INDEX_M,工业生产指数,Industrial production index,2021-09,M,index (2021=100),SCA,level,95.8,Eurostat,sts_inpr_m,sts_inpr_m.M.PRD.B-D.SCA.I21,Industrial production index,https://ec.europa.eu/eurostat/databrowser/view/sts_inpr_m/default/table,2026-08-13T11:00:00+0200,final,2026-08-13 18:04:54,2026-08-13T11:00:00+0200
DE.INDUSTRIAL_PRODUCTION_INDEX_M.EUROSTAT,DE,DE,DEU,德国,Germany,INDUSTRIAL_PRODUCTION_INDEX_M,工业生产指数,Industrial production index,2021-10,M,index (2021=100),SCA,level,99.2,Eurostat,sts_inpr_m,sts_inpr_m.M.PRD.B-D.SCA.I21,Industrial production index,https://ec.europa.eu/eurostat/databrowser/view/sts_inpr_m/default/table,2026-08-13T11:00:00+0200,final,2026-08-13 18:04:54,2026-08-13T11:00:00+0200
DE.INDUSTRIAL_PRODUCTION_INDEX_M.EUROSTAT,DE,DE,DEU,德国,Germany,INDUSTRIAL_PRODUCTION_INDEX_M,工业生产指数,Industrial production index,2021-11,M,index (2021=100),SCA,level,99.6,Eurostat,sts_inpr_m,sts_inpr_m.M.PRD.B-D.SCA.I21,Industrial production index,https://ec.europa.eu/eurostat/databrowser/view/sts_inpr_m/default/table,2026-08-13T11:00:00+0200,final,2026-08-13 18:04:54,2026-08-13T11:00:00+0200
DE.INDUSTRIAL_PRODUCTION_INDEX_M.EUROSTAT,DE,DE,DEU,德国,Germany,INDUSTRIAL_PRODUCTION_INDEX_M,工业生产指数,Industrial production index,2021-12,M,index (2021=100),SCA,level,101.0,Eurostat,sts_inpr_m,sts_inpr_m.M.PRD.B-D.SCA.I21,Industrial production index,https://ec.europa.eu/eurostat/databrowser/view/sts_inpr_m/default/table,2026-08-13T11:00:00+0200,final,2026-08-13 18:04:54,2026-08-13T11:00:00+0200
DE.INDUSTRIAL_PRODUCTION_INDEX_M.EUROSTAT,DE,DE,DEU,德国,Germany,INDUSTRIAL_PRODUCTION_INDEX_M,工业生产指数,Industrial production index,2022-01,M,index (2021=100),SCA,level,100.7,Eurostat,sts_inpr_m,sts_inpr_m.M.PRD.B-D.SCA.I21,Industrial production index,https://ec.europa.eu/eurostat/databrowser/view/sts_inpr_m/default/table,2026-08-13T11:00:00+0200,final,2026-08-13 18:04:54,2026-08-13T11:00:00+0200
DE.INDUSTRIAL_PRODUCTION_INDEX_M.EUROSTAT,DE,DE,DEU,德国,Germany,INDUSTRIAL_PRODUCTION_INDEX_M,工业生产指数,Industrial production index,2022-02,M,index (2021=100),SCA,level,101.1,Eurostat,sts_inpr_m,sts_inpr_m.M.PRD.B-D.SCA.I21,Industrial production index,https://ec.europa.eu/eurostat/databrowser/view/sts_inpr_m/default/table,2026-08-13T11:00:00+0200,final,2026-08-13 18:04:54,2026-08-13T11:00:00+0200
DE.INDUSTRIAL_PRODUCTION_INDEX_M.EUROSTAT,DE,DE,DEU,德国,Germany,INDUSTRIAL_PRODUCTION_INDEX_M,工业生产指数,Industrial production index,2022-03,M,index (2021=100),SCA,level,95.8,Eurostat,sts_inpr_m,sts_inpr_m.M.PRD.B-D.SCA.I21,Industrial production index,https://ec.europa.eu/eurostat/databrowser/view/sts_inpr_m/default/table,2026-08-13T11:00:00+0200,final,2026-08-13 18:04:54,2026-08-13T11:00:00+0200
DE.INDUSTRIAL_PRODUCTION_INDEX_M.EUROSTAT,DE,DE,DEU,德国,Germany,INDUSTRIAL_PRODUCTION_INDEX_M,工业生产指数,Industrial production index,2022-04,M,index (2021=100),SCA,level,97.8,Eurostat,sts_inpr_m,sts_inpr_m.M.PRD.B-D.SCA.I21,Industrial production index,https://ec.europa.eu/eurostat/databrowser/view/sts_inpr_m/default/table,2026-08-13T11:00:00+0200,final,2026-08-13 18:04:54,2026-08-13T11:00:00+0200
DE.INDUSTRIAL_PRODUCTION_INDEX_M.EUROSTAT,DE,DE,DEU,德国,Germany,INDUSTRIAL_PRODUCTION_INDEX_M,工业生产指数,Industrial production index,2022-05,M,index (2021=100),SCA,level,98.6,Eurostat,sts_inpr_m,sts_inpr_m.M.PRD.B-D.SCA.I21,Industrial production index,https://ec.europa.eu/eurostat/databrowser/view/sts_inpr_m/default/table,2026-08-13T11:00:00+0200,final,2026-08-13 18:04:54,2026-08-13T11:00:00+0200
DE.INDUSTRIAL_PRODUCTION_INDEX_M.EUROSTAT,DE,DE,DEU,德国,Germany,INDUSTRIAL_PRODUCTION_INDEX_M,工业生产指数,Industrial production index,2022-06,M,index (2021=100),SCA,level,99.6,Eurostat,sts_inpr_m,sts_inpr_m.M.PRD.B-D.SCA.I21,Industrial production index,https://ec.europa.eu/eurostat/databrowser/view/sts_inpr_m/default/table,2026-08-13T11:00:00+0200,final,2026-08-13 18:04:54,2026-08-13T11:00:00+0200
DE.INDUSTRIAL_PRODUCTION_INDEX_M.EUROSTAT,DE,DE,DEU,德国,Germany,INDUSTRIAL_PRODUCTION_INDEX_M,工业生产指数,Industrial production index,2022-07,M,index (2021=100),SCA,level,99.6,Eurostat,sts_inpr_m,sts_inpr_m.M.PRD.B-D.SCA.I21,Industrial production index,https://ec.europa.eu/eurostat/databrowser/view/sts_inpr_m/default/table,2026-08-13T11:00:00+0200,final,2026-08-13 18:04:54,2026-08-13T11:00:00+0200
DE.INDUSTRIAL_PRODUCTION_INDEX_M.EUROSTAT,DE,DE,DEU,德国,Germany,INDUSTRIAL_PRODUCTION_INDEX_M,工业生产指数,Industrial production index,2022-08,M,index (2021=100),SCA,level,98.6,Eurostat,sts_inpr_m,sts_inpr_m.M.PRD.B-D.SCA.I21,Industrial production index,https://ec.europa.eu/eurostat/databrowser/view/sts_inpr_m/default/table,2026-08-13T11:00:00+0200,final,2026-08-13 18:04:54,2026-08-13T11:00:00+0200
DE.INDUSTRIAL_PRODUCTION_INDEX_M.EUROSTAT,DE,DE,DEU,德国,Germany,INDUSTRIAL_PRODUCTION_INDEX_M,工业生产指数,Industrial production index,2022-09,M,index (2021=100),SCA,level,100.6,Eurostat,sts_inpr_m,sts_inpr_m.M.PRD.B-D.SCA.I21,Industrial production index,https://ec.europa.eu/eurostat/databrowser/view/sts_inpr_m/default/table,2026-08-13T11:00:00+0200,final,2026-08-13 18:04:54,2026-08-13T11:00:00+0200
DE.INDUSTRIAL_PRODUCTION_INDEX_M.EUROSTAT,DE,DE,DEU,德国,Germany,INDUSTRIAL_PRODUCTION_INDEX_M,工业生产指数,Industrial production index,2022-10,M,index (2021=100),SCA,level,99.3,Eurostat,sts_inpr_m,sts_inpr_m.M.PRD.B-D.SCA.I21,Industrial production index,https://ec.europa.eu/eurostat/databrowser/view/sts_inpr_m/default/table,2026-08-13T11:00:00+0200,final,2026-08-13 18:04:54,2026-08-13T11:00:00+0200
DE.INDUSTRIAL_PRODUCTION_INDEX_M.EUROSTAT,DE,DE,DEU,德国,Germany,INDUSTRIAL_PRODUCTION_INDEX_M,工业生产指数,Industrial production index,2022-11,M,index (2021=100),SCA,level,99.9,Eurostat,sts_inpr_m,sts_inpr_m.M.PRD.B-D.SCA.I21,Industrial production index,https://ec.europa.eu/eurostat/databrowser/view/sts_inpr_m/default/table,2026-08-13T11:00:00+0200,final,2026-08-13 18:04:54,2026-08-13T11:00:00+0200
DE.INDUSTRIAL_PRODUCTION_INDEX_M.EUROSTAT,DE,DE,DEU,德国,Germany,INDUSTRIAL_PRODUCTION_INDEX_M,工业生产指数,Industrial production index,2022-12,M,index (2021=100),SCA,level,97.8,Eurostat,sts_inpr_m,sts_inpr_m.M.PRD.B-D.SCA.I21,Industrial production index,https://ec.europa.eu/eurostat/databrowser/view/sts_inpr_m/default/table,2026-08-13T11:00:00+0200,final,2026-08-13 18:04:54,2026-08-13T11:00:00+0200
DE.INDUSTRIAL_PRODUCTION_INDEX_M.EUROSTAT,DE,DE,DEU,德国,Germany,INDUSTRIAL_PRODUCTION_INDEX_M,工业生产指数,Industrial production index,2023-01,M,index (2021=100),SCA,level,99.0,Eurostat,sts_inpr_m,sts_inpr_m.M.PRD.B-D.SCA.I21,Industrial production index,https://ec.europa.eu/eurostat/databrowser/view/sts_inpr_m/default/table,2026-08-13T11:00:00+0200,final,2026-08-13 18:04:54,2026-08-13T11:00:00+0200
DE.INDUSTRIAL_PRODUCTION_INDEX_M.EUROSTAT,DE,DE,DEU,德国,Germany,INDUSTRIAL_PRODUCTION_INDEX_M,工业生产指数,Industrial production index,2023-02,M,index (2021=100),SCA,level,101.5,Eurostat,sts_inpr_m,sts_inpr_m.M.PRD.B-D.SCA.I21,Industrial production index,https://ec.europa.eu/eurostat/databrowser/view/sts_inpr_m/default/table,2026-08-13T11:00:00+0200,final,2026-08-13 18:04:54,2026-08-13T11:00:00+0200
DE.INDUSTRIAL_PRODUCTION_INDEX_M.EUROSTAT,DE,DE,DEU,德国,Germany,INDUSTRIAL_PRODUCTION_INDEX_M,工业生产指数,Industrial production index,2023-03,M,index (2021=100),SCA,level,99.1,Eurostat,sts_inpr_m,sts_inpr_m.M.PRD.B-D.SCA.I21,Industrial production index,https://ec.europa.eu/eurostat/databrowser/view/sts_inpr_m/default/table,2026-08-13T11:00:00+0200,final,2026-08-13 18:04:54,2026-08-13T11:00:00+0200
DE.INDUSTRIAL_PRODUCTION_INDEX_M.EUROSTAT,DE,DE,DEU,德国,Germany,INDUSTRIAL_PRODUCTION_INDEX_M,工业生产指数,Industrial production index,2023-04,M,index (2021=100),SCA,level,98.2,Eurostat,sts_inpr_m,sts_inpr_m.M.PRD.B-D.SCA.I21,Industrial production index,https://ec.europa.eu/eurostat/databrowser/view/sts_inpr_m/default/table,2026-08-13T11:00:00+0200,final,2026-08-13 18:04:54,2026-08-13T11:00:00+0200
DE.INDUSTRIAL_PRODUCTION_INDEX_M.EUROSTAT,DE,DE,DEU,德国,Germany,INDUSTRIAL_PRODUCTION_INDEX_M,工业生产指数,Industrial production index,2023-05,M,index (2021=100),SCA,level,99.1,Eurostat,sts_inpr_m,sts_inpr_m.M.PRD.B-D.SCA.I21,Industrial production index,https://ec.europa.eu/eurostat/databrowser/view/sts_inpr_m/default/table,2026-08-13T11:00:00+0200,final,2026-08-13 18:04:54,2026-08-13T11:00:00+0200
DE.INDUSTRIAL_PRODUCTION_INDEX_M.EUROSTAT,DE,DE,DEU,德国,Germany,INDUSTRIAL_PRODUCTION_INDEX_M,工业生产指数,Industrial production index,2023-06,M,index (2021=100),SCA,level,97.4,Eurostat,sts_inpr_m,sts_inpr_m.M.PRD.B-D.SCA.I21,Industrial production index,https://ec.europa.eu/eurostat/databrowser/view/sts_inpr_m/default/table,2026-08-13T11:00:00+0200,final,2026-08-13 18:04:54,2026-08-13T11:00:00+0200
DE.INDUSTRIAL_PRODUCTION_INDEX_M.EUROSTAT,DE,DE,DEU,德国,Germany,INDUSTRIAL_PRODUCTION_INDEX_M,工业生产指数,Industrial production index,2023-07,M,index (2021=100),SCA,level,96.5,Eurostat,sts_inpr_m,sts_inpr_m.M.PRD.B-D.SCA.I21,Industrial production index,https://ec.europa.eu/eurostat/databrowser/view/sts_inpr_m/default/table,2026-08-13T11:00:00+0200,final,2026-08-13 18:04:54,2026-08-13T11:00:00+0200
DE.INDUSTRIAL_PRODUCTION_INDEX_M.EUROSTAT,DE,DE,DEU,德国,Germany,INDUSTRIAL_PRODUCTION_INDEX_M,工业生产指数,Industrial production index,2023-08,M,index (2021=100),SCA,level,96.5,Eurostat,sts_inpr_m,sts_inpr_m.M.PRD.B-D.SCA.I21,Industrial production index,https://ec.europa.eu/eurostat/databrowser/view/sts_inpr_m/default/table,2026-08-13T11:00:00+0200,final,2026-08-13 18:04:54,2026-08-13T11:00:00+0200
DE.INDUSTRIAL_PRODUCTION_INDEX_M.EUROSTAT,DE,DE,DEU,德国,Germany,INDUSTRIAL_PRODUCTION_INDEX_M,工业生产指数,Industrial production index,2023-09,M,index (2021=100),SCA,level,95.5,Eurostat,sts_inpr_m,sts_inpr_m.M.PRD.B-D.SCA.I21,Industrial production index,https://ec.europa.eu/eurostat/databrowser/view/sts_inpr_m/default/table,2026-08-13T11:00:00+0200,final,2026-08-13 18:04:54,2026-08-13T11:00:00+0200
DE.INDUSTRIAL_PRODUCTION_INDEX_M.EUROSTAT,DE,DE,DEU,德国,Germany,INDUSTRIAL_PRODUCTION_INDEX_M,工业生产指数,Industrial production index,2023-10,M,index (2021=100),SCA,level,95.3,Eurostat,sts_inpr_m,sts_inpr_m.M.PRD.B-D.SCA.I21,Industrial production index,https://ec.europa.eu/eurostat/databrowser/view/sts_inpr_m/default/table,2026-08-13T11:00:00+0200,final,2026-08-13 18:04:54,2026-08-13T11:00:00+0200
DE.INDUSTRIAL_PRODUCTION_INDEX_M.EUROSTAT,DE,DE,DEU,德国,Germany,INDUSTRIAL_PRODUCTION_INDEX_M,工业生产指数,Industrial production index,2023-11,M,index (2021=100),SCA,level,95.0,Eurostat,sts_inpr_m,sts_inpr_m.M.PRD.B-D.SCA.I21,Industrial production index,https://ec.europa.eu/eurostat/databrowser/view/sts_inpr_m/default/table,2026-08-13T11:00:00+0200,final,2026-08-13 18:04:54,2026-08-13T11:00:00+0200
DE.INDUSTRIAL_PRODUCTION_INDEX_M.EUROSTAT,DE,DE,DEU,德国,Germany,INDUSTRIAL_PRODUCTION_INDEX_M,工业生产指数,Industrial production index,2023-12,M,index (2021=100),SCA,level,93.5,Eurostat,sts_inpr_m,sts_inpr_m.M.PRD.B-D.SCA.I21,Industrial production index,https://ec.europa.eu/eurostat/databrowser/view/sts_inpr_m/default/table,2026-08-13T11:00:00+0200,final,2026-08-13 18:04:54,2026-08-13T11:00:00+0200
DE.INDUSTRIAL_PRODUCTION_INDEX_M.EUROSTAT,DE,DE,DEU,德国,Germany,INDUSTRIAL_PRODUCTION_INDEX_M,工业生产指数,Industrial production index,2024-01,M,index (2021=100),SCA,level,94.0,Eurostat,sts_inpr_m,sts_inpr_m.M.PRD.B-D.SCA.I21,Industrial production index,https://ec.europa.eu/eurostat/databrowser/view/sts_inpr_m/default/table,2026-08-13T11:00:00+0200,final,2026-08-13 18:04:54,2026-08-13T11:00:00+0200
DE.INDUSTRIAL_PRODUCTION_INDEX_M.EUROSTAT,DE,DE,DEU,德国,Germany,INDUSTRIAL_PRODUCTION_INDEX_M,工业生产指数,Industrial production index,2024-02,M,index (2021=100),SCA,level,95.1,Eurostat,sts_inpr_m,sts_inpr_m.M.PRD.B-D.SCA.I21,Industrial production index,https://ec.europa.eu/eurostat/databrowser/view/sts_inpr_m/default/table,2026-08-13T11:00:00+0200,final,2026-08-13 18:04:54,2026-08-13T11:00:00+0200
DE.INDUSTRIAL_PRODUCTION_INDEX_M.EUROSTAT,DE,DE,DEU,德国,Germany,INDUSTRIAL_PRODUCTION_INDEX_M,工业生产指数,Industrial production index,2024-03,M,index (2021=100),SCA,level,94.0,Eurostat,sts_inpr_m,sts_inpr_m.M.PRD.B-D.SCA.I21,Industrial production index,https://ec.europa.eu/eurostat/databrowser/view/sts_inpr_m/default/table,2026-08-13T11:00:00+0200,final,2026-08-13 18:04:54,2026-08-13T11:00:00+0200
DE.INDUSTRIAL_PRODUCTION_INDEX_M.EUROSTAT,DE,DE,DEU,德国,Germany,INDUSTRIAL_PRODUCTION_INDEX_M,工业生产指数,Industrial production index,2024-04,M,index (2021=100),SCA,level,94.3,Eurostat,sts_inpr_m,sts_inpr_m.M.PRD.B-D.SCA.I21,Industrial production index,https://ec.europa.eu/eurostat/databrowser/view/sts_inpr_m/default/table,2026-08-13T11:00:00+0200,final,2026-08-13 18:04:54,2026-08-13T11:00:00+0200
DE.INDUSTRIAL_PRODUCTION_INDEX_M.EUROSTAT,DE,DE,DEU,德国,Germany,INDUSTRIAL_PRODUCTION_INDEX_M,工业生产指数,Industrial production index,2024-05,M,index (2021=100),SCA,level,91.2,Eurostat,sts_inpr_m,sts_inpr_m.M.PRD.B-D.SCA.I21,Industrial production index,https://ec.europa.eu/eurostat/databrowser/view/sts_inpr_m/default/table,2026-08-13T11:00:00+0200,final,2026-08-13 18:04:54,2026-08-13T11:00:00+0200
DE.INDUSTRIAL_PRODUCTION_INDEX_M.EUROSTAT,DE,DE,DEU,德国,Germany,INDUSTRIAL_PRODUCTION_INDEX_M,工业生产指数,Industrial production index,2024-06,M,index (2021=100),SCA,level,93.8,Eurostat,sts_inpr_m,sts_inpr_m.M.PRD.B-D.SCA.I21,Industrial production index,https://ec.europa.eu/eurostat/databrowser/view/sts_inpr_m/default/table,2026-08-13T11:00:00+0200,final,2026-08-13 18:04:54,2026-08-13T11:00:00+0200
DE.INDUSTRIAL_PRODUCTION_INDEX_M.EUROSTAT,DE,DE,DEU,德国,Germany,INDUSTRIAL_PRODUCTION_INDEX_M,工业生产指数,Industrial production index,2024-07,M,index (2021=100),SCA,level,91.4,Eurostat,sts_inpr_m,sts_inpr_m.M.PRD.B-D.SCA.I21,Industrial production index,https://ec.europa.eu/eurostat/databrowser/view/sts_inpr_m/default/table,2026-08-13T11:00:00+0200,final,2026-08-13 18:04:54,2026-08-13T11:00:00+0200
DE.INDUSTRIAL_PRODUCTION_INDEX_M.EUROSTAT,DE,DE,DEU,德国,Germany,INDUSTRIAL_PRODUCTION_INDEX_M,工业生产指数,Industrial production index,2024-08,M,index (2021=100),SCA,level,93.5,Eurostat,sts_inpr_m,sts_inpr_m.M.PRD.B-D.SCA.I21,Industrial production index,https://ec.europa.eu/eurostat/databrowser/view/sts_inpr_m/default/table,2026-08-13T11:00:00+0200,final,2026-08-13 18:04:54,2026-08-13T11:00:00+0200
DE.INDUSTRIAL_PRODUCTION_INDEX_M.EUROSTAT,DE,DE,DEU,德国,Germany,INDUSTRIAL_PRODUCTION_INDEX_M,工业生产指数,Industrial production index,2024-09,M,index (2021=100),SCA,level,91.7,Eurostat,sts_inpr_m,sts_inpr_m.M.PRD.B-D.SCA.I21,Industrial production index,https://ec.europa.eu/eurostat/databrowser/view/sts_inpr_m/default/table,2026-08-13T11:00:00+0200,final,2026-08-13 18:04:54,2026-08-13T11:00:00+0200
DE.INDUSTRIAL_PRODUCTION_INDEX_M.EUROSTAT,DE,DE,DEU,德国,Germany,INDUSTRIAL_PRODUCTION_INDEX_M,工业生产指数,Industrial production index,2024-10,M,index (2021=100),SCA,level,91.3,Eurostat,sts_inpr_m,sts_inpr_m.M.PRD.B-D.SCA.I21,Industrial production index,https://ec.europa.eu/eurostat/databrowser/view/sts_inpr_m/default/table,2026-08-13T11:00:00+0200,final,2026-08-13 18:04:54,2026-08-13T11:00:00+0200
DE.INDUSTRIAL_PRODUCTION_INDEX_M.EUROSTAT,DE,DE,DEU,德国,Germany,INDUSTRIAL_PRODUCTION_INDEX_M,工业生产指数,Industrial production index,2024-11,M,index (2021=100),SCA,level,92.3,Eurostat,sts_inpr_m,sts_inpr_m.M.PRD.B-D.SCA.I21,Industrial production index,https://ec.europa.eu/eurostat/databrowser/view/sts_inpr_m/default/table,2026-08-13T11:00:00+0200,final,2026-08-13 18:04:54,2026-08-13T11:00:00+0200
DE.INDUSTRIAL_PRODUCTION_INDEX_M.EUROSTAT,DE,DE,DEU,德国,Germany,INDUSTRIAL_PRODUCTION_INDEX_M,工业生产指数,Industrial production index,2024-12,M,index (2021=100),SCA,level,90.8,Eurostat,sts_inpr_m,sts_inpr_m.M.PRD.B-D.SCA.I21,Industrial production index,https://ec.europa.eu/eurostat/databrowser/view/sts_inpr_m/default/table,2026-08-13T11:00:00+0200,final,2026-08-13 18:04:54,2026-08-13T11:00:00+0200
DE.INDUSTRIAL_PRODUCTION_INDEX_M.EUROSTAT,DE,DE,DEU,德国,Germany,INDUSTRIAL_PRODUCTION_INDEX_M,工业生产指数,Industrial production index,2025-01,M,index (2021=100),SCA,level,92.8,Eurostat,sts_inpr_m,sts_inpr_m.M.PRD.B-D.SCA.I21,Industrial production index,https://ec.europa.eu/eurostat/databrowser/view/sts_inpr_m/default/table,2026-08-13T11:00:00+0200,final,2026-08-13 18:04:54,2026-08-13T11:00:00+0200
DE.INDUSTRIAL_PRODUCTION_INDEX_M.EUROSTAT,DE,DE,DEU,德国,Germany,INDUSTRIAL_PRODUCTION_INDEX_M,工业生产指数,Industrial production index,2025-02,M,index (2021=100),SCA,level,91.9,Eurostat,sts_inpr_m,sts_inpr_m.M.PRD.B-D.SCA.I21,Industrial production index,https://ec.europa.eu/eurostat/databrowser/view/sts_inpr_m/default/table,2026-08-13T11:00:00+0200,final,2026-08-13 18:04:54,2026-08-13T11:00:00+0200
DE.INDUSTRIAL_PRODUCTION_INDEX_M.EUROSTAT,DE,DE,DEU,德国,Germany,INDUSTRIAL_PRODUCTION_INDEX_M,工业生产指数,Industrial production index,2025-03,M,index (2021=100),SCA,level,94.9,Eurostat,sts_inpr_m,sts_inpr_m.M.PRD.B-D.SCA.I21,Industrial production index,https://ec.europa.eu/eurostat/databrowser/view/sts_inpr_m/default/table,2026-08-13T11:00:00+0200,final,2026-08-13 18:04:54,2026-08-13T11:00:00+0200
DE.INDUSTRIAL_PRODUCTION_INDEX_M.EUROSTAT,DE,DE,DEU,德国,Germany,INDUSTRIAL_PRODUCTION_INDEX_M,工业生产指数,Industrial production index,2025-04,M,index (2021=100),SCA,level,92.0,Eurostat,sts_inpr_m,sts_inpr_m.M.PRD.B-D.SCA.I21,Industrial production index,https://ec.europa.eu/eurostat/databrowser/view/sts_inpr_m/default/table,2026-08-13T11:00:00+0200,final,2026-08-13 18:04:54,2026-08-13T11:00:00+0200
DE.INDUSTRIAL_PRODUCTION_INDEX_M.EUROSTAT,DE,DE,DEU,德国,Germany,INDUSTRIAL_PRODUCTION_INDEX_M,工业生产指数,Industrial production index,2025-05,M,index (2021=100),SCA,level,92.4,Eurostat,sts_inpr_m,sts_inpr_m.M.PRD.B-D.SCA.I21,Industrial production index,https://ec.europa.eu/eurostat/databrowser/view/sts_inpr_m/default/table,2026-08-13T11:00:00+0200,final,2026-08-13 18:04:54,2026-08-13T11:00:00+0200
DE.INDUSTRIAL_PRODUCTION_INDEX_M.EUROSTAT,DE,DE,DEU,德国,Germany,INDUSTRIAL_PRODUCTION_INDEX_M,工业生产指数,Industrial production index,2025-06,M,index (2021=100),SCA,level,92.4,Eurostat,sts_inpr_m,sts_inpr_m.M.PRD.B-D.SCA.I21,Industrial production index,https://ec.europa.eu/eurostat/databrowser/view/sts_inpr_m/default/table,2026-08-13T11:00:00+0200,final,2026-08-13 18:04:54,2026-08-13T11:00:00+0200
DE.INDUSTRIAL_PRODUCTION_INDEX_M.EUROSTAT,DE,DE,DEU,德国,Germany,INDUSTRIAL_PRODUCTION_INDEX_M,工业生产指数,Industrial production index,2025-07,M,index (2021=100),SCA,level,92.5,Eurostat,sts_inpr_m,sts_inpr_m.M.PRD.B-D.SCA.I21,Industrial production index,https://ec.europa.eu/eurostat/databrowser/view/sts_inpr_m/default/table,2026-08-13T11:00:00+0200,final,2026-08-13 18:04:54,2026-08-13T11:00:00+0200
DE.INDUSTRIAL_PRODUCTION_INDEX_M.EUROSTAT,DE,DE,DEU,德国,Germany,INDUSTRIAL_PRODUCTION_INDEX_M,工业生产指数,Industrial production index,2025-08,M,index (2021=100),SCA,level,90.2,Eurostat,sts_inpr_m,sts_inpr_m.M.PRD.B-D.SCA.I21,Industrial production index,https://ec.europa.eu/eurostat/databrowser/view/sts_inpr_m/default/table,2026-08-13T11:00:00+0200,final,2026-08-13 18:04:54,2026-08-13T11:00:00+0200
DE.INDUSTRIAL_PRODUCTION_INDEX_M.EUROSTAT,DE,DE,DEU,德国,Germany,INDUSTRIAL_PRODUCTION_INDEX_M,工业生产指数,Industrial production index,2025-09,M,index (2021=100),SCA,level,91.3,Eurostat,sts_inpr_m,sts_inpr_m.M.PRD.B-D.SCA.I21,Industrial production index,https://ec.europa.eu/eurostat/databrowser/view/sts_inpr_m/default/table,2026-08-13T11:00:00+0200,final,2026-08-13 18:04:54,2026-08-13T11:00:00+0200
DE.INDUSTRIAL_PRODUCTION_INDEX_M.EUROSTAT,DE,DE,DEU,德国,Germany,INDUSTRIAL_PRODUCTION_INDEX_M,工业生产指数,Industrial production index,2025-10,M,index (2021=100),SCA,level,91.6,Eurostat,sts_inpr_m,sts_inpr_m.M.PRD.B-D.SCA.I21,Industrial production index,https://ec.europa.eu/eurostat/databrowser/view/sts_inpr_m/default/table,2026-08-13T11:00:00+0200,final,2026-08-13 18:04:54,2026-08-13T11:00:00+0200
DE.INDUSTRIAL_PRODUCTION_INDEX_M.EUROSTAT,DE,DE,DEU,德国,Germany,INDUSTRIAL_PRODUCTION_INDEX_M,工业生产指数,Industrial production index,2025-11,M,index (2021=100),SCA,level,92.6,Eurostat,sts_inpr_m,sts_inpr_m.M.PRD.B-D.SCA.I21,Industrial production index,https://ec.europa.eu/eurostat/databrowser/view/sts_inpr_m/default/table,2026-08-13T11:00:00+0200,final,2026-08-13 18:04:54,2026-08-13T11:00:00+0200
DE.INDUSTRIAL_PRODUCTION_INDEX_M.EUROSTAT,DE,DE,DEU,德国,Germany,INDUSTRIAL_PRODUCTION_INDEX_M,工业生产指数,Industrial production index,2025-12,M,index (2021=100),SCA,level,91.7,Eurostat,sts_inpr_m,sts_inpr_m.M.PRD.B-D.SCA.I21,Industrial production index,https://ec.europa.eu/eurostat/databrowser/view/sts_inpr_m/default/table,2026-08-13T11:00:00+0200,final,2026-08-13 18:04:54,2026-08-13T11:00:00+0200
DE.INDUSTRIAL_PRODUCTION_INDEX_M.EUROSTAT,DE,DE,DEU,德国,Germany,INDUSTRIAL_PRODUCTION_INDEX_M,工业生产指数,Industrial production index,2026-01,M,index (2021=100),SCA,level,91.6,Eurostat,sts_inpr_m,sts_inpr_m.M.PRD.B-D.SCA.I21,Industrial production index,https://ec.europa.eu/eurostat/databrowser/view/sts_inpr_m/default/table,2026-08-13T11:00:00+0200,final,2026-08-13 18:04:54,2026-08-13T11:00:00+0200
DE.INDUSTRIAL_PRODUCTION_INDEX_M.EUROSTAT,DE,DE,DEU,德国,Germany,INDUSTRIAL_PRODUCTION_INDEX_M,工业生产指数,Industrial production index,2026-02,M,index (2021=100),SCA,level,91.6,Eurostat,sts_inpr_m,sts_inpr_m.M.PRD.B-D.SCA.I21,Industrial production index,https://ec.europa.eu/eurostat/databrowser/view/sts_inpr_m/default/table,2026-08-13T11:00:00+0200,final,2026-08-13 18:04:54,2026-08-13T11:00:00+0200
DE.INDUSTRIAL_PRODUCTION_INDEX_M.EUROSTAT,DE,DE,DEU,德国,Germany,INDUSTRIAL_PRODUCTION_INDEX_M,工业生产指数,Industrial production index,2026-03,M,index (2021=100),SCA,level,90.9,Eurostat,sts_inpr_m,sts_inpr_m.M.PRD.B-D.SCA.I21,Industrial production index,https://ec.europa.eu/eurostat/databrowser/view/sts_inpr_m/default/table,2026-08-13T11:00:00+0200,final,2026-08-13 18:04:54,2026-08-13T11:00:00+0200
DE.INDUSTRIAL_PRODUCTION_INDEX_M.EUROSTAT,DE,DE,DEU,德国,Germany,INDUSTRIAL_PRODUCTION_INDEX_M,工业生产指数,Industrial production index,2026-04,M,index (2021=100),SCA,level,91.1,Eurostat,sts_inpr_m,sts_inpr_m.M.PRD.B-D.SCA.I21,Industrial production index,https://ec.europa.eu/eurostat/databrowser/view/sts_inpr_m/default/table,2026-08-13T11:00:00+0200,final,2026-08-13 18:04:54,2026-08-13T11:00:00+0200
DE.INDUSTRIAL_PRODUCTION_INDEX_M.EUROSTAT,DE,DE,DEU,德国,Germany,INDUSTRIAL_PRODUCTION_INDEX_M,工业生产指数,Industrial production index,2026-05,M,index (2021=100),SCA,level,91.9,Eurostat,sts_inpr_m,sts_inpr_m.M.PRD.B-D.SCA.I21,Industrial production index,https://ec.europa.eu/eurostat/databrowser/view/sts_inpr_m/default/table,2026-08-13T11:00:00+0200,final,2026-08-13 18:04:54,2026-08-13T11:00:00+0200
DE.INDUSTRIAL_PRODUCTION_INDEX_M.EUROSTAT,DE,DE,DEU,德国,Germany,INDUSTRIAL_PRODUCTION_INDEX_M,工业生产指数,Industrial production index,2026-06,M,index (2021=100),SCA,level,92.1,Eurostat,sts_inpr_m,sts_inpr_m.M.PRD.B-D.SCA.I21,Industrial production index,https://ec.europa.eu/eurostat/databrowser/view/sts_inpr_m/default/table,2026-08-13T11:00:00+0200,final,2026-08-13 18:04:54,2026-08-13T11:00:00+0200
ES.INDUSTRIAL_PRODUCTION_INDEX_M.EUROSTAT,ES,ES,ESP,西班牙,Spain,INDUSTRIAL_PRODUCTION_INDEX_M,工业生产指数,Industrial production index,2015-01,M,index (2021=100),SCA,level,93.2,Eurostat,sts_inpr_m,sts_inpr_m.M.PRD.B-D.SCA.I21,Industrial production index,https://ec.europa.eu/eurostat/databrowser/view/sts_inpr_m/default/table,2026-08-13T11:00:00+0200,final,2026-08-13 18:04:54,2026-08-13T11:00:00+0200
ES.INDUSTRIAL_PRODUCTION_INDEX_M.EUROSTAT,ES,ES,ESP,西班牙,Spain,INDUSTRIAL_PRODUCTION_INDEX_M,工业生产指数,Industrial production index,2015-02,M,index (2021=100),SCA,level,94.8,Eurostat,sts_inpr_m,sts_inpr_m.M.PRD.B-D.SCA.I21,Industrial production index,https://ec.europa.eu/eurostat/databrowser/view/sts_inpr_m/default/table,2026-08-13T11:00:00+0200,final,2026-08-13 18:04:54,2026-08-13T11:00:00+0200
ES.INDUSTRIAL_PRODUCTION_INDEX_M.EUROSTAT,ES,ES,ESP,西班牙,Spain,INDUSTRIAL_PRODUCTION_INDEX_M,工业生产指数,Industrial production index,2015-03,M,index (2021=100),SCA,level,97.4,Eurostat,sts_inpr_m,sts_inpr_m.M.PRD.B-D.SCA.I21,Industrial production index,https://ec.europa.eu/eurostat/databrowser/view/sts_inpr_m/default/table,2026-08-13T11:00:00+0200,final,2026-08-13 18:04:54,2026-08-13T11:00:00+0200
ES.INDUSTRIAL_PRODUCTION_INDEX_M.EUROSTAT,ES,ES,ESP,西班牙,Spain,INDUSTRIAL_PRODUCTION_INDEX_M,工业生产指数,Industrial production index,2015-04,M,index (2021=100),SCA,level,94.8,Eurostat,sts_inpr_m,sts_inpr_m.M.PRD.B-D.SCA.I21,Industrial production index,https://ec.europa.eu/eurostat/databrowser/view/sts_inpr_m/default/table,2026-08-13T11:00:00+0200,final,2026-08-13 18:04:54,2026-08-13T11:00:00+0200
ES.INDUSTRIAL_PRODUCTION_INDEX_M.EUROSTAT,ES,ES,ESP,西班牙,Spain,INDUSTRIAL_PRODUCTION_INDEX_M,工业生产指数,Industrial production index,2015-05,M,index (2021=100),SCA,level,97.0,Eurostat,sts_inpr_m,sts_inpr_m.M.PRD.B-D.SCA.I21,Industrial production index,https://ec.europa.eu/eurostat/databrowser/view/sts_inpr_m/default/table,2026-08-13T11:00:00+0200,final,2026-08-13 18:04:54,2026-08-13T11:00:00+0200
ES.INDUSTRIAL_PRODUCTION_INDEX_M.EUROSTAT,ES,ES,ESP,西班牙,Spain,INDUSTRIAL_PRODUCTION_INDEX_M,工业生产指数,Industrial production index,2015-06,M,index (2021=100),SCA,level,97.8,Eurostat,sts_inpr_m,sts_inpr_m.M.PRD.B-D.SCA.I21,Industrial production index,https://ec.europa.eu/eurostat/databrowser/view/sts_inpr_m/default/table,2026-08-13T11:00:00+0200,final,2026-08-13 18:04:54,2026-08-13T11:00:00+0200
ES.INDUSTRIAL_PRODUCTION_INDEX_M.EUROSTAT,ES,ES,ESP,西班牙,Spain,INDUSTRIAL_PRODUCTION_INDEX_M,工业生产指数,Industrial production index,2015-07,M,index (2021=100),SCA,level,98.9,Eurostat,sts_inpr_m,sts_inpr_m.M.PRD.B-D.SCA.I21,Industrial production index,https://ec.europa.eu/eurostat/databrowser/view/sts_inpr_m/default/table,2026-08-13T11:00:00+0200,final,2026-08-13 18:04:54,2026-08-13T11:00:00+0200
ES.INDUSTRIAL_PRODUCTION_INDEX_M.EUROSTAT,ES,ES,ESP,西班牙,Spain,INDUSTRIAL_PRODUCTION_INDEX_M,工业生产指数,Industrial production index,2015-08,M,index (2021=100),SCA,level,97.7,Eurostat,sts_inpr_m,sts_inpr_m.M.PRD.B-D.SCA.I21,Industrial production index,https://ec.europa.eu/eurostat/databrowser/view/sts_inpr_m/default/table,2026-08-13T11:00:00+0200,final,2026-08-13 18:04:54,2026-08-13T11:00:00+0200
ES.INDUSTRIAL_PRODUCTION_INDEX_M.EUROSTAT,ES,ES,ESP,西班牙,Spain,INDUSTRIAL_PRODUCTION_INDEX_M,工业生产指数,Industrial production index,2015-09,M,index (2021=100),SCA,level,98.1,Eurostat,sts_inpr_m,sts_inpr_m.M.PRD.B-D.SCA.I21,Industrial production index,https://ec.europa.eu/eurostat/databrowser/view/sts_inpr_m/default/table,2026-08-13T11:00:00+0200,final,2026-08-13 18:04:54,2026-08-13T11:00:00+0200
ES.INDUSTRIAL_PRODUCTION_INDEX_M.EUROSTAT,ES,ES,ESP,西班牙,Spain,INDUSTRIAL_PRODUCTION_INDEX_M,工业生产指数,Industrial production index,2015-10,M,index (2021=100),SCA,level,97.6,Eurostat,sts_inpr_m,sts_inpr_m.M.PRD.B-D.SCA.I21,Industrial production index,https://ec.europa.eu/eurostat/databrowser/view/sts_inpr_m/default/table,2026-08-13T11:00:00+0200,final,2026-08-13 18:04:54,2026-08-13T11:00:00+0200
ES.INDUSTRIAL_PRODUCTION_INDEX_M.EUROSTAT,ES,ES,ESP,西班牙,Spain,INDUSTRIAL_PRODUCTION_INDEX_M,工业生产指数,Industrial production index,2015-11,M,index (2021=100),SCA,level,98.6,Eurostat,sts_inpr_m,sts_inpr_m.M.PRD.B-D.SCA.I21,Industrial production index,https://ec.europa.eu/eurostat/databrowser/view/sts_inpr_m/default/table,2026-08-13T11:00:00+0200,final,2026-08-13 18:04:54,2026-08-13T11:00:00+0200
ES.INDUSTRIAL_PRODUCTION_INDEX_M.EUROSTAT,ES,ES,ESP,西班牙,Spain,INDUSTRIAL_PRODUCTION_INDEX_M,工业生产指数,Industrial production index,2015-12,M,index (2021=100),SCA,level,97.9,Eurostat,sts_inpr_m,sts_inpr_m.M.PRD.B-D.SCA.I21,Industrial production index,https://ec.europa.eu/eurostat/databrowser/view/sts_inpr_m/default/table,2026-08-13T11:00:00+0200,final,2026-08-13 18:04:54,2026-08-13T11:00:00+0200
ES.INDUSTRIAL_PRODUCTION_INDEX_M.EUROSTAT,ES,ES,ESP,西班牙,Spain,INDUSTRIAL_PRODUCTION_INDEX_M,工业生产指数,Industrial production index,2016-01,M,index (2021=100),SCA,level,98.0,Eurostat,sts_inpr_m,sts_inpr_m.M.PRD.B-D.SCA.I21,Industrial production index,https://ec.europa.eu/eurostat/databrowser/view/sts_inpr_m/default/table,2026-08-13T11:00:00+0200,final,2026-08-13 18:04:54,2026-08-13T11:00:00+0200
ES.INDUSTRIAL_PRODUCTION_INDEX_M.EUROSTAT,ES,ES,ESP,西班牙,Spain,INDUSTRIAL_PRODUCTION_INDEX_M,工业生产指数,Industrial production index,2016-02,M,index (2021=100),SCA,level,99.9,Eurostat,sts_inpr_m,sts_inpr_m.M.PRD.B-D.SCA.I21,Industrial production index,https://ec.europa.eu/eurostat/databrowser/view/sts_inpr_m/default/table,2026-08-13T11:00:00+0200,final,2026-08-13 18:04:54,2026-08-13T11:00:00+0200
ES.INDUSTRIAL_PRODUCTION_INDEX_M.EUROSTAT,ES,ES,ESP,西班牙,Spain,INDUSTRIAL_PRODUCTION_INDEX_M,工业生产指数,Industrial production index,2016-03,M,index (2021=100),SCA,level,98.6,Eurostat,sts_inpr_m,sts_inpr_m.M.PRD.B-D.SCA.I21,Industrial production index,https://ec.europa.eu/eurostat/databrowser/view/sts_inpr_m/default/table,2026-08-13T11:00:00+0200,final,2026-08-13 18:04:54,2026-08-13T11:00:00+0200
ES.INDUSTRIAL_PRODUCTION_INDEX_M.EUROSTAT,ES,ES,ESP,西班牙,Spain,INDUSTRIAL_PRODUCTION_INDEX_M,工业生产指数,Industrial production index,2016-04,M,index (2021=100),SCA,level,100.7,Eurostat,sts_inpr_m,sts_inpr_m.M.PRD.B-D.SCA.I21,Industrial production index,https://ec.europa.eu/eurostat/databrowser/view/sts_inpr_m/default/table,2026-08-13T11:00:00+0200,final,2026-08-13 18:04:54,2026-08-13T11:00:00+0200
ES.INDUSTRIAL_PRODUCTION_INDEX_M.EUROSTAT,ES,ES,ESP,西班牙,Spain,INDUSTRIAL_PRODUCTION_INDEX_M,工业生产指数,Industrial production index,2016-05,M,index (2021=100),SCA,level,98.2,Eurostat,sts_inpr_m,sts_inpr_m.M.PRD.B-D.SCA.I21,Industrial production index,https://ec.europa.eu/eurostat/databrowser/view/sts_inpr_m/default/table,2026-08-13T11:00:00+0200,final,2026-08-13 18:04:54,2026-08-13T11:00:00+0200
ES.INDUSTRIAL_PRODUCTION_INDEX_M.EUROSTAT,ES,ES,ESP,西班牙,Spain,INDUSTRIAL_PRODUCTION_INDEX_M,工业生产指数,Industrial production index,2016-06,M,index (2021=100),SCA,level,97.1,Eurostat,sts_inpr_m,sts_inpr_m.M.PRD.B-D.SCA.I21,Industrial production index,https://ec.europa.eu/eurostat/databrowser/view/sts_inpr_m/default/table,2026-08-13T11:00:00+0200,final,2026-08-13 18:04:54,2026-08-13T11:00:00+0200
ES.INDUSTRIAL_PRODUCTION_INDEX_M.EUROSTAT,ES,ES,ESP,西班牙,Spain,INDUSTRIAL_PRODUCTION_INDEX_M,工业生产指数,Industrial production index,2016-07,M,index (2021=100),SCA,level,97.5,Eurostat,sts_inpr_m,sts_inpr_m.M.PRD.B-D.SCA.I21,Industrial production index,https://ec.europa.eu/eurostat/databrowser/view/sts_inpr_m/default/table,2026-08-13T11:00:00+0200,final,2026-08-13 18:04:54,2026-08-13T11:00:00+0200
ES.INDUSTRIAL_PRODUCTION_INDEX_M.EUROSTAT,ES,ES,ESP,西班牙,Spain,INDUSTRIAL_PRODUCTION_INDEX_M,工业生产指数,Industrial production index,2016-08,M,index (2021=100),SCA,level,98.6,Eurostat,sts_inpr_m,sts_inpr_m.M.PRD.B-D.SCA.I21,Industrial production index,https://ec.europa.eu/eurostat/databrowser/view/sts_inpr_m/default/table,2026-08-13T11:00:00+0200,final,2026-08-13 18:04:54,2026-08-13T11:00:00+0200
ES.INDUSTRIAL_PRODUCTION_INDEX_M.EUROSTAT,ES,ES,ESP,西班牙,Spain,INDUSTRIAL_PRODUCTION_INDEX_M,工业生产指数,Industrial production index,2016-09,M,index (2021=100),SCA,level,99.0,Eurostat,sts_inpr_m,sts_inpr_m.M.PRD.B-D.SCA.I21,Industrial production index,https://ec.europa.eu/eurostat/databrowser/view/sts_inpr_m/default/table,2026-08-13T11:00:00+0200,final,2026-08-13 18:04:54,2026-08-13T11:00:00+0200
ES.INDUSTRIAL_PRODUCTION_INDEX_M.EUROSTAT,ES,ES,ESP,西班牙,Spain,INDUSTRIAL_PRODUCTION_INDEX_M,工业生产指数,Industrial production index,2016-10,M,index (2021=100),SCA,level,98.0,Eurostat,sts_inpr_m,sts_inpr_m.M.PRD.B-D.SCA.I21,Industrial production index,https://ec.europa.eu/eurostat/databrowser/view/sts_inpr_m/default/table,2026-08-13T11:00:00+0200,final,2026-08-13 18:04:54,2026-08-13T11:00:00+0200
ES.INDUSTRIAL_PRODUCTION_INDEX_M.EUROSTAT,ES,ES,ESP,西班牙,Spain,INDUSTRIAL_PRODUCTION_INDEX_M,工业生产指数,Industrial production index,2016-11,M,index (2021=100),SCA,level,99.1,Eurostat,sts_inpr_m,sts_inpr_m.M.PRD.B-D.SCA.I21,Industrial production index,https://ec.europa.eu/eurostat/databrowser/view/sts_inpr_m/default/table,2026-08-13T11:00:00+0200,final,2026-08-13 18:04:54,2026-08-13T11:00:00+0200
ES.INDUSTRIAL_PRODUCTION_INDEX_M.EUROSTAT,ES,ES,ESP,西班牙,Spain,INDUSTRIAL_PRODUCTION_INDEX_M,工业生产指数,Industrial production index,2016-12,M,index (2021=100),SCA,level,99.1,Eurostat,sts_inpr_m,sts_inpr_m.M.PRD.B-D.SCA.I21,Industrial production index,https://ec.europa.eu/eurostat/databrowser/view/sts_inpr_m/default/table,2026-08-13T11:00:00+0200,final,2026-08-13 18:04:54,2026-08-13T11:00:00+0200
ES.INDUSTRIAL_PRODUCTION_INDEX_M.EUROSTAT,ES,ES,ESP,西班牙,Spain,INDUSTRIAL_PRODUCTION_INDEX_M,工业生产指数,Industrial production index,2017-01,M,index (2021=100),SCA,level,102.2,Eurostat,sts_inpr_m,sts_inpr_m.M.PRD.B-D.SCA.I21,Industrial production index,https://ec.europa.eu/eurostat/databrowser/view/sts_inpr_m/default/table,2026-08-13T11:00:00+0200,final,2026-08-13 18:04:54,2026-08-13T11:00:00+0200
ES.INDUSTRIAL_PRODUCTION_INDEX_M.EUROSTAT,ES,ES,ESP,西班牙,Spain,INDUSTRIAL_PRODUCTION_INDEX_M,工业生产指数,Industrial production index,2017-02,M,index (2021=100),SCA,level,99.6,Eurostat,sts_inpr_m,sts_inpr_m.M.PRD.B-D.SCA.I21,Industrial production index,https://ec.europa.eu/eurostat/databrowser/view/sts_inpr_m/default/table,2026-08-13T11:00:00+0200,final,2026-08-13 18:04:54,2026-08-13T11:00:00+0200
ES.INDUSTRIAL_PRODUCTION_INDEX_M.EUROSTAT,ES,ES,ESP,西班牙,Spain,INDUSTRIAL_PRODUCTION_INDEX_M,工业生产指数,Industrial production index,2017-03,M,index (2021=100),SCA,level,99.6,Eurostat,sts_inpr_m,sts_inpr_m.M.PRD.B-D.SCA.I21,Industrial production index,https://ec.europa.eu/eurostat/databrowser/view/sts_inpr_m/default/table,2026-08-13T11:00:00+0200,final,2026-08-13 18:04:54,2026-08-13T11:00:00+0200
ES.INDUSTRIAL_PRODUCTION_INDEX_M.EUROSTAT,ES,ES,ESP,西班牙,Spain,INDUSTRIAL_PRODUCTION_INDEX_M,工业生产指数,Industrial production index,2017-04,M,index (2021=100),SCA,level,99.6,Eurostat,sts_inpr_m,sts_inpr_m.M.PRD.B-D.SCA.I21,Industrial production index,https://ec.europa.eu/eurostat/databrowser/view/sts_inpr_m/default/table,2026-08-13T11:00:00+0200,final,2026-08-13 18:04:54,2026-08-13T11:00:00+0200
ES.INDUSTRIAL_PRODUCTION_INDEX_M.EUROSTAT,ES,ES,ESP,西班牙,Spain,INDUSTRIAL_PRODUCTION_INDEX_M,工业生产指数,Industrial production index,2017-05,M,index (2021=100),SCA,level,100.8,Eurostat,sts_inpr_m,sts_inpr_m.M.PRD.B-D.SCA.I21,Industrial production index,https://ec.europa.eu/eurostat/databrowser/view/sts_inpr_m/default/table,2026-08-13T11:00:00+0200,final,2026-08-13 18:04:54,2026-08-13T11:00:00+0200
ES.INDUSTRIAL_PRODUCTION_INDEX_M.EUROSTAT,ES,ES,ESP,西班牙,Spain,INDUSTRIAL_PRODUCTION_INDEX_M,工业生产指数,Industrial production index,2017-06,M,index (2021=100),SCA,level,101.8,Eurostat,sts_inpr_m,sts_inpr_m.M.PRD.B-D.SCA.I21,Industrial production index,https://ec.europa.eu/eurostat/databrowser/view/sts_inpr_m/default/table,2026-08-13T11:00:00+0200,final,2026-08-13 18:04:54,2026-08-13T11:00:00+0200
ES.INDUSTRIAL_PRODUCTION_INDEX_M.EUROSTAT,ES,ES,ESP,西班牙,Spain,INDUSTRIAL_PRODUCTION_INDEX_M,工业生产指数,Industrial production index,2017-07,M,index (2021=100),SCA,level,100.4,Eurostat,sts_inpr_m,sts_inpr_m.M.PRD.B-D.SCA.I21,Industrial production index,https://ec.europa.eu/eurostat/databrowser/view/sts_inpr_m/default/table,2026-08-13T11:00:00+0200,final,2026-08-13 18:04:54,2026-08-13T11:00:00+0200
ES.INDUSTRIAL_PRODUCTION_INDEX_M.EUROSTAT,ES,ES,ESP,西班牙,Spain,INDUSTRIAL_PRODUCTION_INDEX_M,工业生产指数,Industrial production index,2017-08,M,index (2021=100),SCA,level,101.3,Eurostat,sts_inpr_m,sts_inpr_m.M.PRD.B-D.SCA.I21,Industrial production index,https://ec.europa.eu/eurostat/databrowser/view/sts_inpr_m/default/table,2026-08-13T11:00:00+0200,final,2026-08-13 18:04:54,2026-08-13T11:00:00+0200
ES.INDUSTRIAL_PRODUCTION_INDEX_M.EUROSTAT,ES,ES,ESP,西班牙,Spain,INDUSTRIAL_PRODUCTION_INDEX_M,工业生产指数,Industrial production index,2017-09,M,index (2021=100),SCA,level,101.8,Eurostat,sts_inpr_m,sts_inpr_m.M.PRD.B-D.SCA.I21,Industrial production index,https://ec.europa.eu/eurostat/databrowser/view/sts_inpr_m/default/table,2026-08-13T11:00:00+0200,final,2026-08-13 18:04:54,2026-08-13T11:00:00+0200
ES.INDUSTRIAL_PRODUCTION_INDEX_M.EUROSTAT,ES,ES,ESP,西班牙,Spain,INDUSTRIAL_PRODUCTION_INDEX_M,工业生产指数,Industrial production index,2017-10,M,index (2021=100),SCA,level,102.6,Eurostat,sts_inpr_m,sts_inpr_m.M.PRD.B-D.SCA.I21,Industrial production index,https://ec.europa.eu/eurostat/databrowser/view/sts_inpr_m/default/table,2026-08-13T11:00:00+0200,final,2026-08-13 18:04:54,2026-08-13T11:00:00+0200
ES.INDUSTRIAL_PRODUCTION_INDEX_M.EUROSTAT,ES,ES,ESP,西班牙,Spain,INDUSTRIAL_PRODUCTION_INDEX_M,工业生产指数,Industrial production index,2017-11,M,index (2021=100),SCA,level,103.7,Eurostat,sts_inpr_m,sts_inpr_m.M.PRD.B-D.SCA.I21,Industrial production index,https://ec.europa.eu/eurostat/databrowser/view/sts_inpr_m/default/table,2026-08-13T11:00:00+0200,final,2026-08-13 18:04:54,2026-08-13T11:00:00+0200
ES.INDUSTRIAL_PRODUCTION_INDEX_M.EUROSTAT,ES,ES,ESP,西班牙,Spain,INDUSTRIAL_PRODUCTION_INDEX_M,工业生产指数,Industrial production index,2017-12,M,index (2021=100),SCA,level,105.3,Eurostat,sts_inpr_m,sts_inpr_m.M.PRD.B-D.SCA.I21,Industrial production index,https://ec.europa.eu/eurostat/databrowser/view/sts_inpr_m/default/table,2026-08-13T11:00:00+0200,final,2026-08-13 18:04:54,2026-08-13T11:00:00+0200
ES.INDUSTRIAL_PRODUCTION_INDEX_M.EUROSTAT,ES,ES,ESP,西班牙,Spain,INDUSTRIAL_PRODUCTION_INDEX_M,工业生产指数,Industrial production index,2018-01,M,index (2021=100),SCA,level,102.3,Eurostat,sts_inpr_m,sts_inpr_m.M.PRD.B-D.SCA.I21,Industrial production index,https://ec.europa.eu/eurostat/databrowser/view/sts_inpr_m/default/table,2026-08-13T11:00:00+0200,final,2026-08-13 18:04:54,2026-08-13T11:00:00+0200
ES.INDUSTRIAL_PRODUCTION_INDEX_M.EUROSTAT,ES,ES,ESP,西班牙,Spain,INDUSTRIAL_PRODUCTION_INDEX_M,工业生产指数,Industrial production index,2018-02,M,index (2021=100),SCA,level,102.5,Eurostat,sts_inpr_m,sts_inpr_m.M.PRD.B-D.SCA.I21,Industrial production index,https://ec.europa.eu/eurostat/databrowser/view/sts_inpr_m/default/table,2026-08-13T11:00:00+0200,final,2026-08-13 18:04:54,2026-08-13T11:00:00+0200
ES.INDUSTRIAL_PRODUCTION_INDEX_M.EUROSTAT,ES,ES,ESP,西班牙,Spain,INDUSTRIAL_PRODUCTION_INDEX_M,工业生产指数,Industrial production index,2018-03,M,index (2021=100),SCA,level,104.9,Eurostat,sts_inpr_m,sts_inpr_m.M.PRD.B-D.SCA.I21,Industrial production index,https://ec.europa.eu/eurostat/databrowser/view/sts_inpr_m/default/table,2026-08-13T11:00:00+0200,final,2026-08-13 18:04:54,2026-08-13T11:00:00+0200
ES.INDUSTRIAL_PRODUCTION_INDEX_M.EUROSTAT,ES,ES,ESP,西班牙,Spain,INDUSTRIAL_PRODUCTION_INDEX_M,工业生产指数,Industrial production index,2018-04,M,index (2021=100),SCA,level,102.6,Eurostat,sts_inpr_m,sts_inpr_m.M.PRD.B-D.SCA.I21,Industrial production index,https://ec.europa.eu/eurostat/databrowser/view/sts_inpr_m/default/table,2026-08-13T11:00:00+0200,final,2026-08-13 18:04:54,2026-08-13T11:00:00+0200
ES.INDUSTRIAL_PRODUCTION_INDEX_M.EUROSTAT,ES,ES,ESP,西班牙,Spain,INDUSTRIAL_PRODUCTION_INDEX_M,工业生产指数,Industrial production index,2018-05,M,index (2021=100),SCA,level,102.2,Eurostat,sts_inpr_m,sts_inpr_m.M.PRD.B-D.SCA.I21,Industrial production index,https://ec.europa.eu/eurostat/databrowser/view/sts_inpr_m/default/table,2026-08-13T11:00:00+0200,final,2026-08-13 18:04:54,2026-08-13T11:00:00+0200
ES.INDUSTRIAL_PRODUCTION_INDEX_M.EUROSTAT,ES,ES,ESP,西班牙,Spain,INDUSTRIAL_PRODUCTION_INDEX_M,工业生产指数,Industrial production index,2018-06,M,index (2021=100),SCA,level,102.0,Eurostat,sts_inpr_m,sts_inpr_m.M.PRD.B-D.SCA.I21,Industrial production index,https://ec.europa.eu/eurostat/databrowser/view/sts_inpr_m/default/table,2026-08-13T11:00:00+0200,final,2026-08-13 18:04:54,2026-08-13T11:00:00+0200
ES.INDUSTRIAL_PRODUCTION_INDEX_M.EUROSTAT,ES,ES,ESP,西班牙,Spain,INDUSTRIAL_PRODUCTION_INDEX_M,工业生产指数,Industrial production index,2018-07,M,index (2021=100),SCA,level,102.1,Eurostat,sts_inpr_m,sts_inpr_m.M.PRD.B-D.SCA.I21,Industrial production index,https://ec.europa.eu/eurostat/databrowser/view/sts_inpr_m/default/table,2026-08-13T11:00:00+0200,final,2026-08-13 18:04:54,2026-08-13T11:00:00+0200
ES.INDUSTRIAL_PRODUCTION_INDEX_M.EUROSTAT,ES,ES,ESP,西班牙,Spain,INDUSTRIAL_PRODUCTION_INDEX_M,工业生产指数,Industrial production index,2018-08,M,index (2021=100),SCA,level,101.8,Eurostat,sts_inpr_m,sts_inpr_m.M.PRD.B-D.SCA.I21,Industrial production index,https://ec.europa.eu/eurostat/databrowser/view/sts_inpr_m/default/table,2026-08-13T11:00:00+0200,final,2026-08-13 18:04:54,2026-08-13T11:00:00+0200
ES.INDUSTRIAL_PRODUCTION_INDEX_M.EUROSTAT,ES,ES,ESP,西班牙,Spain,INDUSTRIAL_PRODUCTION_INDEX_M,工业生产指数,Industrial production index,2018-09,M,index (2021=100),SCA,level,101.6,Eurostat,sts_inpr_m,sts_inpr_m.M.PRD.B-D.SCA.I21,Industrial production index,https://ec.europa.eu/eurostat/databrowser/view/sts_inpr_m/default/table,2026-08-13T11:00:00+0200,final,2026-08-13 18:04:54,2026-08-13T11:00:00+0200
ES.INDUSTRIAL_PRODUCTION_INDEX_M.EUROSTAT,ES,ES,ESP,西班牙,Spain,INDUSTRIAL_PRODUCTION_INDEX_M,工业生产指数,Industrial production index,2018-10,M,index (2021=100),SCA,level,102.7,Eurostat,sts_inpr_m,sts_inpr_m.M.PRD.B-D.SCA.I21,Industrial production index,https://ec.europa.eu/eurostat/databrowser/view/sts_inpr_m/default/table,2026-08-13T11:00:00+0200,final,2026-08-13 18:04:54,2026-08-13T11:00:00+0200
ES.INDUSTRIAL_PRODUCTION_INDEX_M.EUROSTAT,ES,ES,ESP,西班牙,Spain,INDUSTRIAL_PRODUCTION_INDEX_M,工业生产指数,Industrial production index,2018-11,M,index (2021=100),SCA,level,101.0,Eurostat,sts_inpr_m,sts_inpr_m.M.PRD.B-D.SCA.I21,Industrial production index,https://ec.europa.eu/eurostat/databrowser/view/sts_inpr_m/default/table,2026-08-13T11:00:00+0200,final,2026-08-13 18:04:54,2026-08-13T11:00:00+0200
ES.INDUSTRIAL_PRODUCTION_INDEX_M.EUROSTAT,ES,ES,ESP,西班牙,Spain,INDUSTRIAL_PRODUCTION_INDEX_M,工业生产指数,Industrial production index,2018-12,M,index (2021=100),SCA,level,101.2,Eurostat,sts_inpr_m,sts_inpr_m.M.PRD.B-D.SCA.I21,Industrial production index,https://ec.europa.eu/eurostat/databrowser/view/sts_inpr_m/default/table,2026-08-13T11:00:00+0200,final,2026-08-13 18:04:54,2026-08-13T11:00:00+0200
ES.INDUSTRIAL_PRODUCTION_INDEX_M.EUROSTAT,ES,ES,ESP,西班牙,Spain,INDUSTRIAL_PRODUCTION_INDEX_M,工业生产指数,Industrial production index,2019-01,M,index (2021=100),SCA,level,104.8,Eurostat,sts_inpr_m,sts_inpr_m.M.PRD.B-D.SCA.I21,Industrial production index,https://ec.europa.eu/eurostat/databrowser/view/sts_inpr_m/default/table,2026-08-13T11:00:00+0200,final,2026-08-13 18:04:54,2026-08-13T11:00:00+0200
ES.INDUSTRIAL_PRODUCTION_INDEX_M.EUROSTAT,ES,ES,ESP,西班牙,Spain,INDUSTRIAL_PRODUCTION_INDEX_M,工业生产指数,Industrial production index,2019-02,M,index (2021=100),SCA,level,102.7,Eurostat,sts_inpr_m,sts_inpr_m.M.PRD.B-D.SCA.I21,Industrial production index,https://ec.europa.eu/eurostat/databrowser/view/sts_inpr_m/default/table,2026-08-13T11:00:00+0200,final,2026-08-13 18:04:54,2026-08-13T11:00:00+0200
ES.INDUSTRIAL_PRODUCTION_INDEX_M.EUROSTAT,ES,ES,ESP,西班牙,Spain,INDUSTRIAL_PRODUCTION_INDEX_M,工业生产指数,Industrial production index,2019-03,M,index (2021=100),SCA,level,101.6,Eurostat,sts_inpr_m,sts_inpr_m.M.PRD.B-D.SCA.I21,Industrial production index,https://ec.europa.eu/eurostat/databrowser/view/sts_inpr_m/default/table,2026-08-13T11:00:00+0200,final,2026-08-13 18:04:54,2026-08-13T11:00:00+0200
ES.INDUSTRIAL_PRODUCTION_INDEX_M.EUROSTAT,ES,ES,ESP,西班牙,Spain,INDUSTRIAL_PRODUCTION_INDEX_M,工业生产指数,Industrial production index,2019-04,M,index (2021=100),SCA,level,103.5,Eurostat,sts_inpr_m,sts_inpr_m.M.PRD.B-D.SCA.I21,Industrial production index,https://ec.europa.eu/eurostat/databrowser/view/sts_inpr_m/default/table,2026-08-13T11:00:00+0200,final,2026-08-13 18:04:54,2026-08-13T11:00:00+0200
ES.INDUSTRIAL_PRODUCTION_INDEX_M.EUROSTAT,ES,ES,ESP,西班牙,Spain,INDUSTRIAL_PRODUCTION_INDEX_M,工业生产指数,Industrial production index,2019-05,M,index (2021=100),SCA,level,103.0,Eurostat,sts_inpr_m,sts_inpr_m.M.PRD.B-D.SCA.I21,Industrial production index,https://ec.europa.eu/eurostat/databrowser/view/sts_inpr_m/default/table,2026-08-13T11:00:00+0200,final,2026-08-13 18:04:54,2026-08-13T11:00:00+0200
ES.INDUSTRIAL_PRODUCTION_INDEX_M.EUROSTAT,ES,ES,ESP,西班牙,Spain,INDUSTRIAL_PRODUCTION_INDEX_M,工业生产指数,Industrial production index,2019-06,M,index (2021=100),SCA,level,102.2,Eurostat,sts_inpr_m,sts_inpr_m.M.PRD.B-D.SCA.I21,Industrial production index,https://ec.europa.eu/eurostat/databrowser/view/sts_inpr_m/default/table,2026-08-13T11:00:00+0200,final,2026-08-13 18:04:54,2026-08-13T11:00:00+0200
ES.INDUSTRIAL_PRODUCTION_INDEX_M.EUROSTAT,ES,ES,ESP,西班牙,Spain,INDUSTRIAL_PRODUCTION_INDEX_M,工业生产指数,Industrial production index,2019-07,M,index (2021=100),SCA,level,101.4,Eurostat,sts_inpr_m,sts_inpr_m.M.PRD.B-D.SCA.I21,Industrial production index,https://ec.europa.eu/eurostat/databrowser/view/sts_inpr_m/default/table,2026-08-13T11:00:00+0200,final,2026-08-13 18:04:54,2026-08-13T11:00:00+0200
ES.INDUSTRIAL_PRODUCTION_INDEX_M.EUROSTAT,ES,ES,ESP,西班牙,Spain,INDUSTRIAL_PRODUCTION_INDEX_M,工业生产指数,Industrial production index,2019-08,M,index (2021=100),SCA,level,102.4,Eurostat,sts_inpr_m,sts_inpr_m.M.PRD.B-D.SCA.I21,Industrial production index,https://ec.europa.eu/eurostat/databrowser/view/sts_inpr_m/default/table,2026-08-13T11:00:00+0200,final,2026-08-13 18:04:54,2026-08-13T11:00:00+0200
ES.INDUSTRIAL_PRODUCTION_INDEX_M.EUROSTAT,ES,ES,ESP,西班牙,Spain,INDUSTRIAL_PRODUCTION_INDEX_M,工业生产指数,Industrial production index,2019-09,M,index (2021=100),SCA,level,102.1,Eurostat,sts_inpr_m,sts_inpr_m.M.PRD.B-D.SCA.I21,Industrial production index,https://ec.europa.eu/eurostat/databrowser/view/sts_inpr_m/default/table,2026-08-13T11:00:00+0200,final,2026-08-13 18:04:54,2026-08-13T11:00:00+0200
ES.INDUSTRIAL_PRODUCTION_INDEX_M.EUROSTAT,ES,ES,ESP,西班牙,Spain,INDUSTRIAL_PRODUCTION_INDEX_M,工业生产指数,Industrial production index,2019-10,M,index (2021=100),SCA,level,103.7,Eurostat,sts_inpr_m,sts_inpr_m.M.PRD.B-D.SCA.I21,Industrial production index,https://ec.europa.eu/eurostat/databrowser/view/sts_inpr_m/default/table,2026-08-13T11:00:00+0200,final,2026-08-13 18:04:54,2026-08-13T11:00:00+0200
ES.INDUSTRIAL_PRODUCTION_INDEX_M.EUROSTAT,ES,ES,ESP,西班牙,Spain,INDUSTRIAL_PRODUCTION_INDEX_M,工业生产指数,Industrial production index,2019-11,M,index (2021=100),SCA,level,102.5,Eurostat,sts_inpr_m,sts_inpr_m.M.PRD.B-D.SCA.I21,Industrial production index,https://ec.europa.eu/eurostat/databrowser/view/sts_inpr_m/default/table,2026-08-13T11:00:00+0200,final,2026-08-13 18:04:54,2026-08-13T11:00:00+0200
ES.INDUSTRIAL_PRODUCTION_INDEX_M.EUROSTAT,ES,ES,ESP,西班牙,Spain,INDUSTRIAL_PRODUCTION_INDEX_M,工业生产指数,Industrial production index,2019-12,M,index (2021=100),SCA,level,101.8,Eurostat,sts_inpr_m,sts_inpr_m.M.PRD.B-D.SCA.I21,Industrial production index,https://ec.europa.eu/eurostat/databrowser/view/sts_inpr_m/default/table,2026-08-13T11:00:00+0200,final,2026-08-13 18:04:54,2026-08-13T11:00:00+0200
ES.INDUSTRIAL_PRODUCTION_INDEX_M.EUROSTAT,ES,ES,ESP,西班牙,Spain,INDUSTRIAL_PRODUCTION_INDEX_M,工业生产指数,Industrial production index,2020-01,M,index (2021=100),SCA,level,100.8,Eurostat,sts_inpr_m,sts_inpr_m.M.PRD.B-D.SCA.I21,Industrial production index,https://ec.europa.eu/eurostat/databrowser/view/sts_inpr_m/default/table,2026-08-13T11:00:00+0200,final,2026-08-13 18:04:54,2026-08-13T11:00:00+0200
ES.INDUSTRIAL_PRODUCTION_INDEX_M.EUROSTAT,ES,ES,ESP,西班牙,Spain,INDUSTRIAL_PRODUCTION_INDEX_M,工业生产指数,Industrial production index,2020-02,M,index (2021=100),SCA,level,104.0,Eurostat,sts_inpr_m,sts_inpr_m.M.PRD.B-D.SCA.I21,Industrial production index,https://ec.europa.eu/eurostat/databrowser/view/sts_inpr_m/default/table,2026-08-13T11:00:00+0200,final,2026-08-13 18:04:54,2026-08-13T11:00:00+0200
ES.INDUSTRIAL_PRODUCTION_INDEX_M.EUROSTAT,ES,ES,ESP,西班牙,Spain,INDUSTRIAL_PRODUCTION_INDEX_M,工业生产指数,Industrial production index,2020-03,M,index (2021=100),SCA,level,87.7,Eurostat,sts_inpr_m,sts_inpr_m.M.PRD.B-D.SCA.I21,Industrial production index,https://ec.europa.eu/eurostat/databrowser/view/sts_inpr_m/default/table,2026-08-13T11:00:00+0200,final,2026-08-13 18:04:54,2026-08-13T11:00:00+0200
ES.INDUSTRIAL_PRODUCTION_INDEX_M.EUROSTAT,ES,ES,ESP,西班牙,Spain,INDUSTRIAL_PRODUCTION_INDEX_M,工业生产指数,Industrial production index,2020-04,M,index (2021=100),SCA,level,67.3,Eurostat,sts_inpr_m,sts_inpr_m.M.PRD.B-D.SCA.I21,Industrial production index,https://ec.europa.eu/eurostat/databrowser/view/sts_inpr_m/default/table,2026-08-13T11:00:00+0200,final,2026-08-13 18:04:54,2026-08-13T11:00:00+0200
ES.INDUSTRIAL_PRODUCTION_INDEX_M.EUROSTAT,ES,ES,ESP,西班牙,Spain,INDUSTRIAL_PRODUCTION_INDEX_M,工业生产指数,Industrial production index,2020-05,M,index (2021=100),SCA,level,77.7,Eurostat,sts_inpr_m,sts_inpr_m.M.PRD.B-D.SCA.I21,Industrial production index,https://ec.europa.eu/eurostat/databrowser/view/sts_inpr_m/default/table,2026-08-13T11:00:00+0200,final,2026-08-13 18:04:54,2026-08-13T11:00:00+0200
ES.INDUSTRIAL_PRODUCTION_INDEX_M.EUROSTAT,ES,ES,ESP,西班牙,Spain,INDUSTRIAL_PRODUCTION_INDEX_M,工业生产指数,Industrial production index,2020-06,M,index (2021=100),SCA,level,87.4,Eurostat,sts_inpr_m,sts_inpr_m.M.PRD.B-D.SCA.I21,Industrial production index,https://ec.europa.eu/eurostat/databrowser/view/sts_inpr_m/default/table,2026-08-13T11:00:00+0200,final,2026-08-13 18:04:54,2026-08-13T11:00:00+0200
ES.INDUSTRIAL_PRODUCTION_INDEX_M.EUROSTAT,ES,ES,ESP,西班牙,Spain,INDUSTRIAL_PRODUCTION_INDEX_M,工业生产指数,Industrial production index,2020-07,M,index (2021=100),SCA,level,94.7,Eurostat,sts_inpr_m,sts_inpr_m.M.PRD.B-D.SCA.I21,Industrial production index,https://ec.europa.eu/eurostat/databrowser/view/sts_inpr_m/default/table,2026-08-13T11:00:00+0200,final,2026-08-13 18:04:54,2026-08-13T11:00:00+0200
ES.INDUSTRIAL_PRODUCTION_INDEX_M.EUROSTAT,ES,ES,ESP,西班牙,Spain,INDUSTRIAL_PRODUCTION_INDEX_M,工业生产指数,Industrial production index,2020-08,M,index (2021=100),SCA,level,98.1,Eurostat,sts_inpr_m,sts_inpr_m.M.PRD.B-D.SCA.I21,Industrial production index,https://ec.europa.eu/eurostat/databrowser/view/sts_inpr_m/default/table,2026-08-13T11:00:00+0200,final,2026-08-13 18:04:54,2026-08-13T11:00:00+0200
ES.INDUSTRIAL_PRODUCTION_INDEX_M.EUROSTAT,ES,ES,ESP,西班牙,Spain,INDUSTRIAL_PRODUCTION_INDEX_M,工业生产指数,Industrial production index,2020-09,M,index (2021=100),SCA,level,98.2,Eurostat,sts_inpr_m,sts_inpr_m.M.PRD.B-D.SCA.I21,Industrial production index,https://ec.europa.eu/eurostat/databrowser/view/sts_inpr_m/default/table,2026-08-13T11:00:00+0200,final,2026-08-13 18:04:54,2026-08-13T11:00:00+0200
ES.INDUSTRIAL_PRODUCTION_INDEX_M.EUROSTAT,ES,ES,ESP,西班牙,Spain,INDUSTRIAL_PRODUCTION_INDEX_M,工业生产指数,Industrial production index,2020-10,M,index (2021=100),SCA,level,99.7,Eurostat,sts_inpr_m,sts_inpr_m.M.PRD.B-D.SCA.I21,Industrial production index,https://ec.europa.eu/eurostat/databrowser/view/sts_inpr_m/default/table,2026-08-13T11:00:00+0200,final,2026-08-13 18:04:54,2026-08-13T11:00:00+0200
ES.INDUSTRIAL_PRODUCTION_INDEX_M.EUROSTAT,ES,ES,ESP,西班牙,Spain,INDUSTRIAL_PRODUCTION_INDEX_M,工业生产指数,Industrial production index,2020-11,M,index (2021=100),SCA,level,100.3,Eurostat,sts_inpr_m,sts_inpr_m.M.PRD.B-D.SCA.I21,Industrial production index,https://ec.europa.eu/eurostat/databrowser/view/sts_inpr_m/default/table,2026-08-13T11:00:00+0200,final,2026-08-13 18:04:54,2026-08-13T11:00:00+0200
ES.INDUSTRIAL_PRODUCTION_INDEX_M.EUROSTAT,ES,ES,ESP,西班牙,Spain,INDUSTRIAL_PRODUCTION_INDEX_M,工业生产指数,Industrial production index,2020-12,M,index (2021=100),SCA,level,100.4,Eurostat,sts_inpr_m,sts_inpr_m.M.PRD.B-D.SCA.I21,Industrial production index,https://ec.europa.eu/eurostat/databrowser/view/sts_inpr_m/default/table,2026-08-13T11:00:00+0200,final,2026-08-13 18:04:54,2026-08-13T11:00:00+0200
ES.INDUSTRIAL_PRODUCTION_INDEX_M.EUROSTAT,ES,ES,ESP,西班牙,Spain,INDUSTRIAL_PRODUCTION_INDEX_M,工业生产指数,Industrial production index,2021-01,M,index (2021=100),SCA,level,100.0,Eurostat,sts_inpr_m,sts_inpr_m.M.PRD.B-D.SCA.I21,Industrial production index,https://ec.europa.eu/eurostat/databrowser/view/sts_inpr_m/default/table,2026-08-13T11:00:00+0200,final,2026-08-13 18:04:54,2026-08-13T11:00:00+0200
ES.INDUSTRIAL_PRODUCTION_INDEX_M.EUROSTAT,ES,ES,ESP,西班牙,Spain,INDUSTRIAL_PRODUCTION_INDEX_M,工业生产指数,Industrial production index,2021-02,M,index (2021=100),SCA,level,98.9,Eurostat,sts_inpr_m,sts_inpr_m.M.PRD.B-D.SCA.I21,Industrial production index,https://ec.europa.eu/eurostat/databrowser/view/sts_inpr_m/default/table,2026-08-13T11:00:00+0200,final,2026-08-13 18:04:54,2026-08-13T11:00:00+0200
ES.INDUSTRIAL_PRODUCTION_INDEX_M.EUROSTAT,ES,ES,ESP,西班牙,Spain,INDUSTRIAL_PRODUCTION_INDEX_M,工业生产指数,Industrial production index,2021-03,M,index (2021=100),SCA,level,101.4,Eurostat,sts_inpr_m,sts_inpr_m.M.PRD.B-D.SCA.I21,Industrial production index,https://ec.europa.eu/eurostat/databrowser/view/sts_inpr_m/default/table,2026-08-13T11:00:00+0200,final,2026-08-13 18:04:54,2026-08-13T11:00:00+0200
ES.INDUSTRIAL_PRODUCTION_INDEX_M.EUROSTAT,ES,ES,ESP,西班牙,Spain,INDUSTRIAL_PRODUCTION_INDEX_M,工业生产指数,Industrial production index,2021-04,M,index (2021=100),SCA,level,99.3,Eurostat,sts_inpr_m,sts_inpr_m.M.PRD.B-D.SCA.I21,Industrial production index,https://ec.europa.eu/eurostat/databrowser/view/sts_inpr_m/default/table,2026-08-13T11:00:00+0200,final,2026-08-13 18:04:54,2026-08-13T11:00:00+0200
ES.INDUSTRIAL_PRODUCTION_INDEX_M.EUROSTAT,ES,ES,ESP,西班牙,Spain,INDUSTRIAL_PRODUCTION_INDEX_M,工业生产指数,Industrial production index,2021-05,M,index (2021=100),SCA,level,99.5,Eurostat,sts_inpr_m,sts_inpr_m.M.PRD.B-D.SCA.I21,Industrial production index,https://ec.europa.eu/eurostat/databrowser/view/sts_inpr_m/default/table,2026-08-13T11:00:00+0200,final,2026-08-13 18:04:54,2026-08-13T11:00:00+0200
ES.INDUSTRIAL_PRODUCTION_INDEX_M.EUROSTAT,ES,ES,ESP,西班牙,Spain,INDUSTRIAL_PRODUCTION_INDEX_M,工业生产指数,Industrial production index,2021-06,M,index (2021=100),SCA,level,97.1,Eurostat,sts_inpr_m,sts_inpr_m.M.PRD.B-D.SCA.I21,Industrial production index,https://ec.europa.eu/eurostat/databrowser/view/sts_inpr_m/default/table,2026-08-13T11:00:00+0200,final,2026-08-13 18:04:54,2026-08-13T11:00:00+0200
ES.INDUSTRIAL_PRODUCTION_INDEX_M.EUROSTAT,ES,ES,ESP,西班牙,Spain,INDUSTRIAL_PRODUCTION_INDEX_M,工业生产指数,Industrial production index,2021-07,M,index (2021=100),SCA,level,98.4,Eurostat,sts_inpr_m,sts_inpr_m.M.PRD.B-D.SCA.I21,Industrial production index,https://ec.europa.eu/eurostat/databrowser/view/sts_inpr_m/default/table,2026-08-13T11:00:00+0200,final,2026-08-13 18:04:54,2026-08-13T11:00:00+0200
ES.INDUSTRIAL_PRODUCTION_INDEX_M.EUROSTAT,ES,ES,ESP,西班牙,Spain,INDUSTRIAL_PRODUCTION_INDEX_M,工业生产指数,Industrial production index,2021-08,M,index (2021=100),SCA,level,100.8,Eurostat,sts_inpr_m,sts_inpr_m.M.PRD.B-D.SCA.I21,Industrial production index,https://ec.europa.eu/eurostat/databrowser/view/sts_inpr_m/default/table,2026-08-13T11:00:00+0200,final,2026-08-13 18:04:54,2026-08-13T11:00:00+0200
ES.INDUSTRIAL_PRODUCTION_INDEX_M.EUROSTAT,ES,ES,ESP,西班牙,Spain,INDUSTRIAL_PRODUCTION_INDEX_M,工业生产指数,Industrial production index,2021-09,M,index (2021=100),SCA,level,99.3,Eurostat,sts_inpr_m,sts_inpr_m.M.PRD.B-D.SCA.I21,Industrial production index,https://ec.europa.eu/eurostat/databrowser/view/sts_inpr_m/default/table,2026-08-13T11:00:00+0200,final,2026-08-13 18:04:54,2026-08-13T11:00:00+0200
ES.INDUSTRIAL_PRODUCTION_INDEX_M.EUROSTAT,ES,ES,ESP,西班牙,Spain,INDUSTRIAL_PRODUCTION_INDEX_M,工业生产指数,Industrial production index,2021-10,M,index (2021=100),SCA,level,99.6,Eurostat,sts_inpr_m,sts_inpr_m.M.PRD.B-D.SCA.I21,Industrial production index,https://ec.europa.eu/eurostat/databrowser/view/sts_inpr_m/default/table,2026-08-13T11:00:00+0200,final,2026-08-13 18:04:54,2026-08-13T11:00:00+0200
ES.INDUSTRIAL_PRODUCTION_INDEX_M.EUROSTAT,ES,ES,ESP,西班牙,Spain,INDUSTRIAL_PRODUCTION_INDEX_M,工业生产指数,Industrial production index,2021-11,M,index (2021=100),SCA,level,102.4,Eurostat,sts_inpr_m,sts_inpr_m.M.PRD.B-D.SCA.I21,Industrial production index,https://ec.europa.eu/eurostat/databrowser/view/sts_inpr_m/default/table,2026-08-13T11:00:00+0200,final,2026-08-13 18:04:54,2026-08-13T11:00:00+0200
ES.INDUSTRIAL_PRODUCTION_INDEX_M.EUROSTAT,ES,ES,ESP,西班牙,Spain,INDUSTRIAL_PRODUCTION_INDEX_M,工业生产指数,Industrial production index,2021-12,M,index (2021=100),SCA,level,103.4,Eurostat,sts_inpr_m,sts_inpr_m.M.PRD.B-D.SCA.I21,Industrial production index,https://ec.europa.eu/eurostat/databrowser/view/sts_inpr_m/default/table,2026-08-13T11:00:00+0200,final,2026-08-13 18:04:54,2026-08-13T11:00:00+0200
ES.INDUSTRIAL_PRODUCTION_INDEX_M.EUROSTAT,ES,ES,ESP,西班牙,Spain,INDUSTRIAL_PRODUCTION_INDEX_M,工业生产指数,Industrial production index,2022-01,M,index (2021=100),SCA,level,102.9,Eurostat,sts_inpr_m,sts_inpr_m.M.PRD.B-D.SCA.I21,Industrial production index,https://ec.europa.eu/eurostat/databrowser/view/sts_inpr_m/default/table,2026-08-13T11:00:00+0200,final,2026-08-13 18:04:54,2026-08-13T11:00:00+0200
ES.INDUSTRIAL_PRODUCTION_INDEX_M.EUROSTAT,ES,ES,ESP,西班牙,Spain,INDUSTRIAL_PRODUCTION_INDEX_M,工业生产指数,Industrial production index,2022-02,M,index (2021=100),SCA,level,102.3,Eurostat,sts_inpr_m,sts_inpr_m.M.PRD.B-D.SCA.I21,Industrial production index,https://ec.europa.eu/eurostat/databrowser/view/sts_inpr_m/default/table,2026-08-13T11:00:00+0200,final,2026-08-13 18:04:54,2026-08-13T11:00:00+0200
ES.INDUSTRIAL_PRODUCTION_INDEX_M.EUROSTAT,ES,ES,ESP,西班牙,Spain,INDUSTRIAL_PRODUCTION_INDEX_M,工业生产指数,Industrial production index,2022-03,M,index (2021=100),SCA,level,98.5,Eurostat,sts_inpr_m,sts_inpr_m.M.PRD.B-D.SCA.I21,Industrial production index,https://ec.europa.eu/eurostat/databrowser/view/sts_inpr_m/default/table,2026-08-13T11:00:00+0200,final,2026-08-13 18:04:54,2026-08-13T11:00:00+0200
ES.INDUSTRIAL_PRODUCTION_INDEX_M.EUROSTAT,ES,ES,ESP,西班牙,Spain,INDUSTRIAL_PRODUCTION_INDEX_M,工业生产指数,Industrial production index,2022-04,M,index (2021=100),SCA,level,104.1,Eurostat,sts_inpr_m,sts_inpr_m.M.PRD.B-D.SCA.I21,Industrial production index,https://ec.europa.eu/eurostat/databrowser/view/sts_inpr_m/default/table,2026-08-13T11:00:00+0200,final,2026-08-13 18:04:54,2026-08-13T11:00:00+0200
ES.INDUSTRIAL_PRODUCTION_INDEX_M.EUROSTAT,ES,ES,ESP,西班牙,Spain,INDUSTRIAL_PRODUCTION_INDEX_M,工业生产指数,Industrial production index,2022-05,M,index (2021=100),SCA,level,104.5,Eurostat,sts_inpr_m,sts_inpr_m.M.PRD.B-D.SCA.I21,Industrial production index,https://ec.europa.eu/eurostat/databrowser/view/sts_inpr_m/default/table,2026-08-13T11:00:00+0200,final,2026-08-13 18:04:54,2026-08-13T11:00:00+0200
ES.INDUSTRIAL_PRODUCTION_INDEX_M.EUROSTAT,ES,ES,ESP,西班牙,Spain,INDUSTRIAL_PRODUCTION_INDEX_M,工业生产指数,Industrial production index,2022-06,M,index (2021=100),SCA,level,103.0,Eurostat,sts_inpr_m,sts_inpr_m.M.PRD.B-D.SCA.I21,Industrial production index,https://ec.europa.eu/eurostat/databrowser/view/sts_inpr_m/default/table,2026-08-13T11:00:00+0200,final,2026-08-13 18:04:54,2026-08-13T11:00:00+0200
ES.INDUSTRIAL_PRODUCTION_INDEX_M.EUROSTAT,ES,ES,ESP,西班牙,Spain,INDUSTRIAL_PRODUCTION_INDEX_M,工业生产指数,Industrial production index,2022-07,M,index (2021=100),SCA,level,102.8,Eurostat,sts_inpr_m,sts_inpr_m.M.PRD.B-D.SCA.I21,Industrial production index,https://ec.europa.eu/eurostat/databrowser/view/sts_inpr_m/default/table,2026-08-13T11:00:00+0200,final,2026-08-13 18:04:54,2026-08-13T11:00:00+0200
ES.INDUSTRIAL_PRODUCTION_INDEX_M.EUROSTAT,ES,ES,ESP,西班牙,Spain,INDUSTRIAL_PRODUCTION_INDEX_M,工业生产指数,Industrial production index,2022-08,M,index (2021=100),SCA,level,103.5,Eurostat,sts_inpr_m,sts_inpr_m.M.PRD.B-D.SCA.I21,Industrial production index,https://ec.europa.eu/eurostat/databrowser/view/sts_inpr_m/default/table,2026-08-13T11:00:00+0200,final,2026-08-13 18:04:54,2026-08-13T11:00:00+0200
ES.INDUSTRIAL_PRODUCTION_INDEX_M.EUROSTAT,ES,ES,ESP,西班牙,Spain,INDUSTRIAL_PRODUCTION_INDEX_M,工业生产指数,Industrial production index,2022-09,M,index (2021=100),SCA,level,103.5,Eurostat,sts_inpr_m,sts_inpr_m.M.PRD.B-D.SCA.I21,Industrial production index,https://ec.europa.eu/eurostat/databrowser/view/sts_inpr_m/default/table,2026-08-13T11:00:00+0200,final,2026-08-13 18:04:54,2026-08-13T11:00:00+0200
ES.INDUSTRIAL_PRODUCTION_INDEX_M.EUROSTAT,ES,ES,ESP,西班牙,Spain,INDUSTRIAL_PRODUCTION_INDEX_M,工业生产指数,Industrial production index,2022-10,M,index (2021=100),SCA,level,101.5,Eurostat,sts_inpr_m,sts_inpr_m.M.PRD.B-D.SCA.I21,Industrial production index,https://ec.europa.eu/eurostat/databrowser/view/sts_inpr_m/default/table,2026-08-13T11:00:00+0200,final,2026-08-13 18:04:54,2026-08-13T11:00:00+0200
ES.INDUSTRIAL_PRODUCTION_INDEX_M.EUROSTAT,ES,ES,ESP,西班牙,Spain,INDUSTRIAL_PRODUCTION_INDEX_M,工业生产指数,Industrial production index,2022-11,M,index (2021=100),SCA,level,101.0,Eurostat,sts_inpr_m,sts_inpr_m.M.PRD.B-D.SCA.I21,Industrial production index,https://ec.europa.eu/eurostat/databrowser/view/sts_inpr_m/default/table,2026-08-13T11:00:00+0200,final,2026-08-13 18:04:54,2026-08-13T11:00:00+0200
ES.INDUSTRIAL_PRODUCTION_INDEX_M.EUROSTAT,ES,ES,ESP,西班牙,Spain,INDUSTRIAL_PRODUCTION_INDEX_M,工业生产指数,Industrial production index,2022-12,M,index (2021=100),SCA,level,102.0,Eurostat,sts_inpr_m,sts_inpr_m.M.PRD.B-D.SCA.I21,Industrial production index,https://ec.europa.eu/eurostat/databrowser/view/sts_inpr_m/default/table,2026-08-13T11:00:00+0200,final,2026-08-13 18:04:54,2026-08-13T11:00:00+0200
ES.INDUSTRIAL_PRODUCTION_INDEX_M.EUROSTAT,ES,ES,ESP,西班牙,Spain,INDUSTRIAL_PRODUCTION_INDEX_M,工业生产指数,Industrial production index,2023-01,M,index (2021=100),SCA,level,101.7,Eurostat,sts_inpr_m,sts_inpr_m.M.PRD.B-D.SCA.I21,Industrial production index,https://ec.europa.eu/eurostat/databrowser/view/sts_inpr_m/default/table,2026-08-13T11:00:00+0200,final,2026-08-13 18:04:54,2026-08-13T11:00:00+0200
ES.INDUSTRIAL_PRODUCTION_INDEX_M.EUROSTAT,ES,ES,ESP,西班牙,Spain,INDUSTRIAL_PRODUCTION_INDEX_M,工业生产指数,Industrial production index,2023-02,M,index (2021=100),SCA,level,100.7,Eurostat,sts_inpr_m,sts_inpr_m.M.PRD.B-D.SCA.I21,Industrial production index,https://ec.europa.eu/eurostat/databrowser/view/sts_inpr_m/default/table,2026-08-13T11:00:00+0200,final,2026-08-13 18:04:54,2026-08-13T11:00:00+0200
ES.INDUSTRIAL_PRODUCTION_INDEX_M.EUROSTAT,ES,ES,ESP,西班牙,Spain,INDUSTRIAL_PRODUCTION_INDEX_M,工业生产指数,Industrial production index,2023-03,M,index (2021=100),SCA,level,102.5,Eurostat,sts_inpr_m,sts_inpr_m.M.PRD.B-D.SCA.I21,Industrial production index,https://ec.europa.eu/eurostat/databrowser/view/sts_inpr_m/default/table,2026-08-13T11:00:00+0200,final,2026-08-13 18:04:54,2026-08-13T11:00:00+0200
ES.INDUSTRIAL_PRODUCTION_INDEX_M.EUROSTAT,ES,ES,ESP,西班牙,Spain,INDUSTRIAL_PRODUCTION_INDEX_M,工业生产指数,Industrial production index,2023-04,M,index (2021=100),SCA,level,101.0,Eurostat,sts_inpr_m,sts_inpr_m.M.PRD.B-D.SCA.I21,Industrial production index,https://ec.europa.eu/eurostat/databrowser/view/sts_inpr_m/default/table,2026-08-13T11:00:00+0200,final,2026-08-13 18:04:54,2026-08-13T11:00:00+0200
ES.INDUSTRIAL_PRODUCTION_INDEX_M.EUROSTAT,ES,ES,ESP,西班牙,Spain,INDUSTRIAL_PRODUCTION_INDEX_M,工业生产指数,Industrial production index,2023-05,M,index (2021=100),SCA,level,100.3,Eurostat,sts_inpr_m,sts_inpr_m.M.PRD.B-D.SCA.I21,Industrial production index,https://ec.europa.eu/eurostat/databrowser/view/sts_inpr_m/default/table,2026-08-13T11:00:00+0200,final,2026-08-13 18:04:54,2026-08-13T11:00:00+0200
ES.INDUSTRIAL_PRODUCTION_INDEX_M.EUROSTAT,ES,ES,ESP,西班牙,Spain,INDUSTRIAL_PRODUCTION_INDEX_M,工业生产指数,Industrial production index,2023-06,M,index (2021=100),SCA,level,100.9,Eurostat,sts_inpr_m,sts_inpr_m.M.PRD.B-D.SCA.I21,Industrial production index,https://ec.europa.eu/eurostat/databrowser/view/sts_inpr_m/default/table,2026-08-13T11:00:00+0200,final,2026-08-13 18:04:54,2026-08-13T11:00:00+0200
ES.INDUSTRIAL_PRODUCTION_INDEX_M.EUROSTAT,ES,ES,ESP,西班牙,Spain,INDUSTRIAL_PRODUCTION_INDEX_M,工业生产指数,Industrial production index,2023-07,M,index (2021=100),SCA,level,100.6,Eurostat,sts_inpr_m,sts_inpr_m.M.PRD.B-D.SCA.I21,Industrial production index,https://ec.europa.eu/eurostat/databrowser/view/sts_inpr_m/default/table,2026-08-13T11:00:00+0200,final,2026-08-13 18:04:54,2026-08-13T11:00:00+0200
ES.INDUSTRIAL_PRODUCTION_INDEX_M.EUROSTAT,ES,ES,ESP,西班牙,Spain,INDUSTRIAL_PRODUCTION_INDEX_M,工业生产指数,Industrial production index,2023-08,M,index (2021=100),SCA,level,99.9,Eurostat,sts_inpr_m,sts_inpr_m.M.PRD.B-D.SCA.I21,Industrial production index,https://ec.europa.eu/eurostat/databrowser/view/sts_inpr_m/default/table,2026-08-13T11:00:00+0200,final,2026-08-13 18:04:54,2026-08-13T11:00:00+0200
ES.INDUSTRIAL_PRODUCTION_INDEX_M.EUROSTAT,ES,ES,ESP,西班牙,Spain,INDUSTRIAL_PRODUCTION_INDEX_M,工业生产指数,Industrial production index,2023-09,M,index (2021=100),SCA,level,100.7,Eurostat,sts_inpr_m,sts_inpr_m.M.PRD.B-D.SCA.I21,Industrial production index,https://ec.europa.eu/eurostat/databrowser/view/sts_inpr_m/default/table,2026-08-13T11:00:00+0200,final,2026-08-13 18:04:54,2026-08-13T11:00:00+0200
ES.INDUSTRIAL_PRODUCTION_INDEX_M.EUROSTAT,ES,ES,ESP,西班牙,Spain,INDUSTRIAL_PRODUCTION_INDEX_M,工业生产指数,Industrial production index,2023-10,M,index (2021=100),SCA,level,99.7,Eurostat,sts_inpr_m,sts_inpr_m.M.PRD.B-D.SCA.I21,Industrial production index,https://ec.europa.eu/eurostat/databrowser/view/sts_inpr_m/default/table,2026-08-13T11:00:00+0200,final,2026-08-13 18:04:54,2026-08-13T11:00:00+0200
ES.INDUSTRIAL_PRODUCTION_INDEX_M.EUROSTAT,ES,ES,ESP,西班牙,Spain,INDUSTRIAL_PRODUCTION_INDEX_M,工业生产指数,Industrial production index,2023-11,M,index (2021=100),SCA,level,101.1,Eurostat,sts_inpr_m,sts_inpr_m.M.PRD.B-D.SCA.I21,Industrial production index,https://ec.europa.eu/eurostat/databrowser/view/sts_inpr_m/default/table,2026-08-13T11:00:00+0200,final,2026-08-13 18:04:54,2026-08-13T11:00:00+0200
ES.INDUSTRIAL_PRODUCTION_INDEX_M.EUROSTAT,ES,ES,ESP,西班牙,Spain,INDUSTRIAL_PRODUCTION_INDEX_M,工业生产指数,Industrial production index,2023-12,M,index (2021=100),SCA,level,99.9,Eurostat,sts_inpr_m,sts_inpr_m.M.PRD.B-D.SCA.I21,Industrial production index,https://ec.europa.eu/eurostat/databrowser/view/sts_inpr_m/default/table,2026-08-13T11:00:00+0200,final,2026-08-13 18:04:54,2026-08-13T11:00:00+0200
ES.INDUSTRIAL_PRODUCTION_INDEX_M.EUROSTAT,ES,ES,ESP,西班牙,Spain,INDUSTRIAL_PRODUCTION_INDEX_M,工业生产指数,Industrial production index,2024-01,M,index (2021=100),SCA,level,102.4,Eurostat,sts_inpr_m,sts_inpr_m.M.PRD.B-D.SCA.I21,Industrial production index,https://ec.europa.eu/eurostat/databrowser/view/sts_inpr_m/default/table,2026-08-13T11:00:00+0200,final,2026-08-13 18:04:54,2026-08-13T11:00:00+0200
ES.INDUSTRIAL_PRODUCTION_INDEX_M.EUROSTAT,ES,ES,ESP,西班牙,Spain,INDUSTRIAL_PRODUCTION_INDEX_M,工业生产指数,Industrial production index,2024-02,M,index (2021=100),SCA,level,103.9,Eurostat,sts_inpr_m,sts_inpr_m.M.PRD.B-D.SCA.I21,Industrial production index,https://ec.europa.eu/eurostat/databrowser/view/sts_inpr_m/default/table,2026-08-13T11:00:00+0200,final,2026-08-13 18:04:54,2026-08-13T11:00:00+0200
ES.INDUSTRIAL_PRODUCTION_INDEX_M.EUROSTAT,ES,ES,ESP,西班牙,Spain,INDUSTRIAL_PRODUCTION_INDEX_M,工业生产指数,Industrial production index,2024-03,M,index (2021=100),SCA,level,101.3,Eurostat,sts_inpr_m,sts_inpr_m.M.PRD.B-D.SCA.I21,Industrial production index,https://ec.europa.eu/eurostat/databrowser/view/sts_inpr_m/default/table,2026-08-13T11:00:00+0200,final,2026-08-13 18:04:54,2026-08-13T11:00:00+0200
ES.INDUSTRIAL_PRODUCTION_INDEX_M.EUROSTAT,ES,ES,ESP,西班牙,Spain,INDUSTRIAL_PRODUCTION_INDEX_M,工业生产指数,Industrial production index,2024-04,M,index (2021=100),SCA,level,100.9,Eurostat,sts_inpr_m,sts_inpr_m.M.PRD.B-D.SCA.I21,Industrial production index,https://ec.europa.eu/eurostat/databrowser/view/sts_inpr_m/default/table,2026-08-13T11:00:00+0200,final,2026-08-13 18:04:54,2026-08-13T11:00:00+0200
ES.INDUSTRIAL_PRODUCTION_INDEX_M.EUROSTAT,ES,ES,ESP,西班牙,Spain,INDUSTRIAL_PRODUCTION_INDEX_M,工业生产指数,Industrial production index,2024-05,M,index (2021=100),SCA,level,100.2,Eurostat,sts_inpr_m,sts_inpr_m.M.PRD.B-D.SCA.I21,Industrial production index,https://ec.europa.eu/eurostat/databrowser/view/sts_inpr_m/default/table,2026-08-13T11:00:00+0200,final,2026-08-13 18:04:54,2026-08-13T11:00:00+0200
ES.INDUSTRIAL_PRODUCTION_INDEX_M.EUROSTAT,ES,ES,ESP,西班牙,Spain,INDUSTRIAL_PRODUCTION_INDEX_M,工业生产指数,Industrial production index,2024-06,M,index (2021=100),SCA,level,100.9,Eurostat,sts_inpr_m,sts_inpr_m.M.PRD.B-D.SCA.I21,Industrial production index,https://ec.europa.eu/eurostat/databrowser/view/sts_inpr_m/default/table,2026-08-13T11:00:00+0200,final,2026-08-13 18:04:54,2026-08-13T11:00:00+0200
ES.INDUSTRIAL_PRODUCTION_INDEX_M.EUROSTAT,ES,ES,ESP,西班牙,Spain,INDUSTRIAL_PRODUCTION_INDEX_M,工业生产指数,Industrial production index,2024-07,M,index (2021=100),SCA,level,99.9,Eurostat,sts_inpr_m,sts_inpr_m.M.PRD.B-D.SCA.I21,Industrial production index,https://ec.europa.eu/eurostat/databrowser/view/sts_inpr_m/default/table,2026-08-13T11:00:00+0200,final,2026-08-13 18:04:54,2026-08-13T11:00:00+0200
ES.INDUSTRIAL_PRODUCTION_INDEX_M.EUROSTAT,ES,ES,ESP,西班牙,Spain,INDUSTRIAL_PRODUCTION_INDEX_M,工业生产指数,Industrial production index,2024-08,M,index (2021=100),SCA,level,99.1,Eurostat,sts_inpr_m,sts_inpr_m.M.PRD.B-D.SCA.I21,Industrial production index,https://ec.europa.eu/eurostat/databrowser/view/sts_inpr_m/default/table,2026-08-13T11:00:00+0200,final,2026-08-13 18:04:54,2026-08-13T11:00:00+0200
ES.INDUSTRIAL_PRODUCTION_INDEX_M.EUROSTAT,ES,ES,ESP,西班牙,Spain,INDUSTRIAL_PRODUCTION_INDEX_M,工业生产指数,Industrial production index,2024-09,M,index (2021=100),SCA,level,101.1,Eurostat,sts_inpr_m,sts_inpr_m.M.PRD.B-D.SCA.I21,Industrial production index,https://ec.europa.eu/eurostat/databrowser/view/sts_inpr_m/default/table,2026-08-13T11:00:00+0200,final,2026-08-13 18:04:54,2026-08-13T11:00:00+0200
ES.INDUSTRIAL_PRODUCTION_INDEX_M.EUROSTAT,ES,ES,ESP,西班牙,Spain,INDUSTRIAL_PRODUCTION_INDEX_M,工业生产指数,Industrial production index,2024-10,M,index (2021=100),SCA,level,102.3,Eurostat,sts_inpr_m,sts_inpr_m.M.PRD.B-D.SCA.I21,Industrial production index,https://ec.europa.eu/eurostat/databrowser/view/sts_inpr_m/default/table,2026-08-13T11:00:00+0200,final,2026-08-13 18:04:54,2026-08-13T11:00:00+0200
ES.INDUSTRIAL_PRODUCTION_INDEX_M.EUROSTAT,ES,ES,ESP,西班牙,Spain,INDUSTRIAL_PRODUCTION_INDEX_M,工业生产指数,Industrial production index,2024-11,M,index (2021=100),SCA,level,100.0,Eurostat,sts_inpr_m,sts_inpr_m.M.PRD.B-D.SCA.I21,Industrial production index,https://ec.europa.eu/eurostat/databrowser/view/sts_inpr_m/default/table,2026-08-13T11:00:00+0200,final,2026-08-13 18:04:54,2026-08-13T11:00:00+0200
ES.INDUSTRIAL_PRODUCTION_INDEX_M.EUROSTAT,ES,ES,ESP,西班牙,Spain,INDUSTRIAL_PRODUCTION_INDEX_M,工业生产指数,Industrial production index,2024-12,M,index (2021=100),SCA,level,102.2,Eurostat,sts_inpr_m,sts_inpr_m.M.PRD.B-D.SCA.I21,Industrial production index,https://ec.europa.eu/eurostat/databrowser/view/sts_inpr_m/default/table,2026-08-13T11:00:00+0200,final,2026-08-13 18:04:54,2026-08-13T11:00:00+0200
ES.INDUSTRIAL_PRODUCTION_INDEX_M.EUROSTAT,ES,ES,ESP,西班牙,Spain,INDUSTRIAL_PRODUCTION_INDEX_M,工业生产指数,Industrial production index,2025-01,M,index (2021=100),SCA,level,101.4,Eurostat,sts_inpr_m,sts_inpr_m.M.PRD.B-D.SCA.I21,Industrial production index,https://ec.europa.eu/eurostat/databrowser/view/sts_inpr_m/default/table,2026-08-13T11:00:00+0200,final,2026-08-13 18:04:54,2026-08-13T11:00:00+0200
ES.INDUSTRIAL_PRODUCTION_INDEX_M.EUROSTAT,ES,ES,ESP,西班牙,Spain,INDUSTRIAL_PRODUCTION_INDEX_M,工业生产指数,Industrial production index,2025-02,M,index (2021=100),SCA,level,102.4,Eurostat,sts_inpr_m,sts_inpr_m.M.PRD.B-D.SCA.I21,Industrial production index,https://ec.europa.eu/eurostat/databrowser/view/sts_inpr_m/default/table,2026-08-13T11:00:00+0200,final,2026-08-13 18:04:54,2026-08-13T11:00:00+0200
ES.INDUSTRIAL_PRODUCTION_INDEX_M.EUROSTAT,ES,ES,ESP,西班牙,Spain,INDUSTRIAL_PRODUCTION_INDEX_M,工业生产指数,Industrial production index,2025-03,M,index (2021=100),SCA,level,102.0,Eurostat,sts_inpr_m,sts_inpr_m.M.PRD.B-D.SCA.I21,Industrial production index,https://ec.europa.eu/eurostat/databrowser/view/sts_inpr_m/default/table,2026-08-13T11:00:00+0200,final,2026-08-13 18:04:54,2026-08-13T11:00:00+0200
ES.INDUSTRIAL_PRODUCTION_INDEX_M.EUROSTAT,ES,ES,ESP,西班牙,Spain,INDUSTRIAL_PRODUCTION_INDEX_M,工业生产指数,Industrial production index,2025-04,M,index (2021=100),SCA,level,101.5,Eurostat,sts_inpr_m,sts_inpr_m.M.PRD.B-D.SCA.I21,Industrial production index,https://ec.europa.eu/eurostat/databrowser/view/sts_inpr_m/default/table,2026-08-13T11:00:00+0200,final,2026-08-13 18:04:54,2026-08-13T11:00:00+0200
ES.INDUSTRIAL_PRODUCTION_INDEX_M.EUROSTAT,ES,ES,ESP,西班牙,Spain,INDUSTRIAL_PRODUCTION_INDEX_M,工业生产指数,Industrial production index,2025-05,M,index (2021=100),SCA,level,101.6,Eurostat,sts_inpr_m,sts_inpr_m.M.PRD.B-D.SCA.I21,Industrial production index,https://ec.europa.eu/eurostat/databrowser/view/sts_inpr_m/default/table,2026-08-13T11:00:00+0200,final,2026-08-13 18:04:54,2026-08-13T11:00:00+0200
ES.INDUSTRIAL_PRODUCTION_INDEX_M.EUROSTAT,ES,ES,ESP,西班牙,Spain,INDUSTRIAL_PRODUCTION_INDEX_M,工业生产指数,Industrial production index,2025-06,M,index (2021=100),SCA,level,103.0,Eurostat,sts_inpr_m,sts_inpr_m.M.PRD.B-D.SCA.I21,Industrial production index,https://ec.europa.eu/eurostat/databrowser/view/sts_inpr_m/default/table,2026-08-13T11:00:00+0200,final,2026-08-13 18:04:54,2026-08-13T11:00:00+0200
ES.INDUSTRIAL_PRODUCTION_INDEX_M.EUROSTAT,ES,ES,ESP,西班牙,Spain,INDUSTRIAL_PRODUCTION_INDEX_M,工业生产指数,Industrial production index,2025-07,M,index (2021=100),SCA,level,102.4,Eurostat,sts_inpr_m,sts_inpr_m.M.PRD.B-D.SCA.I21,Industrial production index,https://ec.europa.eu/eurostat/databrowser/view/sts_inpr_m/default/table,2026-08-13T11:00:00+0200,final,2026-08-13 18:04:54,2026-08-13T11:00:00+0200
ES.INDUSTRIAL_PRODUCTION_INDEX_M.EUROSTAT,ES,ES,ESP,西班牙,Spain,INDUSTRIAL_PRODUCTION_INDEX_M,工业生产指数,Industrial production index,2025-08,M,index (2021=100),SCA,level,102.1,Eurostat,sts_inpr_m,sts_inpr_m.M.PRD.B-D.SCA.I21,Industrial production index,https://ec.europa.eu/eurostat/databrowser/view/sts_inpr_m/default/table,2026-08-13T11:00:00+0200,final,2026-08-13 18:04:54,2026-08-13T11:00:00+0200
ES.INDUSTRIAL_PRODUCTION_INDEX_M.EUROSTAT,ES,ES,ESP,西班牙,Spain,INDUSTRIAL_PRODUCTION_INDEX_M,工业生产指数,Industrial production index,2025-09,M,index (2021=100),SCA,level,102.7,Eurostat,sts_inpr_m,sts_inpr_m.M.PRD.B-D.SCA.I21,Industrial production index,https://ec.europa.eu/eurostat/databrowser/view/sts_inpr_m/default/table,2026-08-13T11:00:00+0200,final,2026-08-13 18:04:54,2026-08-13T11:00:00+0200
ES.INDUSTRIAL_PRODUCTION_INDEX_M.EUROSTAT,ES,ES,ESP,西班牙,Spain,INDUSTRIAL_PRODUCTION_INDEX_M,工业生产指数,Industrial production index,2025-10,M,index (2021=100),SCA,level,103.4,Eurostat,sts_inpr_m,sts_inpr_m.M.PRD.B-D.SCA.I21,Industrial production index,https://ec.europa.eu/eurostat/databrowser/view/sts_inpr_m/default/table,2026-08-13T11:00:00+0200,final,2026-08-13 18:04:54,2026-08-13T11:00:00+0200
ES.INDUSTRIAL_PRODUCTION_INDEX_M.EUROSTAT,ES,ES,ESP,西班牙,Spain,INDUSTRIAL_PRODUCTION_INDEX_M,工业生产指数,Industrial production index,2025-11,M,index (2021=100),SCA,level,104.5,Eurostat,sts_inpr_m,sts_inpr_m.M.PRD.B-D.SCA.I21,Industrial production index,https://ec.europa.eu/eurostat/databrowser/view/sts_inpr_m/default/table,2026-08-13T11:00:00+0200,final,2026-08-13 18:04:54,2026-08-13T11:00:00+0200
ES.INDUSTRIAL_PRODUCTION_INDEX_M.EUROSTAT,ES,ES,ESP,西班牙,Spain,INDUSTRIAL_PRODUCTION_INDEX_M,工业生产指数,Industrial production index,2025-12,M,index (2021=100),SCA,level,102.0,Eurostat,sts_inpr_m,sts_inpr_m.M.PRD.B-D.SCA.I21,Industrial production index,https://ec.europa.eu/eurostat/databrowser/view/sts_inpr_m/default/table,2026-08-13T11:00:00+0200,final,2026-08-13 18:04:54,2026-08-13T11:00:00+0200
ES.INDUSTRIAL_PRODUCTION_INDEX_M.EUROSTAT,ES,ES,ESP,西班牙,Spain,INDUSTRIAL_PRODUCTION_INDEX_M,工业生产指数,Industrial production index,2026-01,M,index (2021=100),SCA,level,101.3,Eurostat,sts_inpr_m,sts_inpr_m.M.PRD.B-D.SCA.I21,Industrial production index,https://ec.europa.eu/eurostat/databrowser/view/sts_inpr_m/default/table,2026-08-13T11:00:00+0200,final,2026-08-13 18:04:54,2026-08-13T11:00:00+0200
ES.INDUSTRIAL_PRODUCTION_INDEX_M.EUROSTAT,ES,ES,ESP,西班牙,Spain,INDUSTRIAL_PRODUCTION_INDEX_M,工业生产指数,Industrial production index,2026-02,M,index (2021=100),SCA,level,101.3,Eurostat,sts_inpr_m,sts_inpr_m.M.PRD.B-D.SCA.I21,Industrial production index,https://ec.europa.eu/eurostat/databrowser/view/sts_inpr_m/default/table,2026-08-13T11:00:00+0200,final,2026-08-13 18:04:54,2026-08-13T11:00:00+0200
ES.INDUSTRIAL_PRODUCTION_INDEX_M.EUROSTAT,ES,ES,ESP,西班牙,Spain,INDUSTRIAL_PRODUCTION_INDEX_M,工业生产指数,Industrial production index,2026-03,M,index (2021=100),SCA,level,104.1,Eurostat,sts_inpr_m,sts_inpr_m.M.PRD.B-D.SCA.I21,Industrial production index,https://ec.europa.eu/eurostat/databrowser/view/sts_inpr_m/default/table,2026-08-13T11:00:00+0200,final,2026-08-13 18:04:54,2026-08-13T11:00:00+0200
ES.INDUSTRIAL_PRODUCTION_INDEX_M.EUROSTAT,ES,ES,ESP,西班牙,Spain,INDUSTRIAL_PRODUCTION_INDEX_M,工业生产指数,Industrial production index,2026-04,M,index (2021=100),SCA,level,103.5,Eurostat,sts_inpr_m,sts_inpr_m.M.PRD.B-D.SCA.I21,Industrial production index,https://ec.europa.eu/eurostat/databrowser/view/sts_inpr_m/default/table,2026-08-13T11:00:00+0200,final,2026-08-13 18:04:54,2026-08-13T11:00:00+0200
ES.INDUSTRIAL_PRODUCTION_INDEX_M.EUROSTAT,ES,ES,ESP,西班牙,Spain,INDUSTRIAL_PRODUCTION_INDEX_M,工业生产指数,Industrial production index,2026-05,M,index (2021=100),SCA,level,104.6,Eurostat,sts_inpr_m,sts_inpr_m.M.PRD.B-D.SCA.I21,Industrial production index,https://ec.europa.eu/eurostat/databrowser/view/sts_inpr_m/default/table,2026-08-13T11:00:00+0200,final,2026-08-13 18:04:54,2026-08-13T11:00:00+0200
ES.INDUSTRIAL_PRODUCTION_INDEX_M.EUROSTAT,ES,ES,ESP,西班牙,Spain,INDUSTRIAL_PRODUCTION_INDEX_M,工业生产指数,Industrial production index,2026-06,M,index (2021=100),SCA,level,103.9,Eurostat,sts_inpr_m,sts_inpr_m.M.PRD.B-D.SCA.I21,Industrial production index,https://ec.europa.eu/eurostat/databrowser/view/sts_inpr_m/default/table,2026-08-13T11:00:00+0200,final,2026-08-13 18:04:54,2026-08-13T11:00:00+0200
FR.INDUSTRIAL_PRODUCTION_INDEX_M.EUROSTAT,FR,FR,FRA,法国,France,INDUSTRIAL_PRODUCTION_INDEX_M,工业生产指数,Industrial production index,2015-01,M,index (2021=100),SCA,level,102.1,Eurostat,sts_inpr_m,sts_inpr_m.M.PRD.B-D.SCA.I21,Industrial production index,https://ec.europa.eu/eurostat/databrowser/view/sts_inpr_m/default/table,2026-08-13T11:00:00+0200,final,2026-08-13 18:04:54,2026-08-13T11:00:00+0200
FR.INDUSTRIAL_PRODUCTION_INDEX_M.EUROSTAT,FR,FR,FRA,法国,France,INDUSTRIAL_PRODUCTION_INDEX_M,工业生产指数,Industrial production index,2015-02,M,index (2021=100),SCA,level,103.1,Eurostat,sts_inpr_m,sts_inpr_m.M.PRD.B-D.SCA.I21,Industrial production index,https://ec.europa.eu/eurostat/databrowser/view/sts_inpr_m/default/table,2026-08-13T11:00:00+0200,final,2026-08-13 18:04:54,2026-08-13T11:00:00+0200
FR.INDUSTRIAL_PRODUCTION_INDEX_M.EUROSTAT,FR,FR,FRA,法国,France,INDUSTRIAL_PRODUCTION_INDEX_M,工业生产指数,Industrial production index,2015-03,M,index (2021=100),SCA,level,102.9,Eurostat,sts_inpr_m,sts_inpr_m.M.PRD.B-D.SCA.I21,Industrial production index,https://ec.europa.eu/eurostat/databrowser/view/sts_inpr_m/default/table,2026-08-13T11:00:00+0200,final,2026-08-13 18:04:54,2026-08-13T11:00:00+0200
FR.INDUSTRIAL_PRODUCTION_INDEX_M.EUROSTAT,FR,FR,FRA,法国,France,INDUSTRIAL_PRODUCTION_INDEX_M,工业生产指数,Industrial production index,2015-04,M,index (2021=100),SCA,level,101.9,Eurostat,sts_inpr_m,sts_inpr_m.M.PRD.B-D.SCA.I21,Industrial production index,https://ec.europa.eu/eurostat/databrowser/view/sts_inpr_m/default/table,2026-08-13T11:00:00+0200,final,2026-08-13 18:04:54,2026-08-13T11:00:00+0200
FR.INDUSTRIAL_PRODUCTION_INDEX_M.EUROSTAT,FR,FR,FRA,法国,France,INDUSTRIAL_PRODUCTION_INDEX_M,工业生产指数,Industrial production index,2015-05,M,index (2021=100),SCA,level,102.6,Eurostat,sts_inpr_m,sts_inpr_m.M.PRD.B-D.SCA.I21,Industrial production index,https://ec.europa.eu/eurostat/databrowser/view/sts_inpr_m/default/table,2026-08-13T11:00:00+0200,final,2026-08-13 18:04:54,2026-08-13T11:00:00+0200
FR.INDUSTRIAL_PRODUCTION_INDEX_M.EUROSTAT,FR,FR,FRA,法国,France,INDUSTRIAL_PRODUCTION_INDEX_M,工业生产指数,Industrial production index,2015-06,M,index (2021=100),SCA,level,102.8,Eurostat,sts_inpr_m,sts_inpr_m.M.PRD.B-D.SCA.I21,Industrial production index,https://ec.europa.eu/eurostat/databrowser/view/sts_inpr_m/default/table,2026-08-13T11:00:00+0200,final,2026-08-13 18:04:54,2026-08-13T11:00:00+0200
FR.INDUSTRIAL_PRODUCTION_INDEX_M.EUROSTAT,FR,FR,FRA,法国,France,INDUSTRIAL_PRODUCTION_INDEX_M,工业生产指数,Industrial production index,2015-07,M,index (2021=100),SCA,level,101.9,Eurostat,sts_inpr_m,sts_inpr_m.M.PRD.B-D.SCA.I21,Industrial production index,https://ec.europa.eu/eurostat/databrowser/view/sts_inpr_m/default/table,2026-08-13T11:00:00+0200,final,2026-08-13 18:04:54,2026-08-13T11:00:00+0200
FR.INDUSTRIAL_PRODUCTION_INDEX_M.EUROSTAT,FR,FR,FRA,法国,France,INDUSTRIAL_PRODUCTION_INDEX_M,工业生产指数,Industrial production index,2015-08,M,index (2021=100),SCA,level,102.8,Eurostat,sts_inpr_m,sts_inpr_m.M.PRD.B-D.SCA.I21,Industrial production index,https://ec.europa.eu/eurostat/databrowser/view/sts_inpr_m/default/table,2026-08-13T11:00:00+0200,final,2026-08-13 18:04:54,2026-08-13T11:00:00+0200
FR.INDUSTRIAL_PRODUCTION_INDEX_M.EUROSTAT,FR,FR,FRA,法国,France,INDUSTRIAL_PRODUCTION_INDEX_M,工业生产指数,Industrial production index,2015-09,M,index (2021=100),SCA,level,103.9,Eurostat,sts_inpr_m,sts_inpr_m.M.PRD.B-D.SCA.I21,Industrial production index,https://ec.europa.eu/eurostat/databrowser/view/sts_inpr_m/default/table,2026-08-13T11:00:00+0200,final,2026-08-13 18:04:54,2026-08-13T11:00:00+0200
FR.INDUSTRIAL_PRODUCTION_INDEX_M.EUROSTAT,FR,FR,FRA,法国,France,INDUSTRIAL_PRODUCTION_INDEX_M,工业生产指数,Industrial production index,2015-10,M,index (2021=100),SCA,level,104.0,Eurostat,sts_inpr_m,sts_inpr_m.M.PRD.B-D.SCA.I21,Industrial production index,https://ec.europa.eu/eurostat/databrowser/view/sts_inpr_m/default/table,2026-08-13T11:00:00+0200,final,2026-08-13 18:04:54,2026-08-13T11:00:00+0200
FR.INDUSTRIAL_PRODUCTION_INDEX_M.EUROSTAT,FR,FR,FRA,法国,France,INDUSTRIAL_PRODUCTION_INDEX_M,工业生产指数,Industrial production index,2015-11,M,index (2021=100),SCA,level,101.6,Eurostat,sts_inpr_m,sts_inpr_m.M.PRD.B-D.SCA.I21,Industrial production index,https://ec.europa.eu/eurostat/databrowser/view/sts_inpr_m/default/table,2026-08-13T11:00:00+0200,final,2026-08-13 18:04:54,2026-08-13T11:00:00+0200
FR.INDUSTRIAL_PRODUCTION_INDEX_M.EUROSTAT,FR,FR,FRA,法国,France,INDUSTRIAL_PRODUCTION_INDEX_M,工业生产指数,Industrial production index,2015-12,M,index (2021=100),SCA,level,101.9,Eurostat,sts_inpr_m,sts_inpr_m.M.PRD.B-D.SCA.I21,Industrial production index,https://ec.europa.eu/eurostat/databrowser/view/sts_inpr_m/default/table,2026-08-13T11:00:00+0200,final,2026-08-13 18:04:54,2026-08-13T11:00:00+0200
FR.INDUSTRIAL_PRODUCTION_INDEX_M.EUROSTAT,FR,FR,FRA,法国,France,INDUSTRIAL_PRODUCTION_INDEX_M,工业生产指数,Industrial production index,2016-01,M,index (2021=100),SCA,level,103.6,Eurostat,sts_inpr_m,sts_inpr_m.M.PRD.B-D.SCA.I21,Industrial production index,https://ec.europa.eu/eurostat/databrowser/view/sts_inpr_m/default/table,2026-08-13T11:00:00+0200,final,2026-08-13 18:04:54,2026-08-13T11:00:00+0200
FR.INDUSTRIAL_PRODUCTION_INDEX_M.EUROSTAT,FR,FR,FRA,法国,France,INDUSTRIAL_PRODUCTION_INDEX_M,工业生产指数,Industrial production index,2016-02,M,index (2021=100),SCA,level,103.4,Eurostat,sts_inpr_m,sts_inpr_m.M.PRD.B-D.SCA.I21,Industrial production index,https://ec.europa.eu/eurostat/databrowser/view/sts_inpr_m/default/table,2026-08-13T11:00:00+0200,final,2026-08-13 18:04:54,2026-08-13T11:00:00+0200
FR.INDUSTRIAL_PRODUCTION_INDEX_M.EUROSTAT,FR,FR,FRA,法国,France,INDUSTRIAL_PRODUCTION_INDEX_M,工业生产指数,Industrial production index,2016-03,M,index (2021=100),SCA,level,102.6,Eurostat,sts_inpr_m,sts_inpr_m.M.PRD.B-D.SCA.I21,Industrial production index,https://ec.europa.eu/eurostat/databrowser/view/sts_inpr_m/default/table,2026-08-13T11:00:00+0200,final,2026-08-13 18:04:54,2026-08-13T11:00:00+0200
FR.INDUSTRIAL_PRODUCTION_INDEX_M.EUROSTAT,FR,FR,FRA,法国,France,INDUSTRIAL_PRODUCTION_INDEX_M,工业生产指数,Industrial production index,2016-04,M,index (2021=100),SCA,level,104.1,Eurostat,sts_inpr_m,sts_inpr_m.M.PRD.B-D.SCA.I21,Industrial production index,https://ec.europa.eu/eurostat/databrowser/view/sts_inpr_m/default/table,2026-08-13T11:00:00+0200,final,2026-08-13 18:04:54,2026-08-13T11:00:00+0200
FR.INDUSTRIAL_PRODUCTION_INDEX_M.EUROSTAT,FR,FR,FRA,法国,France,INDUSTRIAL_PRODUCTION_INDEX_M,工业生产指数,Industrial production index,2016-05,M,index (2021=100),SCA,level,102.3,Eurostat,sts_inpr_m,sts_inpr_m.M.PRD.B-D.SCA.I21,Industrial production index,https://ec.europa.eu/eurostat/databrowser/view/sts_inpr_m/default/table,2026-08-13T11:00:00+0200,final,2026-08-13 18:04:54,2026-08-13T11:00:00+0200
FR.INDUSTRIAL_PRODUCTION_INDEX_M.EUROSTAT,FR,FR,FRA,法国,France,INDUSTRIAL_PRODUCTION_INDEX_M,工业生产指数,Industrial production index,2016-06,M,index (2021=100),SCA,level,101.8,Eurostat,sts_inpr_m,sts_inpr_m.M.PRD.B-D.SCA.I21,Industrial production index,https://ec.europa.eu/eurostat/databrowser/view/sts_inpr_m/default/table,2026-08-13T11:00:00+0200,final,2026-08-13 18:04:54,2026-08-13T11:00:00+0200
FR.INDUSTRIAL_PRODUCTION_INDEX_M.EUROSTAT,FR,FR,FRA,法国,France,INDUSTRIAL_PRODUCTION_INDEX_M,工业生产指数,Industrial production index,2016-07,M,index (2021=100),SCA,level,101.7,Eurostat,sts_inpr_m,sts_inpr_m.M.PRD.B-D.SCA.I21,Industrial production index,https://ec.europa.eu/eurostat/databrowser/view/sts_inpr_m/default/table,2026-08-13T11:00:00+0200,final,2026-08-13 18:04:54,2026-08-13T11:00:00+0200
FR.INDUSTRIAL_PRODUCTION_INDEX_M.EUROSTAT,FR,FR,FRA,法国,France,INDUSTRIAL_PRODUCTION_INDEX_M,工业生产指数,Industrial production index,2016-08,M,index (2021=100),SCA,level,103.5,Eurostat,sts_inpr_m,sts_inpr_m.M.PRD.B-D.SCA.I21,Industrial production index,https://ec.europa.eu/eurostat/databrowser/view/sts_inpr_m/default/table,2026-08-13T11:00:00+0200,final,2026-08-13 18:04:54,2026-08-13T11:00:00+0200
FR.INDUSTRIAL_PRODUCTION_INDEX_M.EUROSTAT,FR,FR,FRA,法国,France,INDUSTRIAL_PRODUCTION_INDEX_M,工业生产指数,Industrial production index,2016-09,M,index (2021=100),SCA,level,102.5,Eurostat,sts_inpr_m,sts_inpr_m.M.PRD.B-D.SCA.I21,Industrial production index,https://ec.europa.eu/eurostat/databrowser/view/sts_inpr_m/default/table,2026-08-13T11:00:00+0200,final,2026-08-13 18:04:54,2026-08-13T11:00:00+0200
FR.INDUSTRIAL_PRODUCTION_INDEX_M.EUROSTAT,FR,FR,FRA,法国,France,INDUSTRIAL_PRODUCTION_INDEX_M,工业生产指数,Industrial production index,2016-10,M,index (2021=100),SCA,level,102.1,Eurostat,sts_inpr_m,sts_inpr_m.M.PRD.B-D.SCA.I21,Industrial production index,https://ec.europa.eu/eurostat/databrowser/view/sts_inpr_m/default/table,2026-08-13T11:00:00+0200,final,2026-08-13 18:04:54,2026-08-13T11:00:00+0200
FR.INDUSTRIAL_PRODUCTION_INDEX_M.EUROSTAT,FR,FR,FRA,法国,France,INDUSTRIAL_PRODUCTION_INDEX_M,工业生产指数,Industrial production index,2016-11,M,index (2021=100),SCA,level,104.3,Eurostat,sts_inpr_m,sts_inpr_m.M.PRD.B-D.SCA.I21,Industrial production index,https://ec.europa.eu/eurostat/databrowser/view/sts_inpr_m/default/table,2026-08-13T11:00:00+0200,final,2026-08-13 18:04:54,2026-08-13T11:00:00+0200
FR.INDUSTRIAL_PRODUCTION_INDEX_M.EUROSTAT,FR,FR,FRA,法国,France,INDUSTRIAL_PRODUCTION_INDEX_M,工业生产指数,Industrial production index,2016-12,M,index (2021=100),SCA,level,103.6,Eurostat,sts_inpr_m,sts_inpr_m.M.PRD.B-D.SCA.I21,Industrial production index,https://ec.europa.eu/eurostat/databrowser/view/sts_inpr_m/default/table,2026-08-13T11:00:00+0200,final,2026-08-13 18:04:54,2026-08-13T11:00:00+0200
FR.INDUSTRIAL_PRODUCTION_INDEX_M.EUROSTAT,FR,FR,FRA,法国,France,INDUSTRIAL_PRODUCTION_INDEX_M,工业生产指数,Industrial production index,2017-01,M,index (2021=100),SCA,level,103.7,Eurostat,sts_inpr_m,sts_inpr_m.M.PRD.B-D.SCA.I21,Industrial production index,https://ec.europa.eu/eurostat/databrowser/view/sts_inpr_m/default/table,2026-08-13T11:00:00+0200,final,2026-08-13 18:04:54,2026-08-13T11:00:00+0200
FR.INDUSTRIAL_PRODUCTION_INDEX_M.EUROSTAT,FR,FR,FRA,法国,France,INDUSTRIAL_PRODUCTION_INDEX_M,工业生产指数,Industrial production index,2017-02,M,index (2021=100),SCA,level,102.7,Eurostat,sts_inpr_m,sts_inpr_m.M.PRD.B-D.SCA.I21,Industrial production index,https://ec.europa.eu/eurostat/databrowser/view/sts_inpr_m/default/table,2026-08-13T11:00:00+0200,final,2026-08-13 18:04:54,2026-08-13T11:00:00+0200
FR.INDUSTRIAL_PRODUCTION_INDEX_M.EUROSTAT,FR,FR,FRA,法国,France,INDUSTRIAL_PRODUCTION_INDEX_M,工业生产指数,Industrial production index,2017-03,M,index (2021=100),SCA,level,104.7,Eurostat,sts_inpr_m,sts_inpr_m.M.PRD.B-D.SCA.I21,Industrial production index,https://ec.europa.eu/eurostat/databrowser/view/sts_inpr_m/default/table,2026-08-13T11:00:00+0200,final,2026-08-13 18:04:54,2026-08-13T11:00:00+0200
FR.INDUSTRIAL_PRODUCTION_INDEX_M.EUROSTAT,FR,FR,FRA,法国,France,INDUSTRIAL_PRODUCTION_INDEX_M,工业生产指数,Industrial production index,2017-04,M,index (2021=100),SCA,level,103.7,Eurostat,sts_inpr_m,sts_inpr_m.M.PRD.B-D.SCA.I21,Industrial production index,https://ec.europa.eu/eurostat/databrowser/view/sts_inpr_m/default/table,2026-08-13T11:00:00+0200,final,2026-08-13 18:04:54,2026-08-13T11:00:00+0200
FR.INDUSTRIAL_PRODUCTION_INDEX_M.EUROSTAT,FR,FR,FRA,法国,France,INDUSTRIAL_PRODUCTION_INDEX_M,工业生产指数,Industrial production index,2017-05,M,index (2021=100),SCA,level,106.1,Eurostat,sts_inpr_m,sts_inpr_m.M.PRD.B-D.SCA.I21,Industrial production index,https://ec.europa.eu/eurostat/databrowser/view/sts_inpr_m/default/table,2026-08-13T11:00:00+0200,final,2026-08-13 18:04:54,2026-08-13T11:00:00+0200
FR.INDUSTRIAL_PRODUCTION_INDEX_M.EUROSTAT,FR,FR,FRA,法国,France,INDUSTRIAL_PRODUCTION_INDEX_M,工业生产指数,Industrial production index,2017-06,M,index (2021=100),SCA,level,104.9,Eurostat,sts_inpr_m,sts_inpr_m.M.PRD.B-D.SCA.I21,Industrial production index,https://ec.europa.eu/eurostat/databrowser/view/sts_inpr_m/default/table,2026-08-13T11:00:00+0200,final,2026-08-13 18:04:54,2026-08-13T11:00:00+0200
FR.INDUSTRIAL_PRODUCTION_INDEX_M.EUROSTAT,FR,FR,FRA,法国,France,INDUSTRIAL_PRODUCTION_INDEX_M,工业生产指数,Industrial production index,2017-07,M,index (2021=100),SCA,level,104.9,Eurostat,sts_inpr_m,sts_inpr_m.M.PRD.B-D.SCA.I21,Industrial production index,https://ec.europa.eu/eurostat/databrowser/view/sts_inpr_m/default/table,2026-08-13T11:00:00+0200,final,2026-08-13 18:04:54,2026-08-13T11:00:00+0200
FR.INDUSTRIAL_PRODUCTION_INDEX_M.EUROSTAT,FR,FR,FRA,法国,France,INDUSTRIAL_PRODUCTION_INDEX_M,工业生产指数,Industrial production index,2017-08,M,index (2021=100),SCA,level,105.2,Eurostat,sts_inpr_m,sts_inpr_m.M.PRD.B-D.SCA.I21,Industrial production index,https://ec.europa.eu/eurostat/databrowser/view/sts_inpr_m/default/table,2026-08-13T11:00:00+0200,final,2026-08-13 18:04:54,2026-08-13T11:00:00+0200
FR.INDUSTRIAL_PRODUCTION_INDEX_M.EUROSTAT,FR,FR,FRA,法国,France,INDUSTRIAL_PRODUCTION_INDEX_M,工业生产指数,Industrial production index,2017-09,M,index (2021=100),SCA,level,106.5,Eurostat,sts_inpr_m,sts_inpr_m.M.PRD.B-D.SCA.I21,Industrial production index,https://ec.europa.eu/eurostat/databrowser/view/sts_inpr_m/default/table,2026-08-13T11:00:00+0200,final,2026-08-13 18:04:54,2026-08-13T11:00:00+0200
FR.INDUSTRIAL_PRODUCTION_INDEX_M.EUROSTAT,FR,FR,FRA,法国,France,INDUSTRIAL_PRODUCTION_INDEX_M,工业生产指数,Industrial production index,2017-10,M,index (2021=100),SCA,level,107.0,Eurostat,sts_inpr_m,sts_inpr_m.M.PRD.B-D.SCA.I21,Industrial production index,https://ec.europa.eu/eurostat/databrowser/view/sts_inpr_m/default/table,2026-08-13T11:00:00+0200,final,2026-08-13 18:04:54,2026-08-13T11:00:00+0200
FR.INDUSTRIAL_PRODUCTION_INDEX_M.EUROSTAT,FR,FR,FRA,法国,France,INDUSTRIAL_PRODUCTION_INDEX_M,工业生产指数,Industrial production index,2017-11,M,index (2021=100),SCA,level,107.3,Eurostat,sts_inpr_m,sts_inpr_m.M.PRD.B-D.SCA.I21,Industrial production index,https://ec.europa.eu/eurostat/databrowser/view/sts_inpr_m/default/table,2026-08-13T11:00:00+0200,final,2026-08-13 18:04:54,2026-08-13T11:00:00+0200
FR.INDUSTRIAL_PRODUCTION_INDEX_M.EUROSTAT,FR,FR,FRA,法国,France,INDUSTRIAL_PRODUCTION_INDEX_M,工业生产指数,Industrial production index,2017-12,M,index (2021=100),SCA,level,108.6,Eurostat,sts_inpr_m,sts_inpr_m.M.PRD.B-D.SCA.I21,Industrial production index,https://ec.europa.eu/eurostat/databrowser/view/sts_inpr_m/default/table,2026-08-13T11:00:00+0200,final,2026-08-13 18:04:54,2026-08-13T11:00:00+0200
FR.INDUSTRIAL_PRODUCTION_INDEX_M.EUROSTAT,FR,FR,FRA,法国,France,INDUSTRIAL_PRODUCTION_INDEX_M,工业生产指数,Industrial production index,2018-01,M,index (2021=100),SCA,level,104.6,Eurostat,sts_inpr_m,sts_inpr_m.M.PRD.B-D.SCA.I21,Industrial production index,https://ec.europa.eu/eurostat/databrowser/view/sts_inpr_m/default/table,2026-08-13T11:00:00+0200,final,2026-08-13 18:04:54,2026-08-13T11:00:00+0200
FR.INDUSTRIAL_PRODUCTION_INDEX_M.EUROSTAT,FR,FR,FRA,法国,France,INDUSTRIAL_PRODUCTION_INDEX_M,工业生产指数,Industrial production index,2018-02,M,index (2021=100),SCA,level,106.1,Eurostat,sts_inpr_m,sts_inpr_m.M.PRD.B-D.SCA.I21,Industrial production index,https://ec.europa.eu/eurostat/databrowser/view/sts_inpr_m/default/table,2026-08-13T11:00:00+0200,final,2026-08-13 18:04:54,2026-08-13T11:00:00+0200
FR.INDUSTRIAL_PRODUCTION_INDEX_M.EUROSTAT,FR,FR,FRA,法国,France,INDUSTRIAL_PRODUCTION_INDEX_M,工业生产指数,Industrial production index,2018-03,M,index (2021=100),SCA,level,107.0,Eurostat,sts_inpr_m,sts_inpr_m.M.PRD.B-D.SCA.I21,Industrial production index,https://ec.europa.eu/eurostat/databrowser/view/sts_inpr_m/default/table,2026-08-13T11:00:00+0200,final,2026-08-13 18:04:54,2026-08-13T11:00:00+0200
FR.INDUSTRIAL_PRODUCTION_INDEX_M.EUROSTAT,FR,FR,FRA,法国,France,INDUSTRIAL_PRODUCTION_INDEX_M,工业生产指数,Industrial production index,2018-04,M,index (2021=100),SCA,level,105.8,Eurostat,sts_inpr_m,sts_inpr_m.M.PRD.B-D.SCA.I21,Industrial production index,https://ec.europa.eu/eurostat/databrowser/view/sts_inpr_m/default/table,2026-08-13T11:00:00+0200,final,2026-08-13 18:04:54,2026-08-13T11:00:00+0200
FR.INDUSTRIAL_PRODUCTION_INDEX_M.EUROSTAT,FR,FR,FRA,法国,France,INDUSTRIAL_PRODUCTION_INDEX_M,工业生产指数,Industrial production index,2018-05,M,index (2021=100),SCA,level,104.7,Eurostat,sts_inpr_m,sts_inpr_m.M.PRD.B-D.SCA.I21,Industrial production index,https://ec.europa.eu/eurostat/databrowser/view/sts_inpr_m/default/table,2026-08-13T11:00:00+0200,final,2026-08-13 18:04:54,2026-08-13T11:00:00+0200
FR.INDUSTRIAL_PRODUCTION_INDEX_M.EUROSTAT,FR,FR,FRA,法国,France,INDUSTRIAL_PRODUCTION_INDEX_M,工业生产指数,Industrial production index,2018-06,M,index (2021=100),SCA,level,106.8,Eurostat,sts_inpr_m,sts_inpr_m.M.PRD.B-D.SCA.I21,Industrial production index,https://ec.europa.eu/eurostat/databrowser/view/sts_inpr_m/default/table,2026-08-13T11:00:00+0200,final,2026-08-13 18:04:54,2026-08-13T11:00:00+0200
FR.INDUSTRIAL_PRODUCTION_INDEX_M.EUROSTAT,FR,FR,FRA,法国,France,INDUSTRIAL_PRODUCTION_INDEX_M,工业生产指数,Industrial production index,2018-07,M,index (2021=100),SCA,level,106.2,Eurostat,sts_inpr_m,sts_inpr_m.M.PRD.B-D.SCA.I21,Industrial production index,https://ec.europa.eu/eurostat/databrowser/view/sts_inpr_m/default/table,2026-08-13T11:00:00+0200,final,2026-08-13 18:04:54,2026-08-13T11:00:00+0200
FR.INDUSTRIAL_PRODUCTION_INDEX_M.EUROSTAT,FR,FR,FRA,法国,France,INDUSTRIAL_PRODUCTION_INDEX_M,工业生产指数,Industrial production index,2018-08,M,index (2021=100),SCA,level,106.6,Eurostat,sts_inpr_m,sts_inpr_m.M.PRD.B-D.SCA.I21,Industrial production index,https://ec.europa.eu/eurostat/databrowser/view/sts_inpr_m/default/table,2026-08-13T11:00:00+0200,final,2026-08-13 18:04:54,2026-08-13T11:00:00+0200
FR.INDUSTRIAL_PRODUCTION_INDEX_M.EUROSTAT,FR,FR,FRA,法国,France,INDUSTRIAL_PRODUCTION_INDEX_M,工业生产指数,Industrial production index,2018-09,M,index (2021=100),SCA,level,105.3,Eurostat,sts_inpr_m,sts_inpr_m.M.PRD.B-D.SCA.I21,Industrial production index,https://ec.europa.eu/eurostat/databrowser/view/sts_inpr_m/default/table,2026-08-13T11:00:00+0200,final,2026-08-13 18:04:54,2026-08-13T11:00:00+0200
FR.INDUSTRIAL_PRODUCTION_INDEX_M.EUROSTAT,FR,FR,FRA,法国,France,INDUSTRIAL_PRODUCTION_INDEX_M,工业生产指数,Industrial production index,2018-10,M,index (2021=100),SCA,level,106.9,Eurostat,sts_inpr_m,sts_inpr_m.M.PRD.B-D.SCA.I21,Industrial production index,https://ec.europa.eu/eurostat/databrowser/view/sts_inpr_m/default/table,2026-08-13T11:00:00+0200,final,2026-08-13 18:04:54,2026-08-13T11:00:00+0200
FR.INDUSTRIAL_PRODUCTION_INDEX_M.EUROSTAT,FR,FR,FRA,法国,France,INDUSTRIAL_PRODUCTION_INDEX_M,工业生产指数,Industrial production index,2018-11,M,index (2021=100),SCA,level,105.7,Eurostat,sts_inpr_m,sts_inpr_m.M.PRD.B-D.SCA.I21,Industrial production index,https://ec.europa.eu/eurostat/databrowser/view/sts_inpr_m/default/table,2026-08-13T11:00:00+0200,final,2026-08-13 18:04:54,2026-08-13T11:00:00+0200
FR.INDUSTRIAL_PRODUCTION_INDEX_M.EUROSTAT,FR,FR,FRA,法国,France,INDUSTRIAL_PRODUCTION_INDEX_M,工业生产指数,Industrial production index,2018-12,M,index (2021=100),SCA,level,106.7,Eurostat,sts_inpr_m,sts_inpr_m.M.PRD.B-D.SCA.I21,Industrial production index,https://ec.europa.eu/eurostat/databrowser/view/sts_inpr_m/default/table,2026-08-13T11:00:00+0200,final,2026-08-13 18:04:54,2026-08-13T11:00:00+0200
FR.INDUSTRIAL_PRODUCTION_INDEX_M.EUROSTAT,FR,FR,FRA,法国,France,INDUSTRIAL_PRODUCTION_INDEX_M,工业生产指数,Industrial production index,2019-01,M,index (2021=100),SCA,level,107.4,Eurostat,sts_inpr_m,sts_inpr_m.M.PRD.B-D.SCA.I21,Industrial production index,https://ec.europa.eu/eurostat/databrowser/view/sts_inpr_m/default/table,2026-08-13T11:00:00+0200,final,2026-08-13 18:04:54,2026-08-13T11:00:00+0200
FR.INDUSTRIAL_PRODUCTION_INDEX_M.EUROSTAT,FR,FR,FRA,法国,France,INDUSTRIAL_PRODUCTION_INDEX_M,工业生产指数,Industrial production index,2019-02,M,index (2021=100),SCA,level,107.4,Eurostat,sts_inpr_m,sts_inpr_m.M.PRD.B-D.SCA.I21,Industrial production index,https://ec.europa.eu/eurostat/databrowser/view/sts_inpr_m/default/table,2026-08-13T11:00:00+0200,final,2026-08-13 18:04:54,2026-08-13T11:00:00+0200
FR.INDUSTRIAL_PRODUCTION_INDEX_M.EUROSTAT,FR,FR,FRA,法国,France,INDUSTRIAL_PRODUCTION_INDEX_M,工业生产指数,Industrial production index,2019-03,M,index (2021=100),SCA,level,107.1,Eurostat,sts_inpr_m,sts_inpr_m.M.PRD.B-D.SCA.I21,Industrial production index,https://ec.europa.eu/eurostat/databrowser/view/sts_inpr_m/default/table,2026-08-13T11:00:00+0200,final,2026-08-13 18:04:54,2026-08-13T11:00:00+0200
FR.INDUSTRIAL_PRODUCTION_INDEX_M.EUROSTAT,FR,FR,FRA,法国,France,INDUSTRIAL_PRODUCTION_INDEX_M,工业生产指数,Industrial production index,2019-04,M,index (2021=100),SCA,level,107.4,Eurostat,sts_inpr_m,sts_inpr_m.M.PRD.B-D.SCA.I21,Industrial production index,https://ec.europa.eu/eurostat/databrowser/view/sts_inpr_m/default/table,2026-08-13T11:00:00+0200,final,2026-08-13 18:04:54,2026-08-13T11:00:00+0200
FR.INDUSTRIAL_PRODUCTION_INDEX_M.EUROSTAT,FR,FR,FRA,法国,France,INDUSTRIAL_PRODUCTION_INDEX_M,工业生产指数,Industrial production index,2019-05,M,index (2021=100),SCA,level,109.3,Eurostat,sts_inpr_m,sts_inpr_m.M.PRD.B-D.SCA.I21,Industrial production index,https://ec.europa.eu/eurostat/databrowser/view/sts_inpr_m/default/table,2026-08-13T11:00:00+0200,final,2026-08-13 18:04:54,2026-08-13T11:00:00+0200
FR.INDUSTRIAL_PRODUCTION_INDEX_M.EUROSTAT,FR,FR,FRA,法国,France,INDUSTRIAL_PRODUCTION_INDEX_M,工业生产指数,Industrial production index,2019-06,M,index (2021=100),SCA,level,105.9,Eurostat,sts_inpr_m,sts_inpr_m.M.PRD.B-D.SCA.I21,Industrial production index,https://ec.europa.eu/eurostat/databrowser/view/sts_inpr_m/default/table,2026-08-13T11:00:00+0200,final,2026-08-13 18:04:54,2026-08-13T11:00:00+0200
FR.INDUSTRIAL_PRODUCTION_INDEX_M.EUROSTAT,FR,FR,FRA,法国,France,INDUSTRIAL_PRODUCTION_INDEX_M,工业生产指数,Industrial production index,2019-07,M,index (2021=100),SCA,level,106.7,Eurostat,sts_inpr_m,sts_inpr_m.M.PRD.B-D.SCA.I21,Industrial production index,https://ec.europa.eu/eurostat/databrowser/view/sts_inpr_m/default/table,2026-08-13T11:00:00+0200,final,2026-08-13 18:04:54,2026-08-13T11:00:00+0200
FR.INDUSTRIAL_PRODUCTION_INDEX_M.EUROSTAT,FR,FR,FRA,法国,France,INDUSTRIAL_PRODUCTION_INDEX_M,工业生产指数,Industrial production index,2019-08,M,index (2021=100),SCA,level,105.4,Eurostat,sts_inpr_m,sts_inpr_m.M.PRD.B-D.SCA.I21,Industrial production index,https://ec.europa.eu/eurostat/databrowser/view/sts_inpr_m/default/table,2026-08-13T11:00:00+0200,final,2026-08-13 18:04:54,2026-08-13T11:00:00+0200
FR.INDUSTRIAL_PRODUCTION_INDEX_M.EUROSTAT,FR,FR,FRA,法国,France,INDUSTRIAL_PRODUCTION_INDEX_M,工业生产指数,Industrial production index,2019-09,M,index (2021=100),SCA,level,106.5,Eurostat,sts_inpr_m,sts_inpr_m.M.PRD.B-D.SCA.I21,Industrial production index,https://ec.europa.eu/eurostat/databrowser/view/sts_inpr_m/default/table,2026-08-13T11:00:00+0200,final,2026-08-13 18:04:54,2026-08-13T11:00:00+0200
FR.INDUSTRIAL_PRODUCTION_INDEX_M.EUROSTAT,FR,FR,FRA,法国,France,INDUSTRIAL_PRODUCTION_INDEX_M,工业生产指数,Industrial production index,2019-10,M,index (2021=100),SCA,level,106.6,Eurostat,sts_inpr_m,sts_inpr_m.M.PRD.B-D.SCA.I21,Industrial production index,https://ec.europa.eu/eurostat/databrowser/view/sts_inpr_m/default/table,2026-08-13T11:00:00+0200,final,2026-08-13 18:04:54,2026-08-13T11:00:00+0200
FR.INDUSTRIAL_PRODUCTION_INDEX_M.EUROSTAT,FR,FR,FRA,法国,France,INDUSTRIAL_PRODUCTION_INDEX_M,工业生产指数,Industrial production index,2019-11,M,index (2021=100),SCA,level,105.8,Eurostat,sts_inpr_m,sts_inpr_m.M.PRD.B-D.SCA.I21,Industrial production index,https://ec.europa.eu/eurostat/databrowser/view/sts_inpr_m/default/table,2026-08-13T11:00:00+0200,final,2026-08-13 18:04:54,2026-08-13T11:00:00+0200
FR.INDUSTRIAL_PRODUCTION_INDEX_M.EUROSTAT,FR,FR,FRA,法国,France,INDUSTRIAL_PRODUCTION_INDEX_M,工业生产指数,Industrial production index,2019-12,M,index (2021=100),SCA,level,103.5,Eurostat,sts_inpr_m,sts_inpr_m.M.PRD.B-D.SCA.I21,Industrial production index,https://ec.europa.eu/eurostat/databrowser/view/sts_inpr_m/default/table,2026-08-13T11:00:00+0200,final,2026-08-13 18:04:54,2026-08-13T11:00:00+0200
FR.INDUSTRIAL_PRODUCTION_INDEX_M.EUROSTAT,FR,FR,FRA,法国,France,INDUSTRIAL_PRODUCTION_INDEX_M,工业生产指数,Industrial production index,2020-01,M,index (2021=100),SCA,level,105.5,Eurostat,sts_inpr_m,sts_inpr_m.M.PRD.B-D.SCA.I21,Industrial production index,https://ec.europa.eu/eurostat/databrowser/view/sts_inpr_m/default/table,2026-08-13T11:00:00+0200,final,2026-08-13 18:04:54,2026-08-13T11:00:00+0200
FR.INDUSTRIAL_PRODUCTION_INDEX_M.EUROSTAT,FR,FR,FRA,法国,France,INDUSTRIAL_PRODUCTION_INDEX_M,工业生产指数,Industrial production index,2020-02,M,index (2021=100),SCA,level,107.2,Eurostat,sts_inpr_m,sts_inpr_m.M.PRD.B-D.SCA.I21,Industrial production index,https://ec.europa.eu/eurostat/databrowser/view/sts_inpr_m/default/table,2026-08-13T11:00:00+0200,final,2026-08-13 18:04:54,2026-08-13T11:00:00+0200
FR.INDUSTRIAL_PRODUCTION_INDEX_M.EUROSTAT,FR,FR,FRA,法国,France,INDUSTRIAL_PRODUCTION_INDEX_M,工业生产指数,Industrial production index,2020-03,M,index (2021=100),SCA,level,86.9,Eurostat,sts_inpr_m,sts_inpr_m.M.PRD.B-D.SCA.I21,Industrial production index,https://ec.europa.eu/eurostat/databrowser/view/sts_inpr_m/default/table,2026-08-13T11:00:00+0200,final,2026-08-13 18:04:54,2026-08-13T11:00:00+0200
FR.INDUSTRIAL_PRODUCTION_INDEX_M.EUROSTAT,FR,FR,FRA,法国,France,INDUSTRIAL_PRODUCTION_INDEX_M,工业生产指数,Industrial production index,2020-04,M,index (2021=100),SCA,level,67.4,Eurostat,sts_inpr_m,sts_inpr_m.M.PRD.B-D.SCA.I21,Industrial production index,https://ec.europa.eu/eurostat/databrowser/view/sts_inpr_m/default/table,2026-08-13T11:00:00+0200,final,2026-08-13 18:04:54,2026-08-13T11:00:00+0200
FR.INDUSTRIAL_PRODUCTION_INDEX_M.EUROSTAT,FR,FR,FRA,法国,France,INDUSTRIAL_PRODUCTION_INDEX_M,工业生产指数,Industrial production index,2020-05,M,index (2021=100),SCA,level,81.9,Eurostat,sts_inpr_m,sts_inpr_m.M.PRD.B-D.SCA.I21,Industrial production index,https://ec.europa.eu/eurostat/databrowser/view/sts_inpr_m/default/table,2026-08-13T11:00:00+0200,final,2026-08-13 18:04:54,2026-08-13T11:00:00+0200
FR.INDUSTRIAL_PRODUCTION_INDEX_M.EUROSTAT,FR,FR,FRA,法国,France,INDUSTRIAL_PRODUCTION_INDEX_M,工业生产指数,Industrial production index,2020-06,M,index (2021=100),SCA,level,93.0,Eurostat,sts_inpr_m,sts_inpr_m.M.PRD.B-D.SCA.I21,Industrial production index,https://ec.europa.eu/eurostat/databrowser/view/sts_inpr_m/default/table,2026-08-13T11:00:00+0200,final,2026-08-13 18:04:54,2026-08-13T11:00:00+0200
FR.INDUSTRIAL_PRODUCTION_INDEX_M.EUROSTAT,FR,FR,FRA,法国,France,INDUSTRIAL_PRODUCTION_INDEX_M,工业生产指数,Industrial production index,2020-07,M,index (2021=100),SCA,level,97.2,Eurostat,sts_inpr_m,sts_inpr_m.M.PRD.B-D.SCA.I21,Industrial production index,https://ec.europa.eu/eurostat/databrowser/view/sts_inpr_m/default/table,2026-08-13T11:00:00+0200,final,2026-08-13 18:04:54,2026-08-13T11:00:00+0200
FR.INDUSTRIAL_PRODUCTION_INDEX_M.EUROSTAT,FR,FR,FRA,法国,France,INDUSTRIAL_PRODUCTION_INDEX_M,工业生产指数,Industrial production index,2020-08,M,index (2021=100),SCA,level,98.1,Eurostat,sts_inpr_m,sts_inpr_m.M.PRD.B-D.SCA.I21,Industrial production index,https://ec.europa.eu/eurostat/databrowser/view/sts_inpr_m/default/table,2026-08-13T11:00:00+0200,final,2026-08-13 18:04:54,2026-08-13T11:00:00+0200
FR.INDUSTRIAL_PRODUCTION_INDEX_M.EUROSTAT,FR,FR,FRA,法国,France,INDUSTRIAL_PRODUCTION_INDEX_M,工业生产指数,Industrial production index,2020-09,M,index (2021=100),SCA,level,99.8,Eurostat,sts_inpr_m,sts_inpr_m.M.PRD.B-D.SCA.I21,Industrial production index,https://ec.europa.eu/eurostat/databrowser/view/sts_inpr_m/default/table,2026-08-13T11:00:00+0200,final,2026-08-13 18:04:54,2026-08-13T11:00:00+0200
FR.INDUSTRIAL_PRODUCTION_INDEX_M.EUROSTAT,FR,FR,FRA,法国,France,INDUSTRIAL_PRODUCTION_INDEX_M,工业生产指数,Industrial production index,2020-10,M,index (2021=100),SCA,level,101.9,Eurostat,sts_inpr_m,sts_inpr_m.M.PRD.B-D.SCA.I21,Industrial production index,https://ec.europa.eu/eurostat/databrowser/view/sts_inpr_m/default/table,2026-08-13T11:00:00+0200,final,2026-08-13 18:04:54,2026-08-13T11:00:00+0200
FR.INDUSTRIAL_PRODUCTION_INDEX_M.EUROSTAT,FR,FR,FRA,法国,France,INDUSTRIAL_PRODUCTION_INDEX_M,工业生产指数,Industrial production index,2020-11,M,index (2021=100),SCA,level,100.3,Eurostat,sts_inpr_m,sts_inpr_m.M.PRD.B-D.SCA.I21,Industrial production index,https://ec.europa.eu/eurostat/databrowser/view/sts_inpr_m/default/table,2026-08-13T11:00:00+0200,final,2026-08-13 18:04:54,2026-08-13T11:00:00+0200
FR.INDUSTRIAL_PRODUCTION_INDEX_M.EUROSTAT,FR,FR,FRA,法国,France,INDUSTRIAL_PRODUCTION_INDEX_M,工业生产指数,Industrial production index,2020-12,M,index (2021=100),SCA,level,99.7,Eurostat,sts_inpr_m,sts_inpr_m.M.PRD.B-D.SCA.I21,Industrial production index,https://ec.europa.eu/eurostat/databrowser/view/sts_inpr_m/default/table,2026-08-13T11:00:00+0200,final,2026-08-13 18:04:54,2026-08-13T11:00:00+0200
FR.INDUSTRIAL_PRODUCTION_INDEX_M.EUROSTAT,FR,FR,FRA,法国,France,INDUSTRIAL_PRODUCTION_INDEX_M,工业生产指数,Industrial production index,2021-01,M,index (2021=100),SCA,level,102.8,Eurostat,sts_inpr_m,sts_inpr_m.M.PRD.B-D.SCA.I21,Industrial production index,https://ec.europa.eu/eurostat/databrowser/view/sts_inpr_m/default/table,2026-08-13T11:00:00+0200,final,2026-08-13 18:04:54,2026-08-13T11:00:00+0200
FR.INDUSTRIAL_PRODUCTION_INDEX_M.EUROSTAT,FR,FR,FRA,法国,France,INDUSTRIAL_PRODUCTION_INDEX_M,工业生产指数,Industrial production index,2021-02,M,index (2021=100),SCA,level,98.5,Eurostat,sts_inpr_m,sts_inpr_m.M.PRD.B-D.SCA.I21,Industrial production index,https://ec.europa.eu/eurostat/databrowser/view/sts_inpr_m/default/table,2026-08-13T11:00:00+0200,final,2026-08-13 18:04:54,2026-08-13T11:00:00+0200
FR.INDUSTRIAL_PRODUCTION_INDEX_M.EUROSTAT,FR,FR,FRA,法国,France,INDUSTRIAL_PRODUCTION_INDEX_M,工业生产指数,Industrial production index,2021-03,M,index (2021=100),SCA,level,100.0,Eurostat,sts_inpr_m,sts_inpr_m.M.PRD.B-D.SCA.I21,Industrial production index,https://ec.europa.eu/eurostat/databrowser/view/sts_inpr_m/default/table,2026-08-13T11:00:00+0200,final,2026-08-13 18:04:54,2026-08-13T11:00:00+0200
FR.INDUSTRIAL_PRODUCTION_INDEX_M.EUROSTAT,FR,FR,FRA,法国,France,INDUSTRIAL_PRODUCTION_INDEX_M,工业生产指数,Industrial production index,2021-04,M,index (2021=100),SCA,level,100.0,Eurostat,sts_inpr_m,sts_inpr_m.M.PRD.B-D.SCA.I21,Industrial production index,https://ec.europa.eu/eurostat/databrowser/view/sts_inpr_m/default/table,2026-08-13T11:00:00+0200,final,2026-08-13 18:04:54,2026-08-13T11:00:00+0200
FR.INDUSTRIAL_PRODUCTION_INDEX_M.EUROSTAT,FR,FR,FRA,法国,France,INDUSTRIAL_PRODUCTION_INDEX_M,工业生产指数,Industrial production index,2021-05,M,index (2021=100),SCA,level,100.1,Eurostat,sts_inpr_m,sts_inpr_m.M.PRD.B-D.SCA.I21,Industrial production index,https://ec.europa.eu/eurostat/databrowser/view/sts_inpr_m/default/table,2026-08-13T11:00:00+0200,final,2026-08-13 18:04:54,2026-08-13T11:00:00+0200
FR.INDUSTRIAL_PRODUCTION_INDEX_M.EUROSTAT,FR,FR,FRA,法国,France,INDUSTRIAL_PRODUCTION_INDEX_M,工业生产指数,Industrial production index,2021-06,M,index (2021=100),SCA,level,99.5,Eurostat,sts_inpr_m,sts_inpr_m.M.PRD.B-D.SCA.I21,Industrial production index,https://ec.europa.eu/eurostat/databrowser/view/sts_inpr_m/default/table,2026-08-13T11:00:00+0200,final,2026-08-13 18:04:54,2026-08-13T11:00:00+0200
FR.INDUSTRIAL_PRODUCTION_INDEX_M.EUROSTAT,FR,FR,FRA,法国,France,INDUSTRIAL_PRODUCTION_INDEX_M,工业生产指数,Industrial production index,2021-07,M,index (2021=100),SCA,level,100.3,Eurostat,sts_inpr_m,sts_inpr_m.M.PRD.B-D.SCA.I21,Industrial production index,https://ec.europa.eu/eurostat/databrowser/view/sts_inpr_m/default/table,2026-08-13T11:00:00+0200,final,2026-08-13 18:04:54,2026-08-13T11:00:00+0200
FR.INDUSTRIAL_PRODUCTION_INDEX_M.EUROSTAT,FR,FR,FRA,法国,France,INDUSTRIAL_PRODUCTION_INDEX_M,工业生产指数,Industrial production index,2021-08,M,index (2021=100),SCA,level,100.1,Eurostat,sts_inpr_m,sts_inpr_m.M.PRD.B-D.SCA.I21,Industrial production index,https://ec.europa.eu/eurostat/databrowser/view/sts_inpr_m/default/table,2026-08-13T11:00:00+0200,final,2026-08-13 18:04:54,2026-08-13T11:00:00+0200
FR.INDUSTRIAL_PRODUCTION_INDEX_M.EUROSTAT,FR,FR,FRA,法国,France,INDUSTRIAL_PRODUCTION_INDEX_M,工业生产指数,Industrial production index,2021-09,M,index (2021=100),SCA,level,98.5,Eurostat,sts_inpr_m,sts_inpr_m.M.PRD.B-D.SCA.I21,Industrial production index,https://ec.europa.eu/eurostat/databrowser/view/sts_inpr_m/default/table,2026-08-13T11:00:00+0200,final,2026-08-13 18:04:54,2026-08-13T11:00:00+0200
FR.INDUSTRIAL_PRODUCTION_INDEX_M.EUROSTAT,FR,FR,FRA,法国,France,INDUSTRIAL_PRODUCTION_INDEX_M,工业生产指数,Industrial production index,2021-10,M,index (2021=100),SCA,level,101.3,Eurostat,sts_inpr_m,sts_inpr_m.M.PRD.B-D.SCA.I21,Industrial production index,https://ec.europa.eu/eurostat/databrowser/view/sts_inpr_m/default/table,2026-08-13T11:00:00+0200,final,2026-08-13 18:04:54,2026-08-13T11:00:00+0200
FR.INDUSTRIAL_PRODUCTION_INDEX_M.EUROSTAT,FR,FR,FRA,法国,France,INDUSTRIAL_PRODUCTION_INDEX_M,工业生产指数,Industrial production index,2021-11,M,index (2021=100),SCA,level,99.2,Eurostat,sts_inpr_m,sts_inpr_m.M.PRD.B-D.SCA.I21,Industrial production index,https://ec.europa.eu/eurostat/databrowser/view/sts_inpr_m/default/table,2026-08-13T11:00:00+0200,final,2026-08-13 18:04:54,2026-08-13T11:00:00+0200
FR.INDUSTRIAL_PRODUCTION_INDEX_M.EUROSTAT,FR,FR,FRA,法国,France,INDUSTRIAL_PRODUCTION_INDEX_M,工业生产指数,Industrial production index,2021-12,M,index (2021=100),SCA,level,99.8,Eurostat,sts_inpr_m,sts_inpr_m.M.PRD.B-D.SCA.I21,Industrial production index,https://ec.europa.eu/eurostat/databrowser/view/sts_inpr_m/default/table,2026-08-13T11:00:00+0200,final,2026-08-13 18:04:54,2026-08-13T11:00:00+0200
FR.INDUSTRIAL_PRODUCTION_INDEX_M.EUROSTAT,FR,FR,FRA,法国,France,INDUSTRIAL_PRODUCTION_INDEX_M,工业生产指数,Industrial production index,2022-01,M,index (2021=100),SCA,level,101.9,Eurostat,sts_inpr_m,sts_inpr_m.M.PRD.B-D.SCA.I21,Industrial production index,https://ec.europa.eu/eurostat/databrowser/view/sts_inpr_m/default/table,2026-08-13T11:00:00+0200,final,2026-08-13 18:04:54,2026-08-13T11:00:00+0200
FR.INDUSTRIAL_PRODUCTION_INDEX_M.EUROSTAT,FR,FR,FRA,法国,France,INDUSTRIAL_PRODUCTION_INDEX_M,工业生产指数,Industrial production index,2022-02,M,index (2021=100),SCA,level,100.7,Eurostat,sts_inpr_m,sts_inpr_m.M.PRD.B-D.SCA.I21,Industrial production index,https://ec.europa.eu/eurostat/databrowser/view/sts_inpr_m/default/table,2026-08-13T11:00:00+0200,final,2026-08-13 18:04:54,2026-08-13T11:00:00+0200
FR.INDUSTRIAL_PRODUCTION_INDEX_M.EUROSTAT,FR,FR,FRA,法国,France,INDUSTRIAL_PRODUCTION_INDEX_M,工业生产指数,Industrial production index,2022-03,M,index (2021=100),SCA,level,100.1,Eurostat,sts_inpr_m,sts_inpr_m.M.PRD.B-D.SCA.I21,Industrial production index,https://ec.europa.eu/eurostat/databrowser/view/sts_inpr_m/default/table,2026-08-13T11:00:00+0200,final,2026-08-13 18:04:54,2026-08-13T11:00:00+0200
FR.INDUSTRIAL_PRODUCTION_INDEX_M.EUROSTAT,FR,FR,FRA,法国,France,INDUSTRIAL_PRODUCTION_INDEX_M,工业生产指数,Industrial production index,2022-04,M,index (2021=100),SCA,level,99.3,Eurostat,sts_inpr_m,sts_inpr_m.M.PRD.B-D.SCA.I21,Industrial production index,https://ec.europa.eu/eurostat/databrowser/view/sts_inpr_m/default/table,2026-08-13T11:00:00+0200,final,2026-08-13 18:04:54,2026-08-13T11:00:00+0200
FR.INDUSTRIAL_PRODUCTION_INDEX_M.EUROSTAT,FR,FR,FRA,法国,France,INDUSTRIAL_PRODUCTION_INDEX_M,工业生产指数,Industrial production index,2022-05,M,index (2021=100),SCA,level,100.6,Eurostat,sts_inpr_m,sts_inpr_m.M.PRD.B-D.SCA.I21,Industrial production index,https://ec.europa.eu/eurostat/databrowser/view/sts_inpr_m/default/table,2026-08-13T11:00:00+0200,final,2026-08-13 18:04:54,2026-08-13T11:00:00+0200
FR.INDUSTRIAL_PRODUCTION_INDEX_M.EUROSTAT,FR,FR,FRA,法国,France,INDUSTRIAL_PRODUCTION_INDEX_M,工业生产指数,Industrial production index,2022-06,M,index (2021=100),SCA,level,101.3,Eurostat,sts_inpr_m,sts_inpr_m.M.PRD.B-D.SCA.I21,Industrial production index,https://ec.europa.eu/eurostat/databrowser/view/sts_inpr_m/default/table,2026-08-13T11:00:00+0200,final,2026-08-13 18:04:54,2026-08-13T11:00:00+0200
FR.INDUSTRIAL_PRODUCTION_INDEX_M.EUROSTAT,FR,FR,FRA,法国,France,INDUSTRIAL_PRODUCTION_INDEX_M,工业生产指数,Industrial production index,2022-07,M,index (2021=100),SCA,level,99.7,Eurostat,sts_inpr_m,sts_inpr_m.M.PRD.B-D.SCA.I21,Industrial production index,https://ec.europa.eu/eurostat/databrowser/view/sts_inpr_m/default/table,2026-08-13T11:00:00+0200,final,2026-08-13 18:04:54,2026-08-13T11:00:00+0200
FR.INDUSTRIAL_PRODUCTION_INDEX_M.EUROSTAT,FR,FR,FRA,法国,France,INDUSTRIAL_PRODUCTION_INDEX_M,工业生产指数,Industrial production index,2022-08,M,index (2021=100),SCA,level,102.5,Eurostat,sts_inpr_m,sts_inpr_m.M.PRD.B-D.SCA.I21,Industrial production index,https://ec.europa.eu/eurostat/databrowser/view/sts_inpr_m/default/table,2026-08-13T11:00:00+0200,final,2026-08-13 18:04:54,2026-08-13T11:00:00+0200
FR.INDUSTRIAL_PRODUCTION_INDEX_M.EUROSTAT,FR,FR,FRA,法国,France,INDUSTRIAL_PRODUCTION_INDEX_M,工业生产指数,Industrial production index,2022-09,M,index (2021=100),SCA,level,101.9,Eurostat,sts_inpr_m,sts_inpr_m.M.PRD.B-D.SCA.I21,Industrial production index,https://ec.europa.eu/eurostat/databrowser/view/sts_inpr_m/default/table,2026-08-13T11:00:00+0200,final,2026-08-13 18:04:54,2026-08-13T11:00:00+0200
FR.INDUSTRIAL_PRODUCTION_INDEX_M.EUROSTAT,FR,FR,FRA,法国,France,INDUSTRIAL_PRODUCTION_INDEX_M,工业生产指数,Industrial production index,2022-10,M,index (2021=100),SCA,level,99.7,Eurostat,sts_inpr_m,sts_inpr_m.M.PRD.B-D.SCA.I21,Industrial production index,https://ec.europa.eu/eurostat/databrowser/view/sts_inpr_m/default/table,2026-08-13T11:00:00+0200,final,2026-08-13 18:04:54,2026-08-13T11:00:00+0200
FR.INDUSTRIAL_PRODUCTION_INDEX_M.EUROSTAT,FR,FR,FRA,法国,France,INDUSTRIAL_PRODUCTION_INDEX_M,工业生产指数,Industrial production index,2022-11,M,index (2021=100),SCA,level,101.1,Eurostat,sts_inpr_m,sts_inpr_m.M.PRD.B-D.SCA.I21,Industrial production index,https://ec.europa.eu/eurostat/databrowser/view/sts_inpr_m/default/table,2026-08-13T11:00:00+0200,final,2026-08-13 18:04:54,2026-08-13T11:00:00+0200
FR.INDUSTRIAL_PRODUCTION_INDEX_M.EUROSTAT,FR,FR,FRA,法国,France,INDUSTRIAL_PRODUCTION_INDEX_M,工业生产指数,Industrial production index,2022-12,M,index (2021=100),SCA,level,101.8,Eurostat,sts_inpr_m,sts_inpr_m.M.PRD.B-D.SCA.I21,Industrial production index,https://ec.europa.eu/eurostat/databrowser/view/sts_inpr_m/default/table,2026-08-13T11:00:00+0200,final,2026-08-13 18:04:54,2026-08-13T11:00:00+0200
FR.INDUSTRIAL_PRODUCTION_INDEX_M.EUROSTAT,FR,FR,FRA,法国,France,INDUSTRIAL_PRODUCTION_INDEX_M,工业生产指数,Industrial production index,2023-01,M,index (2021=100),SCA,level,100.4,Eurostat,sts_inpr_m,sts_inpr_m.M.PRD.B-D.SCA.I21,Industrial production index,https://ec.europa.eu/eurostat/databrowser/view/sts_inpr_m/default/table,2026-08-13T11:00:00+0200,final,2026-08-13 18:04:54,2026-08-13T11:00:00+0200
FR.INDUSTRIAL_PRODUCTION_INDEX_M.EUROSTAT,FR,FR,FRA,法国,France,INDUSTRIAL_PRODUCTION_INDEX_M,工业生产指数,Industrial production index,2023-02,M,index (2021=100),SCA,level,101.9,Eurostat,sts_inpr_m,sts_inpr_m.M.PRD.B-D.SCA.I21,Industrial production index,https://ec.europa.eu/eurostat/databrowser/view/sts_inpr_m/default/table,2026-08-13T11:00:00+0200,final,2026-08-13 18:04:54,2026-08-13T11:00:00+0200
FR.INDUSTRIAL_PRODUCTION_INDEX_M.EUROSTAT,FR,FR,FRA,法国,France,INDUSTRIAL_PRODUCTION_INDEX_M,工业生产指数,Industrial production index,2023-03,M,index (2021=100),SCA,level,100.5,Eurostat,sts_inpr_m,sts_inpr_m.M.PRD.B-D.SCA.I21,Industrial production index,https://ec.europa.eu/eurostat/databrowser/view/sts_inpr_m/default/table,2026-08-13T11:00:00+0200,final,2026-08-13 18:04:54,2026-08-13T11:00:00+0200
FR.INDUSTRIAL_PRODUCTION_INDEX_M.EUROSTAT,FR,FR,FRA,法国,France,INDUSTRIAL_PRODUCTION_INDEX_M,工业生产指数,Industrial production index,2023-04,M,index (2021=100),SCA,level,100.8,Eurostat,sts_inpr_m,sts_inpr_m.M.PRD.B-D.SCA.I21,Industrial production index,https://ec.europa.eu/eurostat/databrowser/view/sts_inpr_m/default/table,2026-08-13T11:00:00+0200,final,2026-08-13 18:04:54,2026-08-13T11:00:00+0200
FR.INDUSTRIAL_PRODUCTION_INDEX_M.EUROSTAT,FR,FR,FRA,法国,France,INDUSTRIAL_PRODUCTION_INDEX_M,工业生产指数,Industrial production index,2023-05,M,index (2021=100),SCA,level,102.9,Eurostat,sts_inpr_m,sts_inpr_m.M.PRD.B-D.SCA.I21,Industrial production index,https://ec.europa.eu/eurostat/databrowser/view/sts_inpr_m/default/table,2026-08-13T11:00:00+0200,final,2026-08-13 18:04:54,2026-08-13T11:00:00+0200
FR.INDUSTRIAL_PRODUCTION_INDEX_M.EUROSTAT,FR,FR,FRA,法国,France,INDUSTRIAL_PRODUCTION_INDEX_M,工业生产指数,Industrial production index,2023-06,M,index (2021=100),SCA,level,101.7,Eurostat,sts_inpr_m,sts_inpr_m.M.PRD.B-D.SCA.I21,Industrial production index,https://ec.europa.eu/eurostat/databrowser/view/sts_inpr_m/default/table,2026-08-13T11:00:00+0200,final,2026-08-13 18:04:54,2026-08-13T11:00:00+0200
FR.INDUSTRIAL_PRODUCTION_INDEX_M.EUROSTAT,FR,FR,FRA,法国,France,INDUSTRIAL_PRODUCTION_INDEX_M,工业生产指数,Industrial production index,2023-07,M,index (2021=100),SCA,level,101.5,Eurostat,sts_inpr_m,sts_inpr_m.M.PRD.B-D.SCA.I21,Industrial production index,https://ec.europa.eu/eurostat/databrowser/view/sts_inpr_m/default/table,2026-08-13T11:00:00+0200,final,2026-08-13 18:04:54,2026-08-13T11:00:00+0200
FR.INDUSTRIAL_PRODUCTION_INDEX_M.EUROSTAT,FR,FR,FRA,法国,France,INDUSTRIAL_PRODUCTION_INDEX_M,工业生产指数,Industrial production index,2023-08,M,index (2021=100),SCA,level,101.4,Eurostat,sts_inpr_m,sts_inpr_m.M.PRD.B-D.SCA.I21,Industrial production index,https://ec.europa.eu/eurostat/databrowser/view/sts_inpr_m/default/table,2026-08-13T11:00:00+0200,final,2026-08-13 18:04:54,2026-08-13T11:00:00+0200
FR.INDUSTRIAL_PRODUCTION_INDEX_M.EUROSTAT,FR,FR,FRA,法国,France,INDUSTRIAL_PRODUCTION_INDEX_M,工业生产指数,Industrial production index,2023-09,M,index (2021=100),SCA,level,101.4,Eurostat,sts_inpr_m,sts_inpr_m.M.PRD.B-D.SCA.I21,Industrial production index,https://ec.europa.eu/eurostat/databrowser/view/sts_inpr_m/default/table,2026-08-13T11:00:00+0200,final,2026-08-13 18:04:54,2026-08-13T11:00:00+0200
FR.INDUSTRIAL_PRODUCTION_INDEX_M.EUROSTAT,FR,FR,FRA,法国,France,INDUSTRIAL_PRODUCTION_INDEX_M,工业生产指数,Industrial production index,2023-10,M,index (2021=100),SCA,level,101.5,Eurostat,sts_inpr_m,sts_inpr_m.M.PRD.B-D.SCA.I21,Industrial production index,https://ec.europa.eu/eurostat/databrowser/view/sts_inpr_m/default/table,2026-08-13T11:00:00+0200,final,2026-08-13 18:04:54,2026-08-13T11:00:00+0200
FR.INDUSTRIAL_PRODUCTION_INDEX_M.EUROSTAT,FR,FR,FRA,法国,France,INDUSTRIAL_PRODUCTION_INDEX_M,工业生产指数,Industrial production index,2023-11,M,index (2021=100),SCA,level,101.8,Eurostat,sts_inpr_m,sts_inpr_m.M.PRD.B-D.SCA.I21,Industrial production index,https://ec.europa.eu/eurostat/databrowser/view/sts_inpr_m/default/table,2026-08-13T11:00:00+0200,final,2026-08-13 18:04:54,2026-08-13T11:00:00+0200
FR.INDUSTRIAL_PRODUCTION_INDEX_M.EUROSTAT,FR,FR,FRA,法国,France,INDUSTRIAL_PRODUCTION_INDEX_M,工业生产指数,Industrial production index,2023-12,M,index (2021=100),SCA,level,102.2,Eurostat,sts_inpr_m,sts_inpr_m.M.PRD.B-D.SCA.I21,Industrial production index,https://ec.europa.eu/eurostat/databrowser/view/sts_inpr_m/default/table,2026-08-13T11:00:00+0200,final,2026-08-13 18:04:54,2026-08-13T11:00:00+0200
FR.INDUSTRIAL_PRODUCTION_INDEX_M.EUROSTAT,FR,FR,FRA,法国,France,INDUSTRIAL_PRODUCTION_INDEX_M,工业生产指数,Industrial production index,2024-01,M,index (2021=100),SCA,level,101.9,Eurostat,sts_inpr_m,sts_inpr_m.M.PRD.B-D.SCA.I21,Industrial production index,https://ec.europa.eu/eurostat/databrowser/view/sts_inpr_m/default/table,2026-08-13T11:00:00+0200,final,2026-08-13 18:04:54,2026-08-13T11:00:00+0200
FR.INDUSTRIAL_PRODUCTION_INDEX_M.EUROSTAT,FR,FR,FRA,法国,France,INDUSTRIAL_PRODUCTION_INDEX_M,工业生产指数,Industrial production index,2024-02,M,index (2021=100),SCA,level,102.4,Eurostat,sts_inpr_m,sts_inpr_m.M.PRD.B-D.SCA.I21,Industrial production index,https://ec.europa.eu/eurostat/databrowser/view/sts_inpr_m/default/table,2026-08-13T11:00:00+0200,final,2026-08-13 18:04:54,2026-08-13T11:00:00+0200
FR.INDUSTRIAL_PRODUCTION_INDEX_M.EUROSTAT,FR,FR,FRA,法国,France,INDUSTRIAL_PRODUCTION_INDEX_M,工业生产指数,Industrial production index,2024-03,M,index (2021=100),SCA,level,101.7,Eurostat,sts_inpr_m,sts_inpr_m.M.PRD.B-D.SCA.I21,Industrial production index,https://ec.europa.eu/eurostat/databrowser/view/sts_inpr_m/default/table,2026-08-13T11:00:00+0200,final,2026-08-13 18:04:54,2026-08-13T11:00:00+0200
FR.INDUSTRIAL_PRODUCTION_INDEX_M.EUROSTAT,FR,FR,FRA,法国,France,INDUSTRIAL_PRODUCTION_INDEX_M,工业生产指数,Industrial production index,2024-04,M,index (2021=100),SCA,level,102.8,Eurostat,sts_inpr_m,sts_inpr_m.M.PRD.B-D.SCA.I21,Industrial production index,https://ec.europa.eu/eurostat/databrowser/view/sts_inpr_m/default/table,2026-08-13T11:00:00+0200,final,2026-08-13 18:04:54,2026-08-13T11:00:00+0200
FR.INDUSTRIAL_PRODUCTION_INDEX_M.EUROSTAT,FR,FR,FRA,法国,France,INDUSTRIAL_PRODUCTION_INDEX_M,工业生产指数,Industrial production index,2024-05,M,index (2021=100),SCA,level,101.5,Eurostat,sts_inpr_m,sts_inpr_m.M.PRD.B-D.SCA.I21,Industrial production index,https://ec.europa.eu/eurostat/databrowser/view/sts_inpr_m/default/table,2026-08-13T11:00:00+0200,final,2026-08-13 18:04:54,2026-08-13T11:00:00+0200
FR.INDUSTRIAL_PRODUCTION_INDEX_M.EUROSTAT,FR,FR,FRA,法国,France,INDUSTRIAL_PRODUCTION_INDEX_M,工业生产指数,Industrial production index,2024-06,M,index (2021=100),SCA,level,101.7,Eurostat,sts_inpr_m,sts_inpr_m.M.PRD.B-D.SCA.I21,Industrial production index,https://ec.europa.eu/eurostat/databrowser/view/sts_inpr_m/default/table,2026-08-13T11:00:00+0200,final,2026-08-13 18:04:54,2026-08-13T11:00:00+0200
FR.INDUSTRIAL_PRODUCTION_INDEX_M.EUROSTAT,FR,FR,FRA,法国,France,INDUSTRIAL_PRODUCTION_INDEX_M,工业生产指数,Industrial production index,2024-07,M,index (2021=100),SCA,level,101.7,Eurostat,sts_inpr_m,sts_inpr_m.M.PRD.B-D.SCA.I21,Industrial production index,https://ec.europa.eu/eurostat/databrowser/view/sts_inpr_m/default/table,2026-08-13T11:00:00+0200,final,2026-08-13 18:04:54,2026-08-13T11:00:00+0200
FR.INDUSTRIAL_PRODUCTION_INDEX_M.EUROSTAT,FR,FR,FRA,法国,France,INDUSTRIAL_PRODUCTION_INDEX_M,工业生产指数,Industrial production index,2024-08,M,index (2021=100),SCA,level,102.4,Eurostat,sts_inpr_m,sts_inpr_m.M.PRD.B-D.SCA.I21,Industrial production index,https://ec.europa.eu/eurostat/databrowser/view/sts_inpr_m/default/table,2026-08-13T11:00:00+0200,final,2026-08-13 18:04:54,2026-08-13T11:00:00+0200
FR.INDUSTRIAL_PRODUCTION_INDEX_M.EUROSTAT,FR,FR,FRA,法国,France,INDUSTRIAL_PRODUCTION_INDEX_M,工业生产指数,Industrial production index,2024-09,M,index (2021=100),SCA,level,101.8,Eurostat,sts_inpr_m,sts_inpr_m.M.PRD.B-D.SCA.I21,Industrial production index,https://ec.europa.eu/eurostat/databrowser/view/sts_inpr_m/default/table,2026-08-13T11:00:00+0200,final,2026-08-13 18:04:54,2026-08-13T11:00:00+0200
FR.INDUSTRIAL_PRODUCTION_INDEX_M.EUROSTAT,FR,FR,FRA,法国,France,INDUSTRIAL_PRODUCTION_INDEX_M,工业生产指数,Industrial production index,2024-10,M,index (2021=100),SCA,level,101.5,Eurostat,sts_inpr_m,sts_inpr_m.M.PRD.B-D.SCA.I21,Industrial production index,https://ec.europa.eu/eurostat/databrowser/view/sts_inpr_m/default/table,2026-08-13T11:00:00+0200,final,2026-08-13 18:04:54,2026-08-13T11:00:00+0200
FR.INDUSTRIAL_PRODUCTION_INDEX_M.EUROSTAT,FR,FR,FRA,法国,France,INDUSTRIAL_PRODUCTION_INDEX_M,工业生产指数,Industrial production index,2024-11,M,index (2021=100),SCA,level,101.6,Eurostat,sts_inpr_m,sts_inpr_m.M.PRD.B-D.SCA.I21,Industrial production index,https://ec.europa.eu/eurostat/databrowser/view/sts_inpr_m/default/table,2026-08-13T11:00:00+0200,final,2026-08-13 18:04:54,2026-08-13T11:00:00+0200
FR.INDUSTRIAL_PRODUCTION_INDEX_M.EUROSTAT,FR,FR,FRA,法国,France,INDUSTRIAL_PRODUCTION_INDEX_M,工业生产指数,Industrial production index,2024-12,M,index (2021=100),SCA,level,101.2,Eurostat,sts_inpr_m,sts_inpr_m.M.PRD.B-D.SCA.I21,Industrial production index,https://ec.europa.eu/eurostat/databrowser/view/sts_inpr_m/default/table,2026-08-13T11:00:00+0200,final,2026-08-13 18:04:54,2026-08-13T11:00:00+0200
FR.INDUSTRIAL_PRODUCTION_INDEX_M.EUROSTAT,FR,FR,FRA,法国,France,INDUSTRIAL_PRODUCTION_INDEX_M,工业生产指数,Industrial production index,2025-01,M,index (2021=100),SCA,level,101.0,Eurostat,sts_inpr_m,sts_inpr_m.M.PRD.B-D.SCA.I21,Industrial production index,https://ec.europa.eu/eurostat/databrowser/view/sts_inpr_m/default/table,2026-08-13T11:00:00+0200,final,2026-08-13 18:04:54,2026-08-13T11:00:00+0200
FR.INDUSTRIAL_PRODUCTION_INDEX_M.EUROSTAT,FR,FR,FRA,法国,France,INDUSTRIAL_PRODUCTION_INDEX_M,工业生产指数,Industrial production index,2025-02,M,index (2021=100),SCA,level,102.5,Eurostat,sts_inpr_m,sts_inpr_m.M.PRD.B-D.SCA.I21,Industrial production index,https://ec.europa.eu/eurostat/databrowser/view/sts_inpr_m/default/table,2026-08-13T11:00:00+0200,final,2026-08-13 18:04:54,2026-08-13T11:00:00+0200
FR.INDUSTRIAL_PRODUCTION_INDEX_M.EUROSTAT,FR,FR,FRA,法国,France,INDUSTRIAL_PRODUCTION_INDEX_M,工业生产指数,Industrial production index,2025-03,M,index (2021=100),SCA,level,102.2,Eurostat,sts_inpr_m,sts_inpr_m.M.PRD.B-D.SCA.I21,Industrial production index,https://ec.europa.eu/eurostat/databrowser/view/sts_inpr_m/default/table,2026-08-13T11:00:00+0200,final,2026-08-13 18:04:54,2026-08-13T11:00:00+0200
FR.INDUSTRIAL_PRODUCTION_INDEX_M.EUROSTAT,FR,FR,FRA,法国,France,INDUSTRIAL_PRODUCTION_INDEX_M,工业生产指数,Industrial production index,2025-04,M,index (2021=100),SCA,level,100.9,Eurostat,sts_inpr_m,sts_inpr_m.M.PRD.B-D.SCA.I21,Industrial production index,https://ec.europa.eu/eurostat/databrowser/view/sts_inpr_m/default/table,2026-08-13T11:00:00+0200,final,2026-08-13 18:04:54,2026-08-13T11:00:00+0200
FR.INDUSTRIAL_PRODUCTION_INDEX_M.EUROSTAT,FR,FR,FRA,法国,France,INDUSTRIAL_PRODUCTION_INDEX_M,工业生产指数,Industrial production index,2025-05,M,index (2021=100),SCA,level,100.4,Eurostat,sts_inpr_m,sts_inpr_m.M.PRD.B-D.SCA.I21,Industrial production index,https://ec.europa.eu/eurostat/databrowser/view/sts_inpr_m/default/table,2026-08-13T11:00:00+0200,final,2026-08-13 18:04:54,2026-08-13T11:00:00+0200
FR.INDUSTRIAL_PRODUCTION_INDEX_M.EUROSTAT,FR,FR,FRA,法国,France,INDUSTRIAL_PRODUCTION_INDEX_M,工业生产指数,Industrial production index,2025-06,M,index (2021=100),SCA,level,103.8,Eurostat,sts_inpr_m,sts_inpr_m.M.PRD.B-D.SCA.I21,Industrial production index,https://ec.europa.eu/eurostat/databrowser/view/sts_inpr_m/default/table,2026-08-13T11:00:00+0200,final,2026-08-13 18:04:54,2026-08-13T11:00:00+0200
FR.INDUSTRIAL_PRODUCTION_INDEX_M.EUROSTAT,FR,FR,FRA,法国,France,INDUSTRIAL_PRODUCTION_INDEX_M,工业生产指数,Industrial production index,2025-07,M,index (2021=100),SCA,level,103.6,Eurostat,sts_inpr_m,sts_inpr_m.M.PRD.B-D.SCA.I21,Industrial production index,https://ec.europa.eu/eurostat/databrowser/view/sts_inpr_m/default/table,2026-08-13T11:00:00+0200,final,2026-08-13 18:04:54,2026-08-13T11:00:00+0200
FR.INDUSTRIAL_PRODUCTION_INDEX_M.EUROSTAT,FR,FR,FRA,法国,France,INDUSTRIAL_PRODUCTION_INDEX_M,工业生产指数,Industrial production index,2025-08,M,index (2021=100),SCA,level,102.3,Eurostat,sts_inpr_m,sts_inpr_m.M.PRD.B-D.SCA.I21,Industrial production index,https://ec.europa.eu/eurostat/databrowser/view/sts_inpr_m/default/table,2026-08-13T11:00:00+0200,final,2026-08-13 18:04:54,2026-08-13T11:00:00+0200
FR.INDUSTRIAL_PRODUCTION_INDEX_M.EUROSTAT,FR,FR,FRA,法国,France,INDUSTRIAL_PRODUCTION_INDEX_M,工业生产指数,Industrial production index,2025-09,M,index (2021=100),SCA,level,103.2,Eurostat,sts_inpr_m,sts_inpr_m.M.PRD.B-D.SCA.I21,Industrial production index,https://ec.europa.eu/eurostat/databrowser/view/sts_inpr_m/default/table,2026-08-13T11:00:00+0200,final,2026-08-13 18:04:54,2026-08-13T11:00:00+0200
FR.INDUSTRIAL_PRODUCTION_INDEX_M.EUROSTAT,FR,FR,FRA,法国,France,INDUSTRIAL_PRODUCTION_INDEX_M,工业生产指数,Industrial production index,2025-10,M,index (2021=100),SCA,level,103.3,Eurostat,sts_inpr_m,sts_inpr_m.M.PRD.B-D.SCA.I21,Industrial production index,https://ec.europa.eu/eurostat/databrowser/view/sts_inpr_m/default/table,2026-08-13T11:00:00+0200,final,2026-08-13 18:04:54,2026-08-13T11:00:00+0200
FR.INDUSTRIAL_PRODUCTION_INDEX_M.EUROSTAT,FR,FR,FRA,法国,France,INDUSTRIAL_PRODUCTION_INDEX_M,工业生产指数,Industrial production index,2025-11,M,index (2021=100),SCA,level,103.4,Eurostat,sts_inpr_m,sts_inpr_m.M.PRD.B-D.SCA.I21,Industrial production index,https://ec.europa.eu/eurostat/databrowser/view/sts_inpr_m/default/table,2026-08-13T11:00:00+0200,final,2026-08-13 18:04:54,2026-08-13T11:00:00+0200
FR.INDUSTRIAL_PRODUCTION_INDEX_M.EUROSTAT,FR,FR,FRA,法国,France,INDUSTRIAL_PRODUCTION_INDEX_M,工业生产指数,Industrial production index,2025-12,M,index (2021=100),SCA,level,102.7,Eurostat,sts_inpr_m,sts_inpr_m.M.PRD.B-D.SCA.I21,Industrial production index,https://ec.europa.eu/eurostat/databrowser/view/sts_inpr_m/default/table,2026-08-13T11:00:00+0200,final,2026-08-13 18:04:54,2026-08-13T11:00:00+0200
FR.INDUSTRIAL_PRODUCTION_INDEX_M.EUROSTAT,FR,FR,FRA,法国,France,INDUSTRIAL_PRODUCTION_INDEX_M,工业生产指数,Industrial production index,2026-01,M,index (2021=100),SCA,level,102.9,Eurostat,sts_inpr_m,sts_inpr_m.M.PRD.B-D.SCA.I21,Industrial production index,https://ec.europa.eu/eurostat/databrowser/view/sts_inpr_m/default/table,2026-08-13T11:00:00+0200,final,2026-08-13 18:04:54,2026-08-13T11:00:00+0200
FR.INDUSTRIAL_PRODUCTION_INDEX_M.EUROSTAT,FR,FR,FRA,法国,France,INDUSTRIAL_PRODUCTION_INDEX_M,工业生产指数,Industrial production index,2026-02,M,index (2021=100),SCA,level,102.2,Eurostat,sts_inpr_m,sts_inpr_m.M.PRD.B-D.SCA.I21,Industrial production index,https://ec.europa.eu/eurostat/databrowser/view/sts_inpr_m/default/table,2026-08-13T11:00:00+0200,final,2026-08-13 18:04:54,2026-08-13T11:00:00+0200
FR.INDUSTRIAL_PRODUCTION_INDEX_M.EUROSTAT,FR,FR,FRA,法国,France,INDUSTRIAL_PRODUCTION_INDEX_M,工业生产指数,Industrial production index,2026-03,M,index (2021=100),SCA,level,103.6,Eurostat,sts_inpr_m,sts_inpr_m.M.PRD.B-D.SCA.I21,Industrial production index,https://ec.europa.eu/eurostat/databrowser/view/sts_inpr_m/default/table,2026-08-13T11:00:00+0200,final,2026-08-13 18:04:54,2026-08-13T11:00:00+0200
FR.INDUSTRIAL_PRODUCTION_INDEX_M.EUROSTAT,FR,FR,FRA,法国,France,INDUSTRIAL_PRODUCTION_INDEX_M,工业生产指数,Industrial production index,2026-04,M,index (2021=100),SCA,level,103.7,Eurostat,sts_inpr_m,sts_inpr_m.M.PRD.B-D.SCA.I21,Industrial production index,https://ec.europa.eu/eurostat/databrowser/view/sts_inpr_m/default/table,2026-08-13T11:00:00+0200,final,2026-08-13 18:04:54,2026-08-13T11:00:00+0200
FR.INDUSTRIAL_PRODUCTION_INDEX_M.EUROSTAT,FR,FR,FRA,法国,France,INDUSTRIAL_PRODUCTION_INDEX_M,工业生产指数,Industrial production index,2026-05,M,index (2021=100),SCA,level,103.6,Eurostat,sts_inpr_m,sts_inpr_m.M.PRD.B-D.SCA.I21,Industrial production index,https://ec.europa.eu/eurostat/databrowser/view/sts_inpr_m/default/table,2026-08-13T11:00:00+0200,final,2026-08-13 18:04:54,2026-08-13T11:00:00+0200
FR.INDUSTRIAL_PRODUCTION_INDEX_M.EUROSTAT,FR,FR,FRA,法国,France,INDUSTRIAL_PRODUCTION_INDEX_M,工业生产指数,Industrial production index,2026-06,M,index (2021=100),SCA,level,103.6,Eurostat,sts_inpr_m,sts_inpr_m.M.PRD.B-D.SCA.I21,Industrial production index,https://ec.europa.eu/eurostat/databrowser/view/sts_inpr_m/default/table,2026-08-13T11:00:00+0200,final,2026-08-13 18:04:54,2026-08-13T11:00:00+0200
IT.INDUSTRIAL_PRODUCTION_INDEX_M.EUROSTAT,IT,IT,ITA,意大利,Italy,INDUSTRIAL_PRODUCTION_INDEX_M,工业生产指数,Industrial production index,2015-01,M,index (2021=100),SCA,level,93.7,Eurostat,sts_inpr_m,sts_inpr_m.M.PRD.B-D.SCA.I21,Industrial production index,https://ec.europa.eu/eurostat/databrowser/view/sts_inpr_m/default/table,2026-08-13T11:00:00+0200,final,2026-08-13 18:04:54,2026-08-13T11:00:00+0200
IT.INDUSTRIAL_PRODUCTION_INDEX_M.EUROSTAT,IT,IT,ITA,意大利,Italy,INDUSTRIAL_PRODUCTION_INDEX_M,工业生产指数,Industrial production index,2015-02,M,index (2021=100),SCA,level,94.5,Eurostat,sts_inpr_m,sts_inpr_m.M.PRD.B-D.SCA.I21,Industrial production index,https://ec.europa.eu/eurostat/databrowser/view/sts_inpr_m/default/table,2026-08-13T11:00:00+0200,final,2026-08-13 18:04:54,2026-08-13T11:00:00+0200
IT.INDUSTRIAL_PRODUCTION_INDEX_M.EUROSTAT,IT,IT,ITA,意大利,Italy,INDUSTRIAL_PRODUCTION_INDEX_M,工业生产指数,Industrial production index,2015-03,M,index (2021=100),SCA,level,94.8,Eurostat,sts_inpr_m,sts_inpr_m.M.PRD.B-D.SCA.I21,Industrial production index,https://ec.europa.eu/eurostat/databrowser/view/sts_inpr_m/default/table,2026-08-13T11:00:00+0200,final,2026-08-13 18:04:54,2026-08-13T11:00:00+0200
IT.INDUSTRIAL_PRODUCTION_INDEX_M.EUROSTAT,IT,IT,ITA,意大利,Italy,INDUSTRIAL_PRODUCTION_INDEX_M,工业生产指数,Industrial production index,2015-04,M,index (2021=100),SCA,level,95.0,Eurostat,sts_inpr_m,sts_inpr_m.M.PRD.B-D.SCA.I21,Industrial production index,https://ec.europa.eu/eurostat/databrowser/view/sts_inpr_m/default/table,2026-08-13T11:00:00+0200,final,2026-08-13 18:04:54,2026-08-13T11:00:00+0200
IT.INDUSTRIAL_PRODUCTION_INDEX_M.EUROSTAT,IT,IT,ITA,意大利,Italy,INDUSTRIAL_PRODUCTION_INDEX_M,工业生产指数,Industrial production index,2015-05,M,index (2021=100),SCA,level,95.8,Eurostat,sts_inpr_m,sts_inpr_m.M.PRD.B-D.SCA.I21,Industrial production index,https://ec.europa.eu/eurostat/databrowser/view/sts_inpr_m/default/table,2026-08-13T11:00:00+0200,final,2026-08-13 18:04:54,2026-08-13T11:00:00+0200
IT.INDUSTRIAL_PRODUCTION_INDEX_M.EUROSTAT,IT,IT,ITA,意大利,Italy,INDUSTRIAL_PRODUCTION_INDEX_M,工业生产指数,Industrial production index,2015-06,M,index (2021=100),SCA,level,95.3,Eurostat,sts_inpr_m,sts_inpr_m.M.PRD.B-D.SCA.I21,Industrial production index,https://ec.europa.eu/eurostat/databrowser/view/sts_inpr_m/default/table,2026-08-13T11:00:00+0200,final,2026-08-13 18:04:54,2026-08-13T11:00:00+0200
IT.INDUSTRIAL_PRODUCTION_INDEX_M.EUROSTAT,IT,IT,ITA,意大利,Italy,INDUSTRIAL_PRODUCTION_INDEX_M,工业生产指数,Industrial production index,2015-07,M,index (2021=100),SCA,level,96.4,Eurostat,sts_inpr_m,sts_inpr_m.M.PRD.B-D.SCA.I21,Industrial production index,https://ec.europa.eu/eurostat/databrowser/view/sts_inpr_m/default/table,2026-08-13T11:00:00+0200,final,2026-08-13 18:04:54,2026-08-13T11:00:00+0200
IT.INDUSTRIAL_PRODUCTION_INDEX_M.EUROSTAT,IT,IT,ITA,意大利,Italy,INDUSTRIAL_PRODUCTION_INDEX_M,工业生产指数,Industrial production index,2015-08,M,index (2021=100),SCA,level,94.0,Eurostat,sts_inpr_m,sts_inpr_m.M.PRD.B-D.SCA.I21,Industrial production index,https://ec.europa.eu/eurostat/databrowser/view/sts_inpr_m/default/table,2026-08-13T11:00:00+0200,final,2026-08-13 18:04:54,2026-08-13T11:00:00+0200
IT.INDUSTRIAL_PRODUCTION_INDEX_M.EUROSTAT,IT,IT,ITA,意大利,Italy,INDUSTRIAL_PRODUCTION_INDEX_M,工业生产指数,Industrial production index,2015-09,M,index (2021=100),SCA,level,95.1,Eurostat,sts_inpr_m,sts_inpr_m.M.PRD.B-D.SCA.I21,Industrial production index,https://ec.europa.eu/eurostat/databrowser/view/sts_inpr_m/default/table,2026-08-13T11:00:00+0200,final,2026-08-13 18:04:54,2026-08-13T11:00:00+0200
IT.INDUSTRIAL_PRODUCTION_INDEX_M.EUROSTAT,IT,IT,ITA,意大利,Italy,INDUSTRIAL_PRODUCTION_INDEX_M,工业生产指数,Industrial production index,2015-10,M,index (2021=100),SCA,level,95.2,Eurostat,sts_inpr_m,sts_inpr_m.M.PRD.B-D.SCA.I21,Industrial production index,https://ec.europa.eu/eurostat/databrowser/view/sts_inpr_m/default/table,2026-08-13T11:00:00+0200,final,2026-08-13 18:04:54,2026-08-13T11:00:00+0200
IT.INDUSTRIAL_PRODUCTION_INDEX_M.EUROSTAT,IT,IT,ITA,意大利,Italy,INDUSTRIAL_PRODUCTION_INDEX_M,工业生产指数,Industrial production index,2015-11,M,index (2021=100),SCA,level,95.9,Eurostat,sts_inpr_m,sts_inpr_m.M.PRD.B-D.SCA.I21,Industrial production index,https://ec.europa.eu/eurostat/databrowser/view/sts_inpr_m/default/table,2026-08-13T11:00:00+0200,final,2026-08-13 18:04:54,2026-08-13T11:00:00+0200
IT.INDUSTRIAL_PRODUCTION_INDEX_M.EUROSTAT,IT,IT,ITA,意大利,Italy,INDUSTRIAL_PRODUCTION_INDEX_M,工业生产指数,Industrial production index,2015-12,M,index (2021=100),SCA,level,94.1,Eurostat,sts_inpr_m,sts_inpr_m.M.PRD.B-D.SCA.I21,Industrial production index,https://ec.europa.eu/eurostat/databrowser/view/sts_inpr_m/default/table,2026-08-13T11:00:00+0200,final,2026-08-13 18:04:54,2026-08-13T11:00:00+0200
IT.INDUSTRIAL_PRODUCTION_INDEX_M.EUROSTAT,IT,IT,ITA,意大利,Italy,INDUSTRIAL_PRODUCTION_INDEX_M,工业生产指数,Industrial production index,2016-01,M,index (2021=100),SCA,level,96.9,Eurostat,sts_inpr_m,sts_inpr_m.M.PRD.B-D.SCA.I21,Industrial production index,https://ec.europa.eu/eurostat/databrowser/view/sts_inpr_m/default/table,2026-08-13T11:00:00+0200,final,2026-08-13 18:04:54,2026-08-13T11:00:00+0200
IT.INDUSTRIAL_PRODUCTION_INDEX_M.EUROSTAT,IT,IT,ITA,意大利,Italy,INDUSTRIAL_PRODUCTION_INDEX_M,工业生产指数,Industrial production index,2016-02,M,index (2021=100),SCA,level,95.6,Eurostat,sts_inpr_m,sts_inpr_m.M.PRD.B-D.SCA.I21,Industrial production index,https://ec.europa.eu/eurostat/databrowser/view/sts_inpr_m/default/table,2026-08-13T11:00:00+0200,final,2026-08-13 18:04:54,2026-08-13T11:00:00+0200
IT.INDUSTRIAL_PRODUCTION_INDEX_M.EUROSTAT,IT,IT,ITA,意大利,Italy,INDUSTRIAL_PRODUCTION_INDEX_M,工业生产指数,Industrial production index,2016-03,M,index (2021=100),SCA,level,95.7,Eurostat,sts_inpr_m,sts_inpr_m.M.PRD.B-D.SCA.I21,Industrial production index,https://ec.europa.eu/eurostat/databrowser/view/sts_inpr_m/default/table,2026-08-13T11:00:00+0200,final,2026-08-13 18:04:54,2026-08-13T11:00:00+0200
IT.INDUSTRIAL_PRODUCTION_INDEX_M.EUROSTAT,IT,IT,ITA,意大利,Italy,INDUSTRIAL_PRODUCTION_INDEX_M,工业生产指数,Industrial production index,2016-04,M,index (2021=100),SCA,level,97.3,Eurostat,sts_inpr_m,sts_inpr_m.M.PRD.B-D.SCA.I21,Industrial production index,https://ec.europa.eu/eurostat/databrowser/view/sts_inpr_m/default/table,2026-08-13T11:00:00+0200,final,2026-08-13 18:04:54,2026-08-13T11:00:00+0200
IT.INDUSTRIAL_PRODUCTION_INDEX_M.EUROSTAT,IT,IT,ITA,意大利,Italy,INDUSTRIAL_PRODUCTION_INDEX_M,工业生产指数,Industrial production index,2016-05,M,index (2021=100),SCA,level,95.7,Eurostat,sts_inpr_m,sts_inpr_m.M.PRD.B-D.SCA.I21,Industrial production index,https://ec.europa.eu/eurostat/databrowser/view/sts_inpr_m/default/table,2026-08-13T11:00:00+0200,final,2026-08-13 18:04:54,2026-08-13T11:00:00+0200
IT.INDUSTRIAL_PRODUCTION_INDEX_M.EUROSTAT,IT,IT,ITA,意大利,Italy,INDUSTRIAL_PRODUCTION_INDEX_M,工业生产指数,Industrial production index,2016-06,M,index (2021=100),SCA,level,94.6,Eurostat,sts_inpr_m,sts_inpr_m.M.PRD.B-D.SCA.I21,Industrial production index,https://ec.europa.eu/eurostat/databrowser/view/sts_inpr_m/default/table,2026-08-13T11:00:00+0200,final,2026-08-13 18:04:54,2026-08-13T11:00:00+0200
IT.INDUSTRIAL_PRODUCTION_INDEX_M.EUROSTAT,IT,IT,ITA,意大利,Italy,INDUSTRIAL_PRODUCTION_INDEX_M,工业生产指数,Industrial production index,2016-07,M,index (2021=100),SCA,level,96.6,Eurostat,sts_inpr_m,sts_inpr_m.M.PRD.B-D.SCA.I21,Industrial production index,https://ec.europa.eu/eurostat/databrowser/view/sts_inpr_m/default/table,2026-08-13T11:00:00+0200,final,2026-08-13 18:04:54,2026-08-13T11:00:00+0200
IT.INDUSTRIAL_PRODUCTION_INDEX_M.EUROSTAT,IT,IT,ITA,意大利,Italy,INDUSTRIAL_PRODUCTION_INDEX_M,工业生产指数,Industrial production index,2016-08,M,index (2021=100),SCA,level,97.3,Eurostat,sts_inpr_m,sts_inpr_m.M.PRD.B-D.SCA.I21,Industrial production index,https://ec.europa.eu/eurostat/databrowser/view/sts_inpr_m/default/table,2026-08-13T11:00:00+0200,final,2026-08-13 18:04:54,2026-08-13T11:00:00+0200
IT.INDUSTRIAL_PRODUCTION_INDEX_M.EUROSTAT,IT,IT,ITA,意大利,Italy,INDUSTRIAL_PRODUCTION_INDEX_M,工业生产指数,Industrial production index,2016-09,M,index (2021=100),SCA,level,97.1,Eurostat,sts_inpr_m,sts_inpr_m.M.PRD.B-D.SCA.I21,Industrial production index,https://ec.europa.eu/eurostat/databrowser/view/sts_inpr_m/default/table,2026-08-13T11:00:00+0200,final,2026-08-13 18:04:54,2026-08-13T11:00:00+0200
IT.INDUSTRIAL_PRODUCTION_INDEX_M.EUROSTAT,IT,IT,ITA,意大利,Italy,INDUSTRIAL_PRODUCTION_INDEX_M,工业生产指数,Industrial production index,2016-10,M,index (2021=100),SCA,level,97.6,Eurostat,sts_inpr_m,sts_inpr_m.M.PRD.B-D.SCA.I21,Industrial production index,https://ec.europa.eu/eurostat/databrowser/view/sts_inpr_m/default/table,2026-08-13T11:00:00+0200,final,2026-08-13 18:04:54,2026-08-13T11:00:00+0200
IT.INDUSTRIAL_PRODUCTION_INDEX_M.EUROSTAT,IT,IT,ITA,意大利,Italy,INDUSTRIAL_PRODUCTION_INDEX_M,工业生产指数,Industrial production index,2016-11,M,index (2021=100),SCA,level,98.5,Eurostat,sts_inpr_m,sts_inpr_m.M.PRD.B-D.SCA.I21,Industrial production index,https://ec.europa.eu/eurostat/databrowser/view/sts_inpr_m/default/table,2026-08-13T11:00:00+0200,final,2026-08-13 18:04:54,2026-08-13T11:00:00+0200
IT.INDUSTRIAL_PRODUCTION_INDEX_M.EUROSTAT,IT,IT,ITA,意大利,Italy,INDUSTRIAL_PRODUCTION_INDEX_M,工业生产指数,Industrial production index,2016-12,M,index (2021=100),SCA,level,100.2,Eurostat,sts_inpr_m,sts_inpr_m.M.PRD.B-D.SCA.I21,Industrial production index,https://ec.europa.eu/eurostat/databrowser/view/sts_inpr_m/default/table,2026-08-13T11:00:00+0200,final,2026-08-13 18:04:54,2026-08-13T11:00:00+0200
IT.INDUSTRIAL_PRODUCTION_INDEX_M.EUROSTAT,IT,IT,ITA,意大利,Italy,INDUSTRIAL_PRODUCTION_INDEX_M,工业生产指数,Industrial production index,2017-01,M,index (2021=100),SCA,level,97.2,Eurostat,sts_inpr_m,sts_inpr_m.M.PRD.B-D.SCA.I21,Industrial production index,https://ec.europa.eu/eurostat/databrowser/view/sts_inpr_m/default/table,2026-08-13T11:00:00+0200,final,2026-08-13 18:04:54,2026-08-13T11:00:00+0200
IT.INDUSTRIAL_PRODUCTION_INDEX_M.EUROSTAT,IT,IT,ITA,意大利,Italy,INDUSTRIAL_PRODUCTION_INDEX_M,工业生产指数,Industrial production index,2017-02,M,index (2021=100),SCA,level,98.1,Eurostat,sts_inpr_m,sts_inpr_m.M.PRD.B-D.SCA.I21,Industrial production index,https://ec.europa.eu/eurostat/databrowser/view/sts_inpr_m/default/table,2026-08-13T11:00:00+0200,final,2026-08-13 18:04:54,2026-08-13T11:00:00+0200
IT.INDUSTRIAL_PRODUCTION_INDEX_M.EUROSTAT,IT,IT,ITA,意大利,Italy,INDUSTRIAL_PRODUCTION_INDEX_M,工业生产指数,Industrial production index,2017-03,M,index (2021=100),SCA,level,99.0,Eurostat,sts_inpr_m,sts_inpr_m.M.PRD.B-D.SCA.I21,Industrial production index,https://ec.europa.eu/eurostat/databrowser/view/sts_inpr_m/default/table,2026-08-13T11:00:00+0200,final,2026-08-13 18:04:54,2026-08-13T11:00:00+0200
IT.INDUSTRIAL_PRODUCTION_INDEX_M.EUROSTAT,IT,IT,ITA,意大利,Italy,INDUSTRIAL_PRODUCTION_INDEX_M,工业生产指数,Industrial production index,2017-04,M,index (2021=100),SCA,level,98.6,Eurostat,sts_inpr_m,sts_inpr_m.M.PRD.B-D.SCA.I21,Industrial production index,https://ec.europa.eu/eurostat/databrowser/view/sts_inpr_m/default/table,2026-08-13T11:00:00+0200,final,2026-08-13 18:04:54,2026-08-13T11:00:00+0200
IT.INDUSTRIAL_PRODUCTION_INDEX_M.EUROSTAT,IT,IT,ITA,意大利,Italy,INDUSTRIAL_PRODUCTION_INDEX_M,工业生产指数,Industrial production index,2017-05,M,index (2021=100),SCA,level,99.4,Eurostat,sts_inpr_m,sts_inpr_m.M.PRD.B-D.SCA.I21,Industrial production index,https://ec.europa.eu/eurostat/databrowser/view/sts_inpr_m/default/table,2026-08-13T11:00:00+0200,final,2026-08-13 18:04:54,2026-08-13T11:00:00+0200
IT.INDUSTRIAL_PRODUCTION_INDEX_M.EUROSTAT,IT,IT,ITA,意大利,Italy,INDUSTRIAL_PRODUCTION_INDEX_M,工业生产指数,Industrial production index,2017-06,M,index (2021=100),SCA,level,100.7,Eurostat,sts_inpr_m,sts_inpr_m.M.PRD.B-D.SCA.I21,Industrial production index,https://ec.europa.eu/eurostat/databrowser/view/sts_inpr_m/default/table,2026-08-13T11:00:00+0200,final,2026-08-13 18:04:54,2026-08-13T11:00:00+0200
IT.INDUSTRIAL_PRODUCTION_INDEX_M.EUROSTAT,IT,IT,ITA,意大利,Italy,INDUSTRIAL_PRODUCTION_INDEX_M,工业生产指数,Industrial production index,2017-07,M,index (2021=100),SCA,level,101.4,Eurostat,sts_inpr_m,sts_inpr_m.M.PRD.B-D.SCA.I21,Industrial production index,https://ec.europa.eu/eurostat/databrowser/view/sts_inpr_m/default/table,2026-08-13T11:00:00+0200,final,2026-08-13 18:04:54,2026-08-13T11:00:00+0200
IT.INDUSTRIAL_PRODUCTION_INDEX_M.EUROSTAT,IT,IT,ITA,意大利,Italy,INDUSTRIAL_PRODUCTION_INDEX_M,工业生产指数,Industrial production index,2017-08,M,index (2021=100),SCA,level,103.3,Eurostat,sts_inpr_m,sts_inpr_m.M.PRD.B-D.SCA.I21,Industrial production index,https://ec.europa.eu/eurostat/databrowser/view/sts_inpr_m/default/table,2026-08-13T11:00:00+0200,final,2026-08-13 18:04:54,2026-08-13T11:00:00+0200
IT.INDUSTRIAL_PRODUCTION_INDEX_M.EUROSTAT,IT,IT,ITA,意大利,Italy,INDUSTRIAL_PRODUCTION_INDEX_M,工业生产指数,Industrial production index,2017-09,M,index (2021=100),SCA,level,100.2,Eurostat,sts_inpr_m,sts_inpr_m.M.PRD.B-D.SCA.I21,Industrial production index,https://ec.europa.eu/eurostat/databrowser/view/sts_inpr_m/default/table,2026-08-13T11:00:00+0200,final,2026-08-13 18:04:54,2026-08-13T11:00:00+0200
IT.INDUSTRIAL_PRODUCTION_INDEX_M.EUROSTAT,IT,IT,ITA,意大利,Italy,INDUSTRIAL_PRODUCTION_INDEX_M,工业生产指数,Industrial production index,2017-10,M,index (2021=100),SCA,level,100.7,Eurostat,sts_inpr_m,sts_inpr_m.M.PRD.B-D.SCA.I21,Industrial production index,https://ec.europa.eu/eurostat/databrowser/view/sts_inpr_m/default/table,2026-08-13T11:00:00+0200,final,2026-08-13 18:04:54,2026-08-13T11:00:00+0200
IT.INDUSTRIAL_PRODUCTION_INDEX_M.EUROSTAT,IT,IT,ITA,意大利,Italy,INDUSTRIAL_PRODUCTION_INDEX_M,工业生产指数,Industrial production index,2017-11,M,index (2021=100),SCA,level,102.3,Eurostat,sts_inpr_m,sts_inpr_m.M.PRD.B-D.SCA.I21,Industrial production index,https://ec.europa.eu/eurostat/databrowser/view/sts_inpr_m/default/table,2026-08-13T11:00:00+0200,final,2026-08-13 18:04:54,2026-08-13T11:00:00+0200
IT.INDUSTRIAL_PRODUCTION_INDEX_M.EUROSTAT,IT,IT,ITA,意大利,Italy,INDUSTRIAL_PRODUCTION_INDEX_M,工业生产指数,Industrial production index,2017-12,M,index (2021=100),SCA,level,105.6,Eurostat,sts_inpr_m,sts_inpr_m.M.PRD.B-D.SCA.I21,Industrial production index,https://ec.europa.eu/eurostat/databrowser/view/sts_inpr_m/default/table,2026-08-13T11:00:00+0200,final,2026-08-13 18:04:54,2026-08-13T11:00:00+0200
IT.INDUSTRIAL_PRODUCTION_INDEX_M.EUROSTAT,IT,IT,ITA,意大利,Italy,INDUSTRIAL_PRODUCTION_INDEX_M,工业生产指数,Industrial production index,2018-01,M,index (2021=100),SCA,level,101.4,Eurostat,sts_inpr_m,sts_inpr_m.M.PRD.B-D.SCA.I21,Industrial production index,https://ec.europa.eu/eurostat/databrowser/view/sts_inpr_m/default/table,2026-08-13T11:00:00+0200,final,2026-08-13 18:04:54,2026-08-13T11:00:00+0200
IT.INDUSTRIAL_PRODUCTION_INDEX_M.EUROSTAT,IT,IT,ITA,意大利,Italy,INDUSTRIAL_PRODUCTION_INDEX_M,工业生产指数,Industrial production index,2018-02,M,index (2021=100),SCA,level,100.9,Eurostat,sts_inpr_m,sts_inpr_m.M.PRD.B-D.SCA.I21,Industrial production index,https://ec.europa.eu/eurostat/databrowser/view/sts_inpr_m/default/table,2026-08-13T11:00:00+0200,final,2026-08-13 18:04:54,2026-08-13T11:00:00+0200
IT.INDUSTRIAL_PRODUCTION_INDEX_M.EUROSTAT,IT,IT,ITA,意大利,Italy,INDUSTRIAL_PRODUCTION_INDEX_M,工业生产指数,Industrial production index,2018-03,M,index (2021=100),SCA,level,102.4,Eurostat,sts_inpr_m,sts_inpr_m.M.PRD.B-D.SCA.I21,Industrial production index,https://ec.europa.eu/eurostat/databrowser/view/sts_inpr_m/default/table,2026-08-13T11:00:00+0200,final,2026-08-13 18:04:54,2026-08-13T11:00:00+0200
IT.INDUSTRIAL_PRODUCTION_INDEX_M.EUROSTAT,IT,IT,ITA,意大利,Italy,INDUSTRIAL_PRODUCTION_INDEX_M,工业生产指数,Industrial production index,2018-04,M,index (2021=100),SCA,level,100.8,Eurostat,sts_inpr_m,sts_inpr_m.M.PRD.B-D.SCA.I21,Industrial production index,https://ec.europa.eu/eurostat/databrowser/view/sts_inpr_m/default/table,2026-08-13T11:00:00+0200,final,2026-08-13 18:04:54,2026-08-13T11:00:00+0200
IT.INDUSTRIAL_PRODUCTION_INDEX_M.EUROSTAT,IT,IT,ITA,意大利,Italy,INDUSTRIAL_PRODUCTION_INDEX_M,工业生产指数,Industrial production index,2018-05,M,index (2021=100),SCA,level,101.7,Eurostat,sts_inpr_m,sts_inpr_m.M.PRD.B-D.SCA.I21,Industrial production index,https://ec.europa.eu/eurostat/databrowser/view/sts_inpr_m/default/table,2026-08-13T11:00:00+0200,final,2026-08-13 18:04:54,2026-08-13T11:00:00+0200
IT.INDUSTRIAL_PRODUCTION_INDEX_M.EUROSTAT,IT,IT,ITA,意大利,Italy,INDUSTRIAL_PRODUCTION_INDEX_M,工业生产指数,Industrial production index,2018-06,M,index (2021=100),SCA,level,102.2,Eurostat,sts_inpr_m,sts_inpr_m.M.PRD.B-D.SCA.I21,Industrial production index,https://ec.europa.eu/eurostat/databrowser/view/sts_inpr_m/default/table,2026-08-13T11:00:00+0200,final,2026-08-13 18:04:54,2026-08-13T11:00:00+0200
IT.INDUSTRIAL_PRODUCTION_INDEX_M.EUROSTAT,IT,IT,ITA,意大利,Italy,INDUSTRIAL_PRODUCTION_INDEX_M,工业生产指数,Industrial production index,2018-07,M,index (2021=100),SCA,level,101.1,Eurostat,sts_inpr_m,sts_inpr_m.M.PRD.B-D.SCA.I21,Industrial production index,https://ec.europa.eu/eurostat/databrowser/view/sts_inpr_m/default/table,2026-08-13T11:00:00+0200,final,2026-08-13 18:04:54,2026-08-13T11:00:00+0200
IT.INDUSTRIAL_PRODUCTION_INDEX_M.EUROSTAT,IT,IT,ITA,意大利,Italy,INDUSTRIAL_PRODUCTION_INDEX_M,工业生产指数,Industrial production index,2018-08,M,index (2021=100),SCA,level,102.0,Eurostat,sts_inpr_m,sts_inpr_m.M.PRD.B-D.SCA.I21,Industrial production index,https://ec.europa.eu/eurostat/databrowser/view/sts_inpr_m/default/table,2026-08-13T11:00:00+0200,final,2026-08-13 18:04:54,2026-08-13T11:00:00+0200
IT.INDUSTRIAL_PRODUCTION_INDEX_M.EUROSTAT,IT,IT,ITA,意大利,Italy,INDUSTRIAL_PRODUCTION_INDEX_M,工业生产指数,Industrial production index,2018-09,M,index (2021=100),SCA,level,102.1,Eurostat,sts_inpr_m,sts_inpr_m.M.PRD.B-D.SCA.I21,Industrial production index,https://ec.europa.eu/eurostat/databrowser/view/sts_inpr_m/default/table,2026-08-13T11:00:00+0200,final,2026-08-13 18:04:54,2026-08-13T11:00:00+0200
IT.INDUSTRIAL_PRODUCTION_INDEX_M.EUROSTAT,IT,IT,ITA,意大利,Italy,INDUSTRIAL_PRODUCTION_INDEX_M,工业生产指数,Industrial production index,2018-10,M,index (2021=100),SCA,level,101.8,Eurostat,sts_inpr_m,sts_inpr_m.M.PRD.B-D.SCA.I21,Industrial production index,https://ec.europa.eu/eurostat/databrowser/view/sts_inpr_m/default/table,2026-08-13T11:00:00+0200,final,2026-08-13 18:04:54,2026-08-13T11:00:00+0200
IT.INDUSTRIAL_PRODUCTION_INDEX_M.EUROSTAT,IT,IT,ITA,意大利,Italy,INDUSTRIAL_PRODUCTION_INDEX_M,工业生产指数,Industrial production index,2018-11,M,index (2021=100),SCA,level,100.0,Eurostat,sts_inpr_m,sts_inpr_m.M.PRD.B-D.SCA.I21,Industrial production index,https://ec.europa.eu/eurostat/databrowser/view/sts_inpr_m/default/table,2026-08-13T11:00:00+0200,final,2026-08-13 18:04:54,2026-08-13T11:00:00+0200
IT.INDUSTRIAL_PRODUCTION_INDEX_M.EUROSTAT,IT,IT,ITA,意大利,Italy,INDUSTRIAL_PRODUCTION_INDEX_M,工业生产指数,Industrial production index,2018-12,M,index (2021=100),SCA,level,100.5,Eurostat,sts_inpr_m,sts_inpr_m.M.PRD.B-D.SCA.I21,Industrial production index,https://ec.europa.eu/eurostat/databrowser/view/sts_inpr_m/default/table,2026-08-13T11:00:00+0200,final,2026-08-13 18:04:54,2026-08-13T11:00:00+0200
IT.INDUSTRIAL_PRODUCTION_INDEX_M.EUROSTAT,IT,IT,ITA,意大利,Italy,INDUSTRIAL_PRODUCTION_INDEX_M,工业生产指数,Industrial production index,2019-01,M,index (2021=100),SCA,level,100.9,Eurostat,sts_inpr_m,sts_inpr_m.M.PRD.B-D.SCA.I21,Industrial production index,https://ec.europa.eu/eurostat/databrowser/view/sts_inpr_m/default/table,2026-08-13T11:00:00+0200,final,2026-08-13 18:04:54,2026-08-13T11:00:00+0200
IT.INDUSTRIAL_PRODUCTION_INDEX_M.EUROSTAT,IT,IT,ITA,意大利,Italy,INDUSTRIAL_PRODUCTION_INDEX_M,工业生产指数,Industrial production index,2019-02,M,index (2021=100),SCA,level,101.5,Eurostat,sts_inpr_m,sts_inpr_m.M.PRD.B-D.SCA.I21,Industrial production index,https://ec.europa.eu/eurostat/databrowser/view/sts_inpr_m/default/table,2026-08-13T11:00:00+0200,final,2026-08-13 18:04:54,2026-08-13T11:00:00+0200
IT.INDUSTRIAL_PRODUCTION_INDEX_M.EUROSTAT,IT,IT,ITA,意大利,Italy,INDUSTRIAL_PRODUCTION_INDEX_M,工业生产指数,Industrial production index,2019-03,M,index (2021=100),SCA,level,100.6,Eurostat,sts_inpr_m,sts_inpr_m.M.PRD.B-D.SCA.I21,Industrial production index,https://ec.europa.eu/eurostat/databrowser/view/sts_inpr_m/default/table,2026-08-13T11:00:00+0200,final,2026-08-13 18:04:54,2026-08-13T11:00:00+0200
IT.INDUSTRIAL_PRODUCTION_INDEX_M.EUROSTAT,IT,IT,ITA,意大利,Italy,INDUSTRIAL_PRODUCTION_INDEX_M,工业生产指数,Industrial production index,2019-04,M,index (2021=100),SCA,level,99.2,Eurostat,sts_inpr_m,sts_inpr_m.M.PRD.B-D.SCA.I21,Industrial production index,https://ec.europa.eu/eurostat/databrowser/view/sts_inpr_m/default/table,2026-08-13T11:00:00+0200,final,2026-08-13 18:04:54,2026-08-13T11:00:00+0200
IT.INDUSTRIAL_PRODUCTION_INDEX_M.EUROSTAT,IT,IT,ITA,意大利,Italy,INDUSTRIAL_PRODUCTION_INDEX_M,工业生产指数,Industrial production index,2019-05,M,index (2021=100),SCA,level,101.4,Eurostat,sts_inpr_m,sts_inpr_m.M.PRD.B-D.SCA.I21,Industrial production index,https://ec.europa.eu/eurostat/databrowser/view/sts_inpr_m/default/table,2026-08-13T11:00:00+0200,final,2026-08-13 18:04:54,2026-08-13T11:00:00+0200
IT.INDUSTRIAL_PRODUCTION_INDEX_M.EUROSTAT,IT,IT,ITA,意大利,Italy,INDUSTRIAL_PRODUCTION_INDEX_M,工业生产指数,Industrial production index,2019-06,M,index (2021=100),SCA,level,101.1,Eurostat,sts_inpr_m,sts_inpr_m.M.PRD.B-D.SCA.I21,Industrial production index,https://ec.europa.eu/eurostat/databrowser/view/sts_inpr_m/default/table,2026-08-13T11:00:00+0200,final,2026-08-13 18:04:54,2026-08-13T11:00:00+0200
IT.INDUSTRIAL_PRODUCTION_INDEX_M.EUROSTAT,IT,IT,ITA,意大利,Italy,INDUSTRIAL_PRODUCTION_INDEX_M,工业生产指数,Industrial production index,2019-07,M,index (2021=100),SCA,level,101.2,Eurostat,sts_inpr_m,sts_inpr_m.M.PRD.B-D.SCA.I21,Industrial production index,https://ec.europa.eu/eurostat/databrowser/view/sts_inpr_m/default/table,2026-08-13T11:00:00+0200,final,2026-08-13 18:04:54,2026-08-13T11:00:00+0200
IT.INDUSTRIAL_PRODUCTION_INDEX_M.EUROSTAT,IT,IT,ITA,意大利,Italy,INDUSTRIAL_PRODUCTION_INDEX_M,工业生产指数,Industrial production index,2019-08,M,index (2021=100),SCA,level,100.4,Eurostat,sts_inpr_m,sts_inpr_m.M.PRD.B-D.SCA.I21,Industrial production index,https://ec.europa.eu/eurostat/databrowser/view/sts_inpr_m/default/table,2026-08-13T11:00:00+0200,final,2026-08-13 18:04:54,2026-08-13T11:00:00+0200
IT.INDUSTRIAL_PRODUCTION_INDEX_M.EUROSTAT,IT,IT,ITA,意大利,Italy,INDUSTRIAL_PRODUCTION_INDEX_M,工业生产指数,Industrial production index,2019-09,M,index (2021=100),SCA,level,100.0,Eurostat,sts_inpr_m,sts_inpr_m.M.PRD.B-D.SCA.I21,Industrial production index,https://ec.europa.eu/eurostat/databrowser/view/sts_inpr_m/default/table,2026-08-13T11:00:00+0200,final,2026-08-13 18:04:54,2026-08-13T11:00:00+0200
IT.INDUSTRIAL_PRODUCTION_INDEX_M.EUROSTAT,IT,IT,ITA,意大利,Italy,INDUSTRIAL_PRODUCTION_INDEX_M,工业生产指数,Industrial production index,2019-10,M,index (2021=100),SCA,level,99.4,Eurostat,sts_inpr_m,sts_inpr_m.M.PRD.B-D.SCA.I21,Industrial production index,https://ec.europa.eu/eurostat/databrowser/view/sts_inpr_m/default/table,2026-08-13T11:00:00+0200,final,2026-08-13 18:04:54,2026-08-13T11:00:00+0200
IT.INDUSTRIAL_PRODUCTION_INDEX_M.EUROSTAT,IT,IT,ITA,意大利,Italy,INDUSTRIAL_PRODUCTION_INDEX_M,工业生产指数,Industrial production index,2019-11,M,index (2021=100),SCA,level,99.6,Eurostat,sts_inpr_m,sts_inpr_m.M.PRD.B-D.SCA.I21,Industrial production index,https://ec.europa.eu/eurostat/databrowser/view/sts_inpr_m/default/table,2026-08-13T11:00:00+0200,final,2026-08-13 18:04:54,2026-08-13T11:00:00+0200
IT.INDUSTRIAL_PRODUCTION_INDEX_M.EUROSTAT,IT,IT,ITA,意大利,Italy,INDUSTRIAL_PRODUCTION_INDEX_M,工业生产指数,Industrial production index,2019-12,M,index (2021=100),SCA,level,97.0,Eurostat,sts_inpr_m,sts_inpr_m.M.PRD.B-D.SCA.I21,Industrial production index,https://ec.europa.eu/eurostat/databrowser/view/sts_inpr_m/default/table,2026-08-13T11:00:00+0200,final,2026-08-13 18:04:54,2026-08-13T11:00:00+0200
IT.INDUSTRIAL_PRODUCTION_INDEX_M.EUROSTAT,IT,IT,ITA,意大利,Italy,INDUSTRIAL_PRODUCTION_INDEX_M,工业生产指数,Industrial production index,2020-01,M,index (2021=100),SCA,level,100.1,Eurostat,sts_inpr_m,sts_inpr_m.M.PRD.B-D.SCA.I21,Industrial production index,https://ec.europa.eu/eurostat/databrowser/view/sts_inpr_m/default/table,2026-08-13T11:00:00+0200,final,2026-08-13 18:04:54,2026-08-13T11:00:00+0200
IT.INDUSTRIAL_PRODUCTION_INDEX_M.EUROSTAT,IT,IT,ITA,意大利,Italy,INDUSTRIAL_PRODUCTION_INDEX_M,工业生产指数,Industrial production index,2020-02,M,index (2021=100),SCA,level,98.3,Eurostat,sts_inpr_m,sts_inpr_m.M.PRD.B-D.SCA.I21,Industrial production index,https://ec.europa.eu/eurostat/databrowser/view/sts_inpr_m/default/table,2026-08-13T11:00:00+0200,final,2026-08-13 18:04:54,2026-08-13T11:00:00+0200
IT.INDUSTRIAL_PRODUCTION_INDEX_M.EUROSTAT,IT,IT,ITA,意大利,Italy,INDUSTRIAL_PRODUCTION_INDEX_M,工业生产指数,Industrial production index,2020-03,M,index (2021=100),SCA,level,70.7,Eurostat,sts_inpr_m,sts_inpr_m.M.PRD.B-D.SCA.I21,Industrial production index,https://ec.europa.eu/eurostat/databrowser/view/sts_inpr_m/default/table,2026-08-13T11:00:00+0200,final,2026-08-13 18:04:54,2026-08-13T11:00:00+0200
IT.INDUSTRIAL_PRODUCTION_INDEX_M.EUROSTAT,IT,IT,ITA,意大利,Italy,INDUSTRIAL_PRODUCTION_INDEX_M,工业生产指数,Industrial production index,2020-04,M,index (2021=100),SCA,level,55.6,Eurostat,sts_inpr_m,sts_inpr_m.M.PRD.B-D.SCA.I21,Industrial production index,https://ec.europa.eu/eurostat/databrowser/view/sts_inpr_m/default/table,2026-08-13T11:00:00+0200,final,2026-08-13 18:04:54,2026-08-13T11:00:00+0200
IT.INDUSTRIAL_PRODUCTION_INDEX_M.EUROSTAT,IT,IT,ITA,意大利,Italy,INDUSTRIAL_PRODUCTION_INDEX_M,工业生产指数,Industrial production index,2020-05,M,index (2021=100),SCA,level,80.5,Eurostat,sts_inpr_m,sts_inpr_m.M.PRD.B-D.SCA.I21,Industrial production index,https://ec.europa.eu/eurostat/databrowser/view/sts_inpr_m/default/table,2026-08-13T11:00:00+0200,final,2026-08-13 18:04:54,2026-08-13T11:00:00+0200
IT.INDUSTRIAL_PRODUCTION_INDEX_M.EUROSTAT,IT,IT,ITA,意大利,Italy,INDUSTRIAL_PRODUCTION_INDEX_M,工业生产指数,Industrial production index,2020-06,M,index (2021=100),SCA,level,87.2,Eurostat,sts_inpr_m,sts_inpr_m.M.PRD.B-D.SCA.I21,Industrial production index,https://ec.europa.eu/eurostat/databrowser/view/sts_inpr_m/default/table,2026-08-13T11:00:00+0200,final,2026-08-13 18:04:54,2026-08-13T11:00:00+0200
IT.INDUSTRIAL_PRODUCTION_INDEX_M.EUROSTAT,IT,IT,ITA,意大利,Italy,INDUSTRIAL_PRODUCTION_INDEX_M,工业生产指数,Industrial production index,2020-07,M,index (2021=100),SCA,level,93.3,Eurostat,sts_inpr_m,sts_inpr_m.M.PRD.B-D.SCA.I21,Industrial production index,https://ec.europa.eu/eurostat/databrowser/view/sts_inpr_m/default/table,2026-08-13T11:00:00+0200,final,2026-08-13 18:04:54,2026-08-13T11:00:00+0200
IT.INDUSTRIAL_PRODUCTION_INDEX_M.EUROSTAT,IT,IT,ITA,意大利,Italy,INDUSTRIAL_PRODUCTION_INDEX_M,工业生产指数,Industrial production index,2020-08,M,index (2021=100),SCA,level,99.7,Eurostat,sts_inpr_m,sts_inpr_m.M.PRD.B-D.SCA.I21,Industrial production index,https://ec.europa.eu/eurostat/databrowser/view/sts_inpr_m/default/table,2026-08-13T11:00:00+0200,final,2026-08-13 18:04:54,2026-08-13T11:00:00+0200
IT.INDUSTRIAL_PRODUCTION_INDEX_M.EUROSTAT,IT,IT,ITA,意大利,Italy,INDUSTRIAL_PRODUCTION_INDEX_M,工业生产指数,Industrial production index,2020-09,M,index (2021=100),SCA,level,95.5,Eurostat,sts_inpr_m,sts_inpr_m.M.PRD.B-D.SCA.I21,Industrial production index,https://ec.europa.eu/eurostat/databrowser/view/sts_inpr_m/default/table,2026-08-13T11:00:00+0200,final,2026-08-13 18:04:54,2026-08-13T11:00:00+0200
IT.INDUSTRIAL_PRODUCTION_INDEX_M.EUROSTAT,IT,IT,ITA,意大利,Italy,INDUSTRIAL_PRODUCTION_INDEX_M,工业生产指数,Industrial production index,2020-10,M,index (2021=100),SCA,level,97.6,Eurostat,sts_inpr_m,sts_inpr_m.M.PRD.B-D.SCA.I21,Industrial production index,https://ec.europa.eu/eurostat/databrowser/view/sts_inpr_m/default/table,2026-08-13T11:00:00+0200,final,2026-08-13 18:04:54,2026-08-13T11:00:00+0200
IT.INDUSTRIAL_PRODUCTION_INDEX_M.EUROSTAT,IT,IT,ITA,意大利,Italy,INDUSTRIAL_PRODUCTION_INDEX_M,工业生产指数,Industrial production index,2020-11,M,index (2021=100),SCA,level,95.6,Eurostat,sts_inpr_m,sts_inpr_m.M.PRD.B-D.SCA.I21,Industrial production index,https://ec.europa.eu/eurostat/databrowser/view/sts_inpr_m/default/table,2026-08-13T11:00:00+0200,final,2026-08-13 18:04:54,2026-08-13T11:00:00+0200
IT.INDUSTRIAL_PRODUCTION_INDEX_M.EUROSTAT,IT,IT,ITA,意大利,Italy,INDUSTRIAL_PRODUCTION_INDEX_M,工业生产指数,Industrial production index,2020-12,M,index (2021=100),SCA,level,95.8,Eurostat,sts_inpr_m,sts_inpr_m.M.PRD.B-D.SCA.I21,Industrial production index,https://ec.europa.eu/eurostat/databrowser/view/sts_inpr_m/default/table,2026-08-13T11:00:00+0200,final,2026-08-13 18:04:54,2026-08-13T11:00:00+0200
IT.INDUSTRIAL_PRODUCTION_INDEX_M.EUROSTAT,IT,IT,ITA,意大利,Italy,INDUSTRIAL_PRODUCTION_INDEX_M,工业生产指数,Industrial production index,2021-01,M,index (2021=100),SCA,level,98.3,Eurostat,sts_inpr_m,sts_inpr_m.M.PRD.B-D.SCA.I21,Industrial production index,https://ec.europa.eu/eurostat/databrowser/view/sts_inpr_m/default/table,2026-08-13T11:00:00+0200,final,2026-08-13 18:04:54,2026-08-13T11:00:00+0200
IT.INDUSTRIAL_PRODUCTION_INDEX_M.EUROSTAT,IT,IT,ITA,意大利,Italy,INDUSTRIAL_PRODUCTION_INDEX_M,工业生产指数,Industrial production index,2021-02,M,index (2021=100),SCA,level,97.8,Eurostat,sts_inpr_m,sts_inpr_m.M.PRD.B-D.SCA.I21,Industrial production index,https://ec.europa.eu/eurostat/databrowser/view/sts_inpr_m/default/table,2026-08-13T11:00:00+0200,final,2026-08-13 18:04:54,2026-08-13T11:00:00+0200
IT.INDUSTRIAL_PRODUCTION_INDEX_M.EUROSTAT,IT,IT,ITA,意大利,Italy,INDUSTRIAL_PRODUCTION_INDEX_M,工业生产指数,Industrial production index,2021-03,M,index (2021=100),SCA,level,98.2,Eurostat,sts_inpr_m,sts_inpr_m.M.PRD.B-D.SCA.I21,Industrial production index,https://ec.europa.eu/eurostat/databrowser/view/sts_inpr_m/default/table,2026-08-13T11:00:00+0200,final,2026-08-13 18:04:54,2026-08-13T11:00:00+0200
IT.INDUSTRIAL_PRODUCTION_INDEX_M.EUROSTAT,IT,IT,ITA,意大利,Italy,INDUSTRIAL_PRODUCTION_INDEX_M,工业生产指数,Industrial production index,2021-04,M,index (2021=100),SCA,level,99.7,Eurostat,sts_inpr_m,sts_inpr_m.M.PRD.B-D.SCA.I21,Industrial production index,https://ec.europa.eu/eurostat/databrowser/view/sts_inpr_m/default/table,2026-08-13T11:00:00+0200,final,2026-08-13 18:04:54,2026-08-13T11:00:00+0200
IT.INDUSTRIAL_PRODUCTION_INDEX_M.EUROSTAT,IT,IT,ITA,意大利,Italy,INDUSTRIAL_PRODUCTION_INDEX_M,工业生产指数,Industrial production index,2021-05,M,index (2021=100),SCA,level,98.2,Eurostat,sts_inpr_m,sts_inpr_m.M.PRD.B-D.SCA.I21,Industrial production index,https://ec.europa.eu/eurostat/databrowser/view/sts_inpr_m/default/table,2026-08-13T11:00:00+0200,final,2026-08-13 18:04:54,2026-08-13T11:00:00+0200
IT.INDUSTRIAL_PRODUCTION_INDEX_M.EUROSTAT,IT,IT,ITA,意大利,Italy,INDUSTRIAL_PRODUCTION_INDEX_M,工业生产指数,Industrial production index,2021-06,M,index (2021=100),SCA,level,99.9,Eurostat,sts_inpr_m,sts_inpr_m.M.PRD.B-D.SCA.I21,Industrial production index,https://ec.europa.eu/eurostat/databrowser/view/sts_inpr_m/default/table,2026-08-13T11:00:00+0200,final,2026-08-13 18:04:54,2026-08-13T11:00:00+0200
IT.INDUSTRIAL_PRODUCTION_INDEX_M.EUROSTAT,IT,IT,ITA,意大利,Italy,INDUSTRIAL_PRODUCTION_INDEX_M,工业生产指数,Industrial production index,2021-07,M,index (2021=100),SCA,level,100.8,Eurostat,sts_inpr_m,sts_inpr_m.M.PRD.B-D.SCA.I21,Industrial production index,https://ec.europa.eu/eurostat/databrowser/view/sts_inpr_m/default/table,2026-08-13T11:00:00+0200,final,2026-08-13 18:04:54,2026-08-13T11:00:00+0200
IT.INDUSTRIAL_PRODUCTION_INDEX_M.EUROSTAT,IT,IT,ITA,意大利,Italy,INDUSTRIAL_PRODUCTION_INDEX_M,工业生产指数,Industrial production index,2021-08,M,index (2021=100),SCA,level,99.5,Eurostat,sts_inpr_m,sts_inpr_m.M.PRD.B-D.SCA.I21,Industrial production index,https://ec.europa.eu/eurostat/databrowser/view/sts_inpr_m/default/table,2026-08-13T11:00:00+0200,final,2026-08-13 18:04:54,2026-08-13T11:00:00+0200
IT.INDUSTRIAL_PRODUCTION_INDEX_M.EUROSTAT,IT,IT,ITA,意大利,Italy,INDUSTRIAL_PRODUCTION_INDEX_M,工业生产指数,Industrial production index,2021-09,M,index (2021=100),SCA,level,100.3,Eurostat,sts_inpr_m,sts_inpr_m.M.PRD.B-D.SCA.I21,Industrial production index,https://ec.europa.eu/eurostat/databrowser/view/sts_inpr_m/default/table,2026-08-13T11:00:00+0200,final,2026-08-13 18:04:54,2026-08-13T11:00:00+0200
IT.INDUSTRIAL_PRODUCTION_INDEX_M.EUROSTAT,IT,IT,ITA,意大利,Italy,INDUSTRIAL_PRODUCTION_INDEX_M,工业生产指数,Industrial production index,2021-10,M,index (2021=100),SCA,level,100.1,Eurostat,sts_inpr_m,sts_inpr_m.M.PRD.B-D.SCA.I21,Industrial production index,https://ec.europa.eu/eurostat/databrowser/view/sts_inpr_m/default/table,2026-08-13T11:00:00+0200,final,2026-08-13 18:04:54,2026-08-13T11:00:00+0200
IT.INDUSTRIAL_PRODUCTION_INDEX_M.EUROSTAT,IT,IT,ITA,意大利,Italy,INDUSTRIAL_PRODUCTION_INDEX_M,工业生产指数,Industrial production index,2021-11,M,index (2021=100),SCA,level,102.2,Eurostat,sts_inpr_m,sts_inpr_m.M.PRD.B-D.SCA.I21,Industrial production index,https://ec.europa.eu/eurostat/databrowser/view/sts_inpr_m/default/table,2026-08-13T11:00:00+0200,final,2026-08-13 18:04:54,2026-08-13T11:00:00+0200
IT.INDUSTRIAL_PRODUCTION_INDEX_M.EUROSTAT,IT,IT,ITA,意大利,Italy,INDUSTRIAL_PRODUCTION_INDEX_M,工业生产指数,Industrial production index,2021-12,M,index (2021=100),SCA,level,100.6,Eurostat,sts_inpr_m,sts_inpr_m.M.PRD.B-D.SCA.I21,Industrial production index,https://ec.europa.eu/eurostat/databrowser/view/sts_inpr_m/default/table,2026-08-13T11:00:00+0200,final,2026-08-13 18:04:54,2026-08-13T11:00:00+0200
IT.INDUSTRIAL_PRODUCTION_INDEX_M.EUROSTAT,IT,IT,ITA,意大利,Italy,INDUSTRIAL_PRODUCTION_INDEX_M,工业生产指数,Industrial production index,2022-01,M,index (2021=100),SCA,level,95.8,Eurostat,sts_inpr_m,sts_inpr_m.M.PRD.B-D.SCA.I21,Industrial production index,https://ec.europa.eu/eurostat/databrowser/view/sts_inpr_m/default/table,2026-08-13T11:00:00+0200,final,2026-08-13 18:04:54,2026-08-13T11:00:00+0200
IT.INDUSTRIAL_PRODUCTION_INDEX_M.EUROSTAT,IT,IT,ITA,意大利,Italy,INDUSTRIAL_PRODUCTION_INDEX_M,工业生产指数,Industrial production index,2022-02,M,index (2021=100),SCA,level,101.1,Eurostat,sts_inpr_m,sts_inpr_m.M.PRD.B-D.SCA.I21,Industrial production index,https://ec.europa.eu/eurostat/databrowser/view/sts_inpr_m/default/table,2026-08-13T11:00:00+0200,final,2026-08-13 18:04:54,2026-08-13T11:00:00+0200
IT.INDUSTRIAL_PRODUCTION_INDEX_M.EUROSTAT,IT,IT,ITA,意大利,Italy,INDUSTRIAL_PRODUCTION_INDEX_M,工业生产指数,Industrial production index,2022-03,M,index (2021=100),SCA,level,101.4,Eurostat,sts_inpr_m,sts_inpr_m.M.PRD.B-D.SCA.I21,Industrial production index,https://ec.europa.eu/eurostat/databrowser/view/sts_inpr_m/default/table,2026-08-13T11:00:00+0200,final,2026-08-13 18:04:54,2026-08-13T11:00:00+0200
IT.INDUSTRIAL_PRODUCTION_INDEX_M.EUROSTAT,IT,IT,ITA,意大利,Italy,INDUSTRIAL_PRODUCTION_INDEX_M,工业生产指数,Industrial production index,2022-04,M,index (2021=100),SCA,level,103.5,Eurostat,sts_inpr_m,sts_inpr_m.M.PRD.B-D.SCA.I21,Industrial production index,https://ec.europa.eu/eurostat/databrowser/view/sts_inpr_m/default/table,2026-08-13T11:00:00+0200,final,2026-08-13 18:04:54,2026-08-13T11:00:00+0200
IT.INDUSTRIAL_PRODUCTION_INDEX_M.EUROSTAT,IT,IT,ITA,意大利,Italy,INDUSTRIAL_PRODUCTION_INDEX_M,工业生产指数,Industrial production index,2022-05,M,index (2021=100),SCA,level,101.3,Eurostat,sts_inpr_m,sts_inpr_m.M.PRD.B-D.SCA.I21,Industrial production index,https://ec.europa.eu/eurostat/databrowser/view/sts_inpr_m/default/table,2026-08-13T11:00:00+0200,final,2026-08-13 18:04:54,2026-08-13T11:00:00+0200
IT.INDUSTRIAL_PRODUCTION_INDEX_M.EUROSTAT,IT,IT,ITA,意大利,Italy,INDUSTRIAL_PRODUCTION_INDEX_M,工业生产指数,Industrial production index,2022-06,M,index (2021=100),SCA,level,99.1,Eurostat,sts_inpr_m,sts_inpr_m.M.PRD.B-D.SCA.I21,Industrial production index,https://ec.europa.eu/eurostat/databrowser/view/sts_inpr_m/default/table,2026-08-13T11:00:00+0200,final,2026-08-13 18:04:54,2026-08-13T11:00:00+0200
IT.INDUSTRIAL_PRODUCTION_INDEX_M.EUROSTAT,IT,IT,ITA,意大利,Italy,INDUSTRIAL_PRODUCTION_INDEX_M,工业生产指数,Industrial production index,2022-07,M,index (2021=100),SCA,level,99.6,Eurostat,sts_inpr_m,sts_inpr_m.M.PRD.B-D.SCA.I21,Industrial production index,https://ec.europa.eu/eurostat/databrowser/view/sts_inpr_m/default/table,2026-08-13T11:00:00+0200,final,2026-08-13 18:04:54,2026-08-13T11:00:00+0200
IT.INDUSTRIAL_PRODUCTION_INDEX_M.EUROSTAT,IT,IT,ITA,意大利,Italy,INDUSTRIAL_PRODUCTION_INDEX_M,工业生产指数,Industrial production index,2022-08,M,index (2021=100),SCA,level,102.4,Eurostat,sts_inpr_m,sts_inpr_m.M.PRD.B-D.SCA.I21,Industrial production index,https://ec.europa.eu/eurostat/databrowser/view/sts_inpr_m/default/table,2026-08-13T11:00:00+0200,final,2026-08-13 18:04:54,2026-08-13T11:00:00+0200
IT.INDUSTRIAL_PRODUCTION_INDEX_M.EUROSTAT,IT,IT,ITA,意大利,Italy,INDUSTRIAL_PRODUCTION_INDEX_M,工业生产指数,Industrial production index,2022-09,M,index (2021=100),SCA,level,99.7,Eurostat,sts_inpr_m,sts_inpr_m.M.PRD.B-D.SCA.I21,Industrial production index,https://ec.europa.eu/eurostat/databrowser/view/sts_inpr_m/default/table,2026-08-13T11:00:00+0200,final,2026-08-13 18:04:54,2026-08-13T11:00:00+0200
IT.INDUSTRIAL_PRODUCTION_INDEX_M.EUROSTAT,IT,IT,ITA,意大利,Italy,INDUSTRIAL_PRODUCTION_INDEX_M,工业生产指数,Industrial production index,2022-10,M,index (2021=100),SCA,level,98.5,Eurostat,sts_inpr_m,sts_inpr_m.M.PRD.B-D.SCA.I21,Industrial production index,https://ec.europa.eu/eurostat/databrowser/view/sts_inpr_m/default/table,2026-08-13T11:00:00+0200,final,2026-08-13 18:04:54,2026-08-13T11:00:00+0200
IT.INDUSTRIAL_PRODUCTION_INDEX_M.EUROSTAT,IT,IT,ITA,意大利,Italy,INDUSTRIAL_PRODUCTION_INDEX_M,工业生产指数,Industrial production index,2022-11,M,index (2021=100),SCA,level,98.3,Eurostat,sts_inpr_m,sts_inpr_m.M.PRD.B-D.SCA.I21,Industrial production index,https://ec.europa.eu/eurostat/databrowser/view/sts_inpr_m/default/table,2026-08-13T11:00:00+0200,final,2026-08-13 18:04:54,2026-08-13T11:00:00+0200
IT.INDUSTRIAL_PRODUCTION_INDEX_M.EUROSTAT,IT,IT,ITA,意大利,Italy,INDUSTRIAL_PRODUCTION_INDEX_M,工业生产指数,Industrial production index,2022-12,M,index (2021=100),SCA,level,99.6,Eurostat,sts_inpr_m,sts_inpr_m.M.PRD.B-D.SCA.I21,Industrial production index,https://ec.europa.eu/eurostat/databrowser/view/sts_inpr_m/default/table,2026-08-13T11:00:00+0200,final,2026-08-13 18:04:54,2026-08-13T11:00:00+0200
IT.INDUSTRIAL_PRODUCTION_INDEX_M.EUROSTAT,IT,IT,ITA,意大利,Italy,INDUSTRIAL_PRODUCTION_INDEX_M,工业生产指数,Industrial production index,2023-01,M,index (2021=100),SCA,level,98.5,Eurostat,sts_inpr_m,sts_inpr_m.M.PRD.B-D.SCA.I21,Industrial production index,https://ec.europa.eu/eurostat/databrowser/view/sts_inpr_m/default/table,2026-08-13T11:00:00+0200,final,2026-08-13 18:04:54,2026-08-13T11:00:00+0200
IT.INDUSTRIAL_PRODUCTION_INDEX_M.EUROSTAT,IT,IT,ITA,意大利,Italy,INDUSTRIAL_PRODUCTION_INDEX_M,工业生产指数,Industrial production index,2023-02,M,index (2021=100),SCA,level,99.4,Eurostat,sts_inpr_m,sts_inpr_m.M.PRD.B-D.SCA.I21,Industrial production index,https://ec.europa.eu/eurostat/databrowser/view/sts_inpr_m/default/table,2026-08-13T11:00:00+0200,final,2026-08-13 18:04:54,2026-08-13T11:00:00+0200
IT.INDUSTRIAL_PRODUCTION_INDEX_M.EUROSTAT,IT,IT,ITA,意大利,Italy,INDUSTRIAL_PRODUCTION_INDEX_M,工业生产指数,Industrial production index,2023-03,M,index (2021=100),SCA,level,98.7,Eurostat,sts_inpr_m,sts_inpr_m.M.PRD.B-D.SCA.I21,Industrial production index,https://ec.europa.eu/eurostat/databrowser/view/sts_inpr_m/default/table,2026-08-13T11:00:00+0200,final,2026-08-13 18:04:54,2026-08-13T11:00:00+0200
IT.INDUSTRIAL_PRODUCTION_INDEX_M.EUROSTAT,IT,IT,ITA,意大利,Italy,INDUSTRIAL_PRODUCTION_INDEX_M,工业生产指数,Industrial production index,2023-04,M,index (2021=100),SCA,level,96.7,Eurostat,sts_inpr_m,sts_inpr_m.M.PRD.B-D.SCA.I21,Industrial production index,https://ec.europa.eu/eurostat/databrowser/view/sts_inpr_m/default/table,2026-08-13T11:00:00+0200,final,2026-08-13 18:04:54,2026-08-13T11:00:00+0200
IT.INDUSTRIAL_PRODUCTION_INDEX_M.EUROSTAT,IT,IT,ITA,意大利,Italy,INDUSTRIAL_PRODUCTION_INDEX_M,工业生产指数,Industrial production index,2023-05,M,index (2021=100),SCA,level,98.1,Eurostat,sts_inpr_m,sts_inpr_m.M.PRD.B-D.SCA.I21,Industrial production index,https://ec.europa.eu/eurostat/databrowser/view/sts_inpr_m/default/table,2026-08-13T11:00:00+0200,final,2026-08-13 18:04:54,2026-08-13T11:00:00+0200
IT.INDUSTRIAL_PRODUCTION_INDEX_M.EUROSTAT,IT,IT,ITA,意大利,Italy,INDUSTRIAL_PRODUCTION_INDEX_M,工业生产指数,Industrial production index,2023-06,M,index (2021=100),SCA,level,98.3,Eurostat,sts_inpr_m,sts_inpr_m.M.PRD.B-D.SCA.I21,Industrial production index,https://ec.europa.eu/eurostat/databrowser/view/sts_inpr_m/default/table,2026-08-13T11:00:00+0200,final,2026-08-13 18:04:54,2026-08-13T11:00:00+0200
IT.INDUSTRIAL_PRODUCTION_INDEX_M.EUROSTAT,IT,IT,ITA,意大利,Italy,INDUSTRIAL_PRODUCTION_INDEX_M,工业生产指数,Industrial production index,2023-07,M,index (2021=100),SCA,level,97.5,Eurostat,sts_inpr_m,sts_inpr_m.M.PRD.B-D.SCA.I21,Industrial production index,https://ec.europa.eu/eurostat/databrowser/view/sts_inpr_m/default/table,2026-08-13T11:00:00+0200,final,2026-08-13 18:04:54,2026-08-13T11:00:00+0200
IT.INDUSTRIAL_PRODUCTION_INDEX_M.EUROSTAT,IT,IT,ITA,意大利,Italy,INDUSTRIAL_PRODUCTION_INDEX_M,工业生产指数,Industrial production index,2023-08,M,index (2021=100),SCA,level,98.2,Eurostat,sts_inpr_m,sts_inpr_m.M.PRD.B-D.SCA.I21,Industrial production index,https://ec.europa.eu/eurostat/databrowser/view/sts_inpr_m/default/table,2026-08-13T11:00:00+0200,final,2026-08-13 18:04:54,2026-08-13T11:00:00+0200
IT.INDUSTRIAL_PRODUCTION_INDEX_M.EUROSTAT,IT,IT,ITA,意大利,Italy,INDUSTRIAL_PRODUCTION_INDEX_M,工业生产指数,Industrial production index,2023-09,M,index (2021=100),SCA,level,97.8,Eurostat,sts_inpr_m,sts_inpr_m.M.PRD.B-D.SCA.I21,Industrial production index,https://ec.europa.eu/eurostat/databrowser/view/sts_inpr_m/default/table,2026-08-13T11:00:00+0200,final,2026-08-13 18:04:54,2026-08-13T11:00:00+0200
IT.INDUSTRIAL_PRODUCTION_INDEX_M.EUROSTAT,IT,IT,ITA,意大利,Italy,INDUSTRIAL_PRODUCTION_INDEX_M,工业生产指数,Industrial production index,2023-10,M,index (2021=100),SCA,level,97.8,Eurostat,sts_inpr_m,sts_inpr_m.M.PRD.B-D.SCA.I21,Industrial production index,https://ec.europa.eu/eurostat/databrowser/view/sts_inpr_m/default/table,2026-08-13T11:00:00+0200,final,2026-08-13 18:04:54,2026-08-13T11:00:00+0200
IT.INDUSTRIAL_PRODUCTION_INDEX_M.EUROSTAT,IT,IT,ITA,意大利,Italy,INDUSTRIAL_PRODUCTION_INDEX_M,工业生产指数,Industrial production index,2023-11,M,index (2021=100),SCA,level,95.8,Eurostat,sts_inpr_m,sts_inpr_m.M.PRD.B-D.SCA.I21,Industrial production index,https://ec.europa.eu/eurostat/databrowser/view/sts_inpr_m/default/table,2026-08-13T11:00:00+0200,final,2026-08-13 18:04:54,2026-08-13T11:00:00+0200
IT.INDUSTRIAL_PRODUCTION_INDEX_M.EUROSTAT,IT,IT,ITA,意大利,Italy,INDUSTRIAL_PRODUCTION_INDEX_M,工业生产指数,Industrial production index,2023-12,M,index (2021=100),SCA,level,98.1,Eurostat,sts_inpr_m,sts_inpr_m.M.PRD.B-D.SCA.I21,Industrial production index,https://ec.europa.eu/eurostat/databrowser/view/sts_inpr_m/default/table,2026-08-13T11:00:00+0200,final,2026-08-13 18:04:54,2026-08-13T11:00:00+0200
IT.INDUSTRIAL_PRODUCTION_INDEX_M.EUROSTAT,IT,IT,ITA,意大利,Italy,INDUSTRIAL_PRODUCTION_INDEX_M,工业生产指数,Industrial production index,2024-01,M,index (2021=100),SCA,level,95.0,Eurostat,sts_inpr_m,sts_inpr_m.M.PRD.B-D.SCA.I21,Industrial production index,https://ec.europa.eu/eurostat/databrowser/view/sts_inpr_m/default/table,2026-08-13T11:00:00+0200,final,2026-08-13 18:04:54,2026-08-13T11:00:00+0200
IT.INDUSTRIAL_PRODUCTION_INDEX_M.EUROSTAT,IT,IT,ITA,意大利,Italy,INDUSTRIAL_PRODUCTION_INDEX_M,工业生产指数,Industrial production index,2024-02,M,index (2021=100),SCA,level,96.0,Eurostat,sts_inpr_m,sts_inpr_m.M.PRD.B-D.SCA.I21,Industrial production index,https://ec.europa.eu/eurostat/databrowser/view/sts_inpr_m/default/table,2026-08-13T11:00:00+0200,final,2026-08-13 18:04:54,2026-08-13T11:00:00+0200
IT.INDUSTRIAL_PRODUCTION_INDEX_M.EUROSTAT,IT,IT,ITA,意大利,Italy,INDUSTRIAL_PRODUCTION_INDEX_M,工业生产指数,Industrial production index,2024-03,M,index (2021=100),SCA,level,95.2,Eurostat,sts_inpr_m,sts_inpr_m.M.PRD.B-D.SCA.I21,Industrial production index,https://ec.europa.eu/eurostat/databrowser/view/sts_inpr_m/default/table,2026-08-13T11:00:00+0200,final,2026-08-13 18:04:54,2026-08-13T11:00:00+0200
IT.INDUSTRIAL_PRODUCTION_INDEX_M.EUROSTAT,IT,IT,ITA,意大利,Italy,INDUSTRIAL_PRODUCTION_INDEX_M,工业生产指数,Industrial production index,2024-04,M,index (2021=100),SCA,level,94.1,Eurostat,sts_inpr_m,sts_inpr_m.M.PRD.B-D.SCA.I21,Industrial production index,https://ec.europa.eu/eurostat/databrowser/view/sts_inpr_m/default/table,2026-08-13T11:00:00+0200,final,2026-08-13 18:04:54,2026-08-13T11:00:00+0200
IT.INDUSTRIAL_PRODUCTION_INDEX_M.EUROSTAT,IT,IT,ITA,意大利,Italy,INDUSTRIAL_PRODUCTION_INDEX_M,工业生产指数,Industrial production index,2024-05,M,index (2021=100),SCA,level,94.2,Eurostat,sts_inpr_m,sts_inpr_m.M.PRD.B-D.SCA.I21,Industrial production index,https://ec.europa.eu/eurostat/databrowser/view/sts_inpr_m/default/table,2026-08-13T11:00:00+0200,final,2026-08-13 18:04:54,2026-08-13T11:00:00+0200
IT.INDUSTRIAL_PRODUCTION_INDEX_M.EUROSTAT,IT,IT,ITA,意大利,Italy,INDUSTRIAL_PRODUCTION_INDEX_M,工业生产指数,Industrial production index,2024-06,M,index (2021=100),SCA,level,94.6,Eurostat,sts_inpr_m,sts_inpr_m.M.PRD.B-D.SCA.I21,Industrial production index,https://ec.europa.eu/eurostat/databrowser/view/sts_inpr_m/default/table,2026-08-13T11:00:00+0200,final,2026-08-13 18:04:54,2026-08-13T11:00:00+0200
IT.INDUSTRIAL_PRODUCTION_INDEX_M.EUROSTAT,IT,IT,ITA,意大利,Italy,INDUSTRIAL_PRODUCTION_INDEX_M,工业生产指数,Industrial production index,2024-07,M,index (2021=100),SCA,level,93.3,Eurostat,sts_inpr_m,sts_inpr_m.M.PRD.B-D.SCA.I21,Industrial production index,https://ec.europa.eu/eurostat/databrowser/view/sts_inpr_m/default/table,2026-08-13T11:00:00+0200,final,2026-08-13 18:04:54,2026-08-13T11:00:00+0200
IT.INDUSTRIAL_PRODUCTION_INDEX_M.EUROSTAT,IT,IT,ITA,意大利,Italy,INDUSTRIAL_PRODUCTION_INDEX_M,工业生产指数,Industrial production index,2024-08,M,index (2021=100),SCA,level,94.0,Eurostat,sts_inpr_m,sts_inpr_m.M.PRD.B-D.SCA.I21,Industrial production index,https://ec.europa.eu/eurostat/databrowser/view/sts_inpr_m/default/table,2026-08-13T11:00:00+0200,final,2026-08-13 18:04:54,2026-08-13T11:00:00+0200
IT.INDUSTRIAL_PRODUCTION_INDEX_M.EUROSTAT,IT,IT,ITA,意大利,Italy,INDUSTRIAL_PRODUCTION_INDEX_M,工业生产指数,Industrial production index,2024-09,M,index (2021=100),SCA,level,93.0,Eurostat,sts_inpr_m,sts_inpr_m.M.PRD.B-D.SCA.I21,Industrial production index,https://ec.europa.eu/eurostat/databrowser/view/sts_inpr_m/default/table,2026-08-13T11:00:00+0200,final,2026-08-13 18:04:54,2026-08-13T11:00:00+0200
IT.INDUSTRIAL_PRODUCTION_INDEX_M.EUROSTAT,IT,IT,ITA,意大利,Italy,INDUSTRIAL_PRODUCTION_INDEX_M,工业生产指数,Industrial production index,2024-10,M,index (2021=100),SCA,level,93.6,Eurostat,sts_inpr_m,sts_inpr_m.M.PRD.B-D.SCA.I21,Industrial production index,https://ec.europa.eu/eurostat/databrowser/view/sts_inpr_m/default/table,2026-08-13T11:00:00+0200,final,2026-08-13 18:04:54,2026-08-13T11:00:00+0200
IT.INDUSTRIAL_PRODUCTION_INDEX_M.EUROSTAT,IT,IT,ITA,意大利,Italy,INDUSTRIAL_PRODUCTION_INDEX_M,工业生产指数,Industrial production index,2024-11,M,index (2021=100),SCA,level,93.8,Eurostat,sts_inpr_m,sts_inpr_m.M.PRD.B-D.SCA.I21,Industrial production index,https://ec.europa.eu/eurostat/databrowser/view/sts_inpr_m/default/table,2026-08-13T11:00:00+0200,final,2026-08-13 18:04:54,2026-08-13T11:00:00+0200
IT.INDUSTRIAL_PRODUCTION_INDEX_M.EUROSTAT,IT,IT,ITA,意大利,Italy,INDUSTRIAL_PRODUCTION_INDEX_M,工业生产指数,Industrial production index,2024-12,M,index (2021=100),SCA,level,91.5,Eurostat,sts_inpr_m,sts_inpr_m.M.PRD.B-D.SCA.I21,Industrial production index,https://ec.europa.eu/eurostat/databrowser/view/sts_inpr_m/default/table,2026-08-13T11:00:00+0200,final,2026-08-13 18:04:54,2026-08-13T11:00:00+0200
IT.INDUSTRIAL_PRODUCTION_INDEX_M.EUROSTAT,IT,IT,ITA,意大利,Italy,INDUSTRIAL_PRODUCTION_INDEX_M,工业生产指数,Industrial production index,2025-01,M,index (2021=100),SCA,level,94.0,Eurostat,sts_inpr_m,sts_inpr_m.M.PRD.B-D.SCA.I21,Industrial production index,https://ec.europa.eu/eurostat/databrowser/view/sts_inpr_m/default/table,2026-08-13T11:00:00+0200,final,2026-08-13 18:04:54,2026-08-13T11:00:00+0200
IT.INDUSTRIAL_PRODUCTION_INDEX_M.EUROSTAT,IT,IT,ITA,意大利,Italy,INDUSTRIAL_PRODUCTION_INDEX_M,工业生产指数,Industrial production index,2025-02,M,index (2021=100),SCA,level,93.2,Eurostat,sts_inpr_m,sts_inpr_m.M.PRD.B-D.SCA.I21,Industrial production index,https://ec.europa.eu/eurostat/databrowser/view/sts_inpr_m/default/table,2026-08-13T11:00:00+0200,final,2026-08-13 18:04:54,2026-08-13T11:00:00+0200
IT.INDUSTRIAL_PRODUCTION_INDEX_M.EUROSTAT,IT,IT,ITA,意大利,Italy,INDUSTRIAL_PRODUCTION_INDEX_M,工业生产指数,Industrial production index,2025-03,M,index (2021=100),SCA,level,93.1,Eurostat,sts_inpr_m,sts_inpr_m.M.PRD.B-D.SCA.I21,Industrial production index,https://ec.europa.eu/eurostat/databrowser/view/sts_inpr_m/default/table,2026-08-13T11:00:00+0200,final,2026-08-13 18:04:54,2026-08-13T11:00:00+0200
IT.INDUSTRIAL_PRODUCTION_INDEX_M.EUROSTAT,IT,IT,ITA,意大利,Italy,INDUSTRIAL_PRODUCTION_INDEX_M,工业生产指数,Industrial production index,2025-04,M,index (2021=100),SCA,level,93.8,Eurostat,sts_inpr_m,sts_inpr_m.M.PRD.B-D.SCA.I21,Industrial production index,https://ec.europa.eu/eurostat/databrowser/view/sts_inpr_m/default/table,2026-08-13T11:00:00+0200,final,2026-08-13 18:04:54,2026-08-13T11:00:00+0200
IT.INDUSTRIAL_PRODUCTION_INDEX_M.EUROSTAT,IT,IT,ITA,意大利,Italy,INDUSTRIAL_PRODUCTION_INDEX_M,工业生产指数,Industrial production index,2025-05,M,index (2021=100),SCA,level,93.4,Eurostat,sts_inpr_m,sts_inpr_m.M.PRD.B-D.SCA.I21,Industrial production index,https://ec.europa.eu/eurostat/databrowser/view/sts_inpr_m/default/table,2026-08-13T11:00:00+0200,final,2026-08-13 18:04:54,2026-08-13T11:00:00+0200
IT.INDUSTRIAL_PRODUCTION_INDEX_M.EUROSTAT,IT,IT,ITA,意大利,Italy,INDUSTRIAL_PRODUCTION_INDEX_M,工业生产指数,Industrial production index,2025-06,M,index (2021=100),SCA,level,94.0,Eurostat,sts_inpr_m,sts_inpr_m.M.PRD.B-D.SCA.I21,Industrial production index,https://ec.europa.eu/eurostat/databrowser/view/sts_inpr_m/default/table,2026-08-13T11:00:00+0200,final,2026-08-13 18:04:54,2026-08-13T11:00:00+0200
IT.INDUSTRIAL_PRODUCTION_INDEX_M.EUROSTAT,IT,IT,ITA,意大利,Italy,INDUSTRIAL_PRODUCTION_INDEX_M,工业生产指数,Industrial production index,2025-07,M,index (2021=100),SCA,level,94.4,Eurostat,sts_inpr_m,sts_inpr_m.M.PRD.B-D.SCA.I21,Industrial production index,https://ec.europa.eu/eurostat/databrowser/view/sts_inpr_m/default/table,2026-08-13T11:00:00+0200,final,2026-08-13 18:04:54,2026-08-13T11:00:00+0200
IT.INDUSTRIAL_PRODUCTION_INDEX_M.EUROSTAT,IT,IT,ITA,意大利,Italy,INDUSTRIAL_PRODUCTION_INDEX_M,工业生产指数,Industrial production index,2025-08,M,index (2021=100),SCA,level,92.3,Eurostat,sts_inpr_m,sts_inpr_m.M.PRD.B-D.SCA.I21,Industrial production index,https://ec.europa.eu/eurostat/databrowser/view/sts_inpr_m/default/table,2026-08-13T11:00:00+0200,final,2026-08-13 18:04:54,2026-08-13T11:00:00+0200
IT.INDUSTRIAL_PRODUCTION_INDEX_M.EUROSTAT,IT,IT,ITA,意大利,Italy,INDUSTRIAL_PRODUCTION_INDEX_M,工业生产指数,Industrial production index,2025-09,M,index (2021=100),SCA,level,94.4,Eurostat,sts_inpr_m,sts_inpr_m.M.PRD.B-D.SCA.I21,Industrial production index,https://ec.europa.eu/eurostat/databrowser/view/sts_inpr_m/default/table,2026-08-13T11:00:00+0200,final,2026-08-13 18:04:54,2026-08-13T11:00:00+0200
IT.INDUSTRIAL_PRODUCTION_INDEX_M.EUROSTAT,IT,IT,ITA,意大利,Italy,INDUSTRIAL_PRODUCTION_INDEX_M,工业生产指数,Industrial production index,2025-10,M,index (2021=100),SCA,level,93.5,Eurostat,sts_inpr_m,sts_inpr_m.M.PRD.B-D.SCA.I21,Industrial production index,https://ec.europa.eu/eurostat/databrowser/view/sts_inpr_m/default/table,2026-08-13T11:00:00+0200,final,2026-08-13 18:04:54,2026-08-13T11:00:00+0200
IT.INDUSTRIAL_PRODUCTION_INDEX_M.EUROSTAT,IT,IT,ITA,意大利,Italy,INDUSTRIAL_PRODUCTION_INDEX_M,工业生产指数,Industrial production index,2025-11,M,index (2021=100),SCA,level,94.7,Eurostat,sts_inpr_m,sts_inpr_m.M.PRD.B-D.SCA.I21,Industrial production index,https://ec.europa.eu/eurostat/databrowser/view/sts_inpr_m/default/table,2026-08-13T11:00:00+0200,final,2026-08-13 18:04:54,2026-08-13T11:00:00+0200
IT.INDUSTRIAL_PRODUCTION_INDEX_M.EUROSTAT,IT,IT,ITA,意大利,Italy,INDUSTRIAL_PRODUCTION_INDEX_M,工业生产指数,Industrial production index,2025-12,M,index (2021=100),SCA,level,94.2,Eurostat,sts_inpr_m,sts_inpr_m.M.PRD.B-D.SCA.I21,Industrial production index,https://ec.europa.eu/eurostat/databrowser/view/sts_inpr_m/default/table,2026-08-13T11:00:00+0200,final,2026-08-13 18:04:54,2026-08-13T11:00:00+0200
IT.INDUSTRIAL_PRODUCTION_INDEX_M.EUROSTAT,IT,IT,ITA,意大利,Italy,INDUSTRIAL_PRODUCTION_INDEX_M,工业生产指数,Industrial production index,2026-01,M,index (2021=100),SCA,level,93.5,Eurostat,sts_inpr_m,sts_inpr_m.M.PRD.B-D.SCA.I21,Industrial production index,https://ec.europa.eu/eurostat/databrowser/view/sts_inpr_m/default/table,2026-08-13T11:00:00+0200,final,2026-08-13 18:04:54,2026-08-13T11:00:00+0200
IT.INDUSTRIAL_PRODUCTION_INDEX_M.EUROSTAT,IT,IT,ITA,意大利,Italy,INDUSTRIAL_PRODUCTION_INDEX_M,工业生产指数,Industrial production index,2026-02,M,index (2021=100),SCA,level,93.7,Eurostat,sts_inpr_m,sts_inpr_m.M.PRD.B-D.SCA.I21,Industrial production index,https://ec.europa.eu/eurostat/databrowser/view/sts_inpr_m/default/table,2026-08-13T11:00:00+0200,final,2026-08-13 18:04:54,2026-08-13T11:00:00+0200
IT.INDUSTRIAL_PRODUCTION_INDEX_M.EUROSTAT,IT,IT,ITA,意大利,Italy,INDUSTRIAL_PRODUCTION_INDEX_M,工业生产指数,Industrial production index,2026-03,M,index (2021=100),SCA,level,94.3,Eurostat,sts_inpr_m,sts_inpr_m.M.PRD.B-D.SCA.I21,Industrial production index,https://ec.europa.eu/eurostat/databrowser/view/sts_inpr_m/default/table,2026-08-13T11:00:00+0200,final,2026-08-13 18:04:54,2026-08-13T11:00:00+0200
IT.INDUSTRIAL_PRODUCTION_INDEX_M.EUROSTAT,IT,IT,ITA,意大利,Italy,INDUSTRIAL_PRODUCTION_INDEX_M,工业生产指数,Industrial production index,2026-04,M,index (2021=100),SCA,level,94.7,Eurostat,sts_inpr_m,sts_inpr_m.M.PRD.B-D.SCA.I21,Industrial production index,https://ec.europa.eu/eurostat/databrowser/view/sts_inpr_m/default/table,2026-08-13T11:00:00+0200,final,2026-08-13 18:04:54,2026-08-13T11:00:00+0200
IT.INDUSTRIAL_PRODUCTION_INDEX_M.EUROSTAT,IT,IT,ITA,意大利,Italy,INDUSTRIAL_PRODUCTION_INDEX_M,工业生产指数,Industrial production index,2026-05,M,index (2021=100),SCA,level,94.4,Eurostat,sts_inpr_m,sts_inpr_m.M.PRD.B-D.SCA.I21,Industrial production index,https://ec.europa.eu/eurostat/databrowser/view/sts_inpr_m/default/table,2026-08-13T11:00:00+0200,final,2026-08-13 18:04:54,2026-08-13T11:00:00+0200
IT.INDUSTRIAL_PRODUCTION_INDEX_M.EUROSTAT,IT,IT,ITA,意大利,Italy,INDUSTRIAL_PRODUCTION_INDEX_M,工业生产指数,Industrial production index,2026-06,M,index (2021=100),SCA,level,93.5,Eurostat,sts_inpr_m,sts_inpr_m.M.PRD.B-D.SCA.I21,Industrial production index,https://ec.europa.eu/eurostat/databrowser/view/sts_inpr_m/default/table,2026-08-13T11:00:00+0200,final,2026-08-13 18:04:54,2026-08-13T11:00:00+0200
EA.GDP_REAL_GROWTH_YOY_Q.EUROSTAT,EA,EA,EA20,欧元区,Euro area,GDP_REAL_GROWTH_YOY_Q,季度实际GDP同比增速,Quarterly real GDP growth YoY,2015-Q1,Q,%,SCA,YoY,1.9,Eurostat,namq_10_gdp,namq_10_gdp.Q.CLV_PCH_SM.SCA.B1GQ,Quarterly real GDP growth YoY,https://ec.europa.eu/eurostat/databrowser/view/namq_10_gdp/default/table,2026-08-12T23:00:00+0200,final,2026-08-13 18:04:54,2026-08-12T23:00:00+0200
EA.GDP_REAL_GROWTH_YOY_Q.EUROSTAT,EA,EA,EA20,欧元区,Euro area,GDP_REAL_GROWTH_YOY_Q,季度实际GDP同比增速,Quarterly real GDP growth YoY,2015-Q2,Q,%,SCA,YoY,2.1,Eurostat,namq_10_gdp,namq_10_gdp.Q.CLV_PCH_SM.SCA.B1GQ,Quarterly real GDP growth YoY,https://ec.europa.eu/eurostat/databrowser/view/namq_10_gdp/default/table,2026-08-12T23:00:00+0200,final,2026-08-13 18:04:54,2026-08-12T23:00:00+0200
EA.GDP_REAL_GROWTH_YOY_Q.EUROSTAT,EA,EA,EA20,欧元区,Euro area,GDP_REAL_GROWTH_YOY_Q,季度实际GDP同比增速,Quarterly real GDP growth YoY,2015-Q3,Q,%,SCA,YoY,2.0,Eurostat,namq_10_gdp,namq_10_gdp.Q.CLV_PCH_SM.SCA.B1GQ,Quarterly real GDP growth YoY,https://ec.europa.eu/eurostat/databrowser/view/namq_10_gdp/default/table,2026-08-12T23:00:00+0200,final,2026-08-13 18:04:54,2026-08-12T23:00:00+0200
EA.GDP_REAL_GROWTH_YOY_Q.EUROSTAT,EA,EA,EA20,欧元区,Euro area,GDP_REAL_GROWTH_YOY_Q,季度实际GDP同比增速,Quarterly real GDP growth YoY,2015-Q4,Q,%,SCA,YoY,2.1,Eurostat,namq_10_gdp,namq_10_gdp.Q.CLV_PCH_SM.SCA.B1GQ,Quarterly real GDP growth YoY,https://ec.europa.eu/eurostat/databrowser/view/namq_10_gdp/default/table,2026-08-12T23:00:00+0200,final,2026-08-13 18:04:54,2026-08-12T23:00:00+0200
EA.GDP_REAL_GROWTH_YOY_Q.EUROSTAT,EA,EA,EA20,欧元区,Euro area,GDP_REAL_GROWTH_YOY_Q,季度实际GDP同比增速,Quarterly real GDP growth YoY,2016-Q1,Q,%,SCA,YoY,1.8,Eurostat,namq_10_gdp,namq_10_gdp.Q.CLV_PCH_SM.SCA.B1GQ,Quarterly real GDP growth YoY,https://ec.europa.eu/eurostat/databrowser/view/namq_10_gdp/default/table,2026-08-12T23:00:00+0200,final,2026-08-13 18:04:54,2026-08-12T23:00:00+0200
EA.GDP_REAL_GROWTH_YOY_Q.EUROSTAT,EA,EA,EA20,欧元区,Euro area,GDP_REAL_GROWTH_YOY_Q,季度实际GDP同比增速,Quarterly real GDP growth YoY,2016-Q2,Q,%,SCA,YoY,1.6,Eurostat,namq_10_gdp,namq_10_gdp.Q.CLV_PCH_SM.SCA.B1GQ,Quarterly real GDP growth YoY,https://ec.europa.eu/eurostat/databrowser/view/namq_10_gdp/default/table,2026-08-12T23:00:00+0200,final,2026-08-13 18:04:54,2026-08-12T23:00:00+0200
EA.GDP_REAL_GROWTH_YOY_Q.EUROSTAT,EA,EA,EA20,欧元区,Euro area,GDP_REAL_GROWTH_YOY_Q,季度实际GDP同比增速,Quarterly real GDP growth YoY,2016-Q3,Q,%,SCA,YoY,1.6,Eurostat,namq_10_gdp,namq_10_gdp.Q.CLV_PCH_SM.SCA.B1GQ,Quarterly real GDP growth YoY,https://ec.europa.eu/eurostat/databrowser/view/namq_10_gdp/default/table,2026-08-12T23:00:00+0200,final,2026-08-13 18:04:54,2026-08-12T23:00:00+0200
EA.GDP_REAL_GROWTH_YOY_Q.EUROSTAT,EA,EA,EA20,欧元区,Euro area,GDP_REAL_GROWTH_YOY_Q,季度实际GDP同比增速,Quarterly real GDP growth YoY,2016-Q4,Q,%,SCA,YoY,2.0,Eurostat,namq_10_gdp,namq_10_gdp.Q.CLV_PCH_SM.SCA.B1GQ,Quarterly real GDP growth YoY,https://ec.europa.eu/eurostat/databrowser/view/namq_10_gdp/default/table,2026-08-12T23:00:00+0200,final,2026-08-13 18:04:54,2026-08-12T23:00:00+0200
EA.GDP_REAL_GROWTH_YOY_Q.EUROSTAT,EA,EA,EA20,欧元区,Euro area,GDP_REAL_GROWTH_YOY_Q,季度实际GDP同比增速,Quarterly real GDP growth YoY,2017-Q1,Q,%,SCA,YoY,2.2,Eurostat,namq_10_gdp,namq_10_gdp.Q.CLV_PCH_SM.SCA.B1GQ,Quarterly real GDP growth YoY,https://ec.europa.eu/eurostat/databrowser/view/namq_10_gdp/default/table,2026-08-12T23:00:00+0200,final,2026-08-13 18:04:54,2026-08-12T23:00:00+0200
EA.GDP_REAL_GROWTH_YOY_Q.EUROSTAT,EA,EA,EA20,欧元区,Euro area,GDP_REAL_GROWTH_YOY_Q,季度实际GDP同比增速,Quarterly real GDP growth YoY,2017-Q2,Q,%,SCA,YoY,2.8,Eurostat,namq_10_gdp,namq_10_gdp.Q.CLV_PCH_SM.SCA.B1GQ,Quarterly real GDP growth YoY,https://ec.europa.eu/eurostat/databrowser/view/namq_10_gdp/default/table,2026-08-12T23:00:00+0200,final,2026-08-13 18:04:54,2026-08-12T23:00:00+0200
EA.GDP_REAL_GROWTH_YOY_Q.EUROSTAT,EA,EA,EA20,欧元区,Euro area,GDP_REAL_GROWTH_YOY_Q,季度实际GDP同比增速,Quarterly real GDP growth YoY,2017-Q3,Q,%,SCA,YoY,3.0,Eurostat,namq_10_gdp,namq_10_gdp.Q.CLV_PCH_SM.SCA.B1GQ,Quarterly real GDP growth YoY,https://ec.europa.eu/eurostat/databrowser/view/namq_10_gdp/default/table,2026-08-12T23:00:00+0200,final,2026-08-13 18:04:54,2026-08-12T23:00:00+0200
EA.GDP_REAL_GROWTH_YOY_Q.EUROSTAT,EA,EA,EA20,欧元区,Euro area,GDP_REAL_GROWTH_YOY_Q,季度实际GDP同比增速,Quarterly real GDP growth YoY,2017-Q4,Q,%,SCA,YoY,3.0,Eurostat,namq_10_gdp,namq_10_gdp.Q.CLV_PCH_SM.SCA.B1GQ,Quarterly real GDP growth YoY,https://ec.europa.eu/eurostat/databrowser/view/namq_10_gdp/default/table,2026-08-12T23:00:00+0200,final,2026-08-13 18:04:54,2026-08-12T23:00:00+0200
EA.GDP_REAL_GROWTH_YOY_Q.EUROSTAT,EA,EA,EA20,欧元区,Euro area,GDP_REAL_GROWTH_YOY_Q,季度实际GDP同比增速,Quarterly real GDP growth YoY,2018-Q1,Q,%,SCA,YoY,2.3,Eurostat,namq_10_gdp,namq_10_gdp.Q.CLV_PCH_SM.SCA.B1GQ,Quarterly real GDP growth YoY,https://ec.europa.eu/eurostat/databrowser/view/namq_10_gdp/default/table,2026-08-12T23:00:00+0200,final,2026-08-13 18:04:54,2026-08-12T23:00:00+0200
EA.GDP_REAL_GROWTH_YOY_Q.EUROSTAT,EA,EA,EA20,欧元区,Euro area,GDP_REAL_GROWTH_YOY_Q,季度实际GDP同比增速,Quarterly real GDP growth YoY,2018-Q2,Q,%,SCA,YoY,2.1,Eurostat,namq_10_gdp,namq_10_gdp.Q.CLV_PCH_SM.SCA.B1GQ,Quarterly real GDP growth YoY,https://ec.europa.eu/eurostat/databrowser/view/namq_10_gdp/default/table,2026-08-12T23:00:00+0200,final,2026-08-13 18:04:54,2026-08-12T23:00:00+0200
EA.GDP_REAL_GROWTH_YOY_Q.EUROSTAT,EA,EA,EA20,欧元区,Euro area,GDP_REAL_GROWTH_YOY_Q,季度实际GDP同比增速,Quarterly real GDP growth YoY,2018-Q3,Q,%,SCA,YoY,1.4,Eurostat,namq_10_gdp,namq_10_gdp.Q.CLV_PCH_SM.SCA.B1GQ,Quarterly real GDP growth YoY,https://ec.europa.eu/eurostat/databrowser/view/namq_10_gdp/default/table,2026-08-12T23:00:00+0200,final,2026-08-13 18:04:54,2026-08-12T23:00:00+0200
EA.GDP_REAL_GROWTH_YOY_Q.EUROSTAT,EA,EA,EA20,欧元区,Euro area,GDP_REAL_GROWTH_YOY_Q,季度实际GDP同比增速,Quarterly real GDP growth YoY,2018-Q4,Q,%,SCA,YoY,1.2,Eurostat,namq_10_gdp,namq_10_gdp.Q.CLV_PCH_SM.SCA.B1GQ,Quarterly real GDP growth YoY,https://ec.europa.eu/eurostat/databrowser/view/namq_10_gdp/default/table,2026-08-12T23:00:00+0200,final,2026-08-13 18:04:54,2026-08-12T23:00:00+0200
EA.GDP_REAL_GROWTH_YOY_Q.EUROSTAT,EA,EA,EA20,欧元区,Euro area,GDP_REAL_GROWTH_YOY_Q,季度实际GDP同比增速,Quarterly real GDP growth YoY,2019-Q1,Q,%,SCA,YoY,1.9,Eurostat,namq_10_gdp,namq_10_gdp.Q.CLV_PCH_SM.SCA.B1GQ,Quarterly real GDP growth YoY,https://ec.europa.eu/eurostat/databrowser/view/namq_10_gdp/default/table,2026-08-12T23:00:00+0200,final,2026-08-13 18:04:54,2026-08-12T23:00:00+0200
EA.GDP_REAL_GROWTH_YOY_Q.EUROSTAT,EA,EA,EA20,欧元区,Euro area,GDP_REAL_GROWTH_YOY_Q,季度实际GDP同比增速,Quarterly real GDP growth YoY,2019-Q2,Q,%,SCA,YoY,1.7,Eurostat,namq_10_gdp,namq_10_gdp.Q.CLV_PCH_SM.SCA.B1GQ,Quarterly real GDP growth YoY,https://ec.europa.eu/eurostat/databrowser/view/namq_10_gdp/default/table,2026-08-12T23:00:00+0200,final,2026-08-13 18:04:54,2026-08-12T23:00:00+0200
EA.GDP_REAL_GROWTH_YOY_Q.EUROSTAT,EA,EA,EA20,欧元区,Euro area,GDP_REAL_GROWTH_YOY_Q,季度实际GDP同比增速,Quarterly real GDP growth YoY,2019-Q3,Q,%,SCA,YoY,1.8,Eurostat,namq_10_gdp,namq_10_gdp.Q.CLV_PCH_SM.SCA.B1GQ,Quarterly real GDP growth YoY,https://ec.europa.eu/eurostat/databrowser/view/namq_10_gdp/default/table,2026-08-12T23:00:00+0200,final,2026-08-13 18:04:54,2026-08-12T23:00:00+0200
EA.GDP_REAL_GROWTH_YOY_Q.EUROSTAT,EA,EA,EA20,欧元区,Euro area,GDP_REAL_GROWTH_YOY_Q,季度实际GDP同比增速,Quarterly real GDP growth YoY,2019-Q4,Q,%,SCA,YoY,1.2,Eurostat,namq_10_gdp,namq_10_gdp.Q.CLV_PCH_SM.SCA.B1GQ,Quarterly real GDP growth YoY,https://ec.europa.eu/eurostat/databrowser/view/namq_10_gdp/default/table,2026-08-12T23:00:00+0200,final,2026-08-13 18:04:54,2026-08-12T23:00:00+0200
EA.GDP_REAL_GROWTH_YOY_Q.EUROSTAT,EA,EA,EA20,欧元区,Euro area,GDP_REAL_GROWTH_YOY_Q,季度实际GDP同比增速,Quarterly real GDP growth YoY,2020-Q1,Q,%,SCA,YoY,-2.8,Eurostat,namq_10_gdp,namq_10_gdp.Q.CLV_PCH_SM.SCA.B1GQ,Quarterly real GDP growth YoY,https://ec.europa.eu/eurostat/databrowser/view/namq_10_gdp/default/table,2026-08-12T23:00:00+0200,final,2026-08-13 18:04:54,2026-08-12T23:00:00+0200
EA.GDP_REAL_GROWTH_YOY_Q.EUROSTAT,EA,EA,EA20,欧元区,Euro area,GDP_REAL_GROWTH_YOY_Q,季度实际GDP同比增速,Quarterly real GDP growth YoY,2020-Q2,Q,%,SCA,YoY,-13.9,Eurostat,namq_10_gdp,namq_10_gdp.Q.CLV_PCH_SM.SCA.B1GQ,Quarterly real GDP growth YoY,https://ec.europa.eu/eurostat/databrowser/view/namq_10_gdp/default/table,2026-08-12T23:00:00+0200,final,2026-08-13 18:04:54,2026-08-12T23:00:00+0200
EA.GDP_REAL_GROWTH_YOY_Q.EUROSTAT,EA,EA,EA20,欧元区,Euro area,GDP_REAL_GROWTH_YOY_Q,季度实际GDP同比增速,Quarterly real GDP growth YoY,2020-Q3,Q,%,SCA,YoY,-4.2,Eurostat,namq_10_gdp,namq_10_gdp.Q.CLV_PCH_SM.SCA.B1GQ,Quarterly real GDP growth YoY,https://ec.europa.eu/eurostat/databrowser/view/namq_10_gdp/default/table,2026-08-12T23:00:00+0200,final,2026-08-13 18:04:54,2026-08-12T23:00:00+0200
EA.GDP_REAL_GROWTH_YOY_Q.EUROSTAT,EA,EA,EA20,欧元区,Euro area,GDP_REAL_GROWTH_YOY_Q,季度实际GDP同比增速,Quarterly real GDP growth YoY,2020-Q4,Q,%,SCA,YoY,-3.8,Eurostat,namq_10_gdp,namq_10_gdp.Q.CLV_PCH_SM.SCA.B1GQ,Quarterly real GDP growth YoY,https://ec.europa.eu/eurostat/databrowser/view/namq_10_gdp/default/table,2026-08-12T23:00:00+0200,final,2026-08-13 18:04:54,2026-08-12T23:00:00+0200
EA.GDP_REAL_GROWTH_YOY_Q.EUROSTAT,EA,EA,EA20,欧元区,Euro area,GDP_REAL_GROWTH_YOY_Q,季度实际GDP同比增速,Quarterly real GDP growth YoY,2021-Q1,Q,%,SCA,YoY,0.3,Eurostat,namq_10_gdp,namq_10_gdp.Q.CLV_PCH_SM.SCA.B1GQ,Quarterly real GDP growth YoY,https://ec.europa.eu/eurostat/databrowser/view/namq_10_gdp/default/table,2026-08-12T23:00:00+0200,final,2026-08-13 18:04:54,2026-08-12T23:00:00+0200
EA.GDP_REAL_GROWTH_YOY_Q.EUROSTAT,EA,EA,EA20,欧元区,Euro area,GDP_REAL_GROWTH_YOY_Q,季度实际GDP同比增速,Quarterly real GDP growth YoY,2021-Q2,Q,%,SCA,YoY,15.3,Eurostat,namq_10_gdp,namq_10_gdp.Q.CLV_PCH_SM.SCA.B1GQ,Quarterly real GDP growth YoY,https://ec.europa.eu/eurostat/databrowser/view/namq_10_gdp/default/table,2026-08-12T23:00:00+0200,final,2026-08-13 18:04:54,2026-08-12T23:00:00+0200
EA.GDP_REAL_GROWTH_YOY_Q.EUROSTAT,EA,EA,EA20,欧元区,Euro area,GDP_REAL_GROWTH_YOY_Q,季度实际GDP同比增速,Quarterly real GDP growth YoY,2021-Q3,Q,%,SCA,YoY,5.2,Eurostat,namq_10_gdp,namq_10_gdp.Q.CLV_PCH_SM.SCA.B1GQ,Quarterly real GDP growth YoY,https://ec.europa.eu/eurostat/databrowser/view/namq_10_gdp/default/table,2026-08-12T23:00:00+0200,final,2026-08-13 18:04:54,2026-08-12T23:00:00+0200
EA.GDP_REAL_GROWTH_YOY_Q.EUROSTAT,EA,EA,EA20,欧元区,Euro area,GDP_REAL_GROWTH_YOY_Q,季度实际GDP同比增速,Quarterly real GDP growth YoY,2021-Q4,Q,%,SCA,YoY,5.7,Eurostat,namq_10_gdp,namq_10_gdp.Q.CLV_PCH_SM.SCA.B1GQ,Quarterly real GDP growth YoY,https://ec.europa.eu/eurostat/databrowser/view/namq_10_gdp/default/table,2026-08-12T23:00:00+0200,final,2026-08-13 18:04:54,2026-08-12T23:00:00+0200
EA.GDP_REAL_GROWTH_YOY_Q.EUROSTAT,EA,EA,EA20,欧元区,Euro area,GDP_REAL_GROWTH_YOY_Q,季度实际GDP同比增速,Quarterly real GDP growth YoY,2022-Q1,Q,%,SCA,YoY,5.5,Eurostat,namq_10_gdp,namq_10_gdp.Q.CLV_PCH_SM.SCA.B1GQ,Quarterly real GDP growth YoY,https://ec.europa.eu/eurostat/databrowser/view/namq_10_gdp/default/table,2026-08-12T23:00:00+0200,final,2026-08-13 18:04:54,2026-08-12T23:00:00+0200
EA.GDP_REAL_GROWTH_YOY_Q.EUROSTAT,EA,EA,EA20,欧元区,Euro area,GDP_REAL_GROWTH_YOY_Q,季度实际GDP同比增速,Quarterly real GDP growth YoY,2022-Q2,Q,%,SCA,YoY,4.3,Eurostat,namq_10_gdp,namq_10_gdp.Q.CLV_PCH_SM.SCA.B1GQ,Quarterly real GDP growth YoY,https://ec.europa.eu/eurostat/databrowser/view/namq_10_gdp/default/table,2026-08-12T23:00:00+0200,final,2026-08-13 18:04:54,2026-08-12T23:00:00+0200
EA.GDP_REAL_GROWTH_YOY_Q.EUROSTAT,EA,EA,EA20,欧元区,Euro area,GDP_REAL_GROWTH_YOY_Q,季度实际GDP同比增速,Quarterly real GDP growth YoY,2022-Q3,Q,%,SCA,YoY,3.0,Eurostat,namq_10_gdp,namq_10_gdp.Q.CLV_PCH_SM.SCA.B1GQ,Quarterly real GDP growth YoY,https://ec.europa.eu/eurostat/databrowser/view/namq_10_gdp/default/table,2026-08-12T23:00:00+0200,final,2026-08-13 18:04:54,2026-08-12T23:00:00+0200
EA.GDP_REAL_GROWTH_YOY_Q.EUROSTAT,EA,EA,EA20,欧元区,Euro area,GDP_REAL_GROWTH_YOY_Q,季度实际GDP同比增速,Quarterly real GDP growth YoY,2022-Q4,Q,%,SCA,YoY,2.2,Eurostat,namq_10_gdp,namq_10_gdp.Q.CLV_PCH_SM.SCA.B1GQ,Quarterly real GDP growth YoY,https://ec.europa.eu/eurostat/databrowser/view/namq_10_gdp/default/table,2026-08-12T23:00:00+0200,final,2026-08-13 18:04:54,2026-08-12T23:00:00+0200
EA.GDP_REAL_GROWTH_YOY_Q.EUROSTAT,EA,EA,EA20,欧元区,Euro area,GDP_REAL_GROWTH_YOY_Q,季度实际GDP同比增速,Quarterly real GDP growth YoY,2023-Q1,Q,%,SCA,YoY,1.3,Eurostat,namq_10_gdp,namq_10_gdp.Q.CLV_PCH_SM.SCA.B1GQ,Quarterly real GDP growth YoY,https://ec.europa.eu/eurostat/databrowser/view/namq_10_gdp/default/table,2026-08-12T23:00:00+0200,final,2026-08-13 18:04:54,2026-08-12T23:00:00+0200
EA.GDP_REAL_GROWTH_YOY_Q.EUROSTAT,EA,EA,EA20,欧元区,Euro area,GDP_REAL_GROWTH_YOY_Q,季度实际GDP同比增速,Quarterly real GDP growth YoY,2023-Q2,Q,%,SCA,YoY,0.6,Eurostat,namq_10_gdp,namq_10_gdp.Q.CLV_PCH_SM.SCA.B1GQ,Quarterly real GDP growth YoY,https://ec.europa.eu/eurostat/databrowser/view/namq_10_gdp/default/table,2026-08-12T23:00:00+0200,final,2026-08-13 18:04:54,2026-08-12T23:00:00+0200
EA.GDP_REAL_GROWTH_YOY_Q.EUROSTAT,EA,EA,EA20,欧元区,Euro area,GDP_REAL_GROWTH_YOY_Q,季度实际GDP同比增速,Quarterly real GDP growth YoY,2023-Q3,Q,%,SCA,YoY,0.2,Eurostat,namq_10_gdp,namq_10_gdp.Q.CLV_PCH_SM.SCA.B1GQ,Quarterly real GDP growth YoY,https://ec.europa.eu/eurostat/databrowser/view/namq_10_gdp/default/table,2026-08-12T23:00:00+0200,final,2026-08-13 18:04:54,2026-08-12T23:00:00+0200
EA.GDP_REAL_GROWTH_YOY_Q.EUROSTAT,EA,EA,EA20,欧元区,Euro area,GDP_REAL_GROWTH_YOY_Q,季度实际GDP同比增速,Quarterly real GDP growth YoY,2023-Q4,Q,%,SCA,YoY,0.2,Eurostat,namq_10_gdp,namq_10_gdp.Q.CLV_PCH_SM.SCA.B1GQ,Quarterly real GDP growth YoY,https://ec.europa.eu/eurostat/databrowser/view/namq_10_gdp/default/table,2026-08-12T23:00:00+0200,final,2026-08-13 18:04:54,2026-08-12T23:00:00+0200
EA.GDP_REAL_GROWTH_YOY_Q.EUROSTAT,EA,EA,EA20,欧元区,Euro area,GDP_REAL_GROWTH_YOY_Q,季度实际GDP同比增速,Quarterly real GDP growth YoY,2024-Q1,Q,%,SCA,YoY,0.7,Eurostat,namq_10_gdp,namq_10_gdp.Q.CLV_PCH_SM.SCA.B1GQ,Quarterly real GDP growth YoY,https://ec.europa.eu/eurostat/databrowser/view/namq_10_gdp/default/table,2026-08-12T23:00:00+0200,final,2026-08-13 18:04:54,2026-08-12T23:00:00+0200
EA.GDP_REAL_GROWTH_YOY_Q.EUROSTAT,EA,EA,EA20,欧元区,Euro area,GDP_REAL_GROWTH_YOY_Q,季度实际GDP同比增速,Quarterly real GDP growth YoY,2024-Q2,Q,%,SCA,YoY,0.7,Eurostat,namq_10_gdp,namq_10_gdp.Q.CLV_PCH_SM.SCA.B1GQ,Quarterly real GDP growth YoY,https://ec.europa.eu/eurostat/databrowser/view/namq_10_gdp/default/table,2026-08-12T23:00:00+0200,final,2026-08-13 18:04:54,2026-08-12T23:00:00+0200
EA.GDP_REAL_GROWTH_YOY_Q.EUROSTAT,EA,EA,EA20,欧元区,Euro area,GDP_REAL_GROWTH_YOY_Q,季度实际GDP同比增速,Quarterly real GDP growth YoY,2024-Q3,Q,%,SCA,YoY,1.1,Eurostat,namq_10_gdp,namq_10_gdp.Q.CLV_PCH_SM.SCA.B1GQ,Quarterly real GDP growth YoY,https://ec.europa.eu/eurostat/databrowser/view/namq_10_gdp/default/table,2026-08-12T23:00:00+0200,final,2026-08-13 18:04:54,2026-08-12T23:00:00+0200
EA.GDP_REAL_GROWTH_YOY_Q.EUROSTAT,EA,EA,EA20,欧元区,Euro area,GDP_REAL_GROWTH_YOY_Q,季度实际GDP同比增速,Quarterly real GDP growth YoY,2024-Q4,Q,%,SCA,YoY,1.4,Eurostat,namq_10_gdp,namq_10_gdp.Q.CLV_PCH_SM.SCA.B1GQ,Quarterly real GDP growth YoY,https://ec.europa.eu/eurostat/databrowser/view/namq_10_gdp/default/table,2026-08-12T23:00:00+0200,final,2026-08-13 18:04:54,2026-08-12T23:00:00+0200
EA.GDP_REAL_GROWTH_YOY_Q.EUROSTAT,EA,EA,EA20,欧元区,Euro area,GDP_REAL_GROWTH_YOY_Q,季度实际GDP同比增速,Quarterly real GDP growth YoY,2025-Q1,Q,%,SCA,YoY,1.6,Eurostat,namq_10_gdp,namq_10_gdp.Q.CLV_PCH_SM.SCA.B1GQ,Quarterly real GDP growth YoY,https://ec.europa.eu/eurostat/databrowser/view/namq_10_gdp/default/table,2026-08-12T23:00:00+0200,final,2026-08-13 18:04:54,2026-08-12T23:00:00+0200
EA.GDP_REAL_GROWTH_YOY_Q.EUROSTAT,EA,EA,EA20,欧元区,Euro area,GDP_REAL_GROWTH_YOY_Q,季度实际GDP同比增速,Quarterly real GDP growth YoY,2025-Q2,Q,%,SCA,YoY,1.4,Eurostat,namq_10_gdp,namq_10_gdp.Q.CLV_PCH_SM.SCA.B1GQ,Quarterly real GDP growth YoY,https://ec.europa.eu/eurostat/databrowser/view/namq_10_gdp/default/table,2026-08-12T23:00:00+0200,final,2026-08-13 18:04:54,2026-08-12T23:00:00+0200
EA.GDP_REAL_GROWTH_YOY_Q.EUROSTAT,EA,EA,EA20,欧元区,Euro area,GDP_REAL_GROWTH_YOY_Q,季度实际GDP同比增速,Quarterly real GDP growth YoY,2025-Q3,Q,%,SCA,YoY,1.2,Eurostat,namq_10_gdp,namq_10_gdp.Q.CLV_PCH_SM.SCA.B1GQ,Quarterly real GDP growth YoY,https://ec.europa.eu/eurostat/databrowser/view/namq_10_gdp/default/table,2026-08-12T23:00:00+0200,final,2026-08-13 18:04:54,2026-08-12T23:00:00+0200
EA.GDP_REAL_GROWTH_YOY_Q.EUROSTAT,EA,EA,EA20,欧元区,Euro area,GDP_REAL_GROWTH_YOY_Q,季度实际GDP同比增速,Quarterly real GDP growth YoY,2025-Q4,Q,%,SCA,YoY,1.1,Eurostat,namq_10_gdp,namq_10_gdp.Q.CLV_PCH_SM.SCA.B1GQ,Quarterly real GDP growth YoY,https://ec.europa.eu/eurostat/databrowser/view/namq_10_gdp/default/table,2026-08-12T23:00:00+0200,final,2026-08-13 18:04:54,2026-08-12T23:00:00+0200
EA.GDP_REAL_GROWTH_YOY_Q.EUROSTAT,EA,EA,EA20,欧元区,Euro area,GDP_REAL_GROWTH_YOY_Q,季度实际GDP同比增速,Quarterly real GDP growth YoY,2026-Q1,Q,%,SCA,YoY,0.5,Eurostat,namq_10_gdp,namq_10_gdp.Q.CLV_PCH_SM.SCA.B1GQ,Quarterly real GDP growth YoY,https://ec.europa.eu/eurostat/databrowser/view/namq_10_gdp/default/table,2026-08-12T23:00:00+0200,final,2026-08-13 18:04:54,2026-08-12T23:00:00+0200
EA.GDP_REAL_GROWTH_YOY_Q.EUROSTAT,EA,EA,EA20,欧元区,Euro area,GDP_REAL_GROWTH_YOY_Q,季度实际GDP同比增速,Quarterly real GDP growth YoY,2026-Q2,Q,%,SCA,YoY,0.9,Eurostat,namq_10_gdp,namq_10_gdp.Q.CLV_PCH_SM.SCA.B1GQ,Quarterly real GDP growth YoY,https://ec.europa.eu/eurostat/databrowser/view/namq_10_gdp/default/table,2026-08-12T23:00:00+0200,final,2026-08-13 18:04:54,2026-08-12T23:00:00+0200
DE.GDP_REAL_GROWTH_YOY_Q.EUROSTAT,DE,DE,DEU,德国,Germany,GDP_REAL_GROWTH_YOY_Q,季度实际GDP同比增速,Quarterly real GDP growth YoY,2015-Q1,Q,%,SCA,YoY,1.2,Eurostat,namq_10_gdp,namq_10_gdp.Q.CLV_PCH_SM.SCA.B1GQ,Quarterly real GDP growth YoY,https://ec.europa.eu/eurostat/databrowser/view/namq_10_gdp/default/table,2026-08-12T23:00:00+0200,final,2026-08-13 18:04:54,2026-08-12T23:00:00+0200
DE.GDP_REAL_GROWTH_YOY_Q.EUROSTAT,DE,DE,DEU,德国,Germany,GDP_REAL_GROWTH_YOY_Q,季度实际GDP同比增速,Quarterly real GDP growth YoY,2015-Q2,Q,%,SCA,YoY,1.7,Eurostat,namq_10_gdp,namq_10_gdp.Q.CLV_PCH_SM.SCA.B1GQ,Quarterly real GDP growth YoY,https://ec.europa.eu/eurostat/databrowser/view/namq_10_gdp/default/table,2026-08-12T23:00:00+0200,final,2026-08-13 18:04:54,2026-08-12T23:00:00+0200
DE.GDP_REAL_GROWTH_YOY_Q.EUROSTAT,DE,DE,DEU,德国,Germany,GDP_REAL_GROWTH_YOY_Q,季度实际GDP同比增速,Quarterly real GDP growth YoY,2015-Q3,Q,%,SCA,YoY,1.8,Eurostat,namq_10_gdp,namq_10_gdp.Q.CLV_PCH_SM.SCA.B1GQ,Quarterly real GDP growth YoY,https://ec.europa.eu/eurostat/databrowser/view/namq_10_gdp/default/table,2026-08-12T23:00:00+0200,final,2026-08-13 18:04:54,2026-08-12T23:00:00+0200
DE.GDP_REAL_GROWTH_YOY_Q.EUROSTAT,DE,DE,DEU,德国,Germany,GDP_REAL_GROWTH_YOY_Q,季度实际GDP同比增速,Quarterly real GDP growth YoY,2015-Q4,Q,%,SCA,YoY,1.4,Eurostat,namq_10_gdp,namq_10_gdp.Q.CLV_PCH_SM.SCA.B1GQ,Quarterly real GDP growth YoY,https://ec.europa.eu/eurostat/databrowser/view/namq_10_gdp/default/table,2026-08-12T23:00:00+0200,final,2026-08-13 18:04:54,2026-08-12T23:00:00+0200
DE.GDP_REAL_GROWTH_YOY_Q.EUROSTAT,DE,DE,DEU,德国,Germany,GDP_REAL_GROWTH_YOY_Q,季度实际GDP同比增速,Quarterly real GDP growth YoY,2016-Q1,Q,%,SCA,YoY,2.5,Eurostat,namq_10_gdp,namq_10_gdp.Q.CLV_PCH_SM.SCA.B1GQ,Quarterly real GDP growth YoY,https://ec.europa.eu/eurostat/databrowser/view/namq_10_gdp/default/table,2026-08-12T23:00:00+0200,final,2026-08-13 18:04:54,2026-08-12T23:00:00+0200
DE.GDP_REAL_GROWTH_YOY_Q.EUROSTAT,DE,DE,DEU,德国,Germany,GDP_REAL_GROWTH_YOY_Q,季度实际GDP同比增速,Quarterly real GDP growth YoY,2016-Q2,Q,%,SCA,YoY,2.2,Eurostat,namq_10_gdp,namq_10_gdp.Q.CLV_PCH_SM.SCA.B1GQ,Quarterly real GDP growth YoY,https://ec.europa.eu/eurostat/databrowser/view/namq_10_gdp/default/table,2026-08-12T23:00:00+0200,final,2026-08-13 18:04:54,2026-08-12T23:00:00+0200
DE.GDP_REAL_GROWTH_YOY_Q.EUROSTAT,DE,DE,DEU,德国,Germany,GDP_REAL_GROWTH_YOY_Q,季度实际GDP同比增速,Quarterly real GDP growth YoY,2016-Q3,Q,%,SCA,YoY,2.1,Eurostat,namq_10_gdp,namq_10_gdp.Q.CLV_PCH_SM.SCA.B1GQ,Quarterly real GDP growth YoY,https://ec.europa.eu/eurostat/databrowser/view/namq_10_gdp/default/table,2026-08-12T23:00:00+0200,final,2026-08-13 18:04:54,2026-08-12T23:00:00+0200
DE.GDP_REAL_GROWTH_YOY_Q.EUROSTAT,DE,DE,DEU,德国,Germany,GDP_REAL_GROWTH_YOY_Q,季度实际GDP同比增速,Quarterly real GDP growth YoY,2016-Q4,Q,%,SCA,YoY,2.0,Eurostat,namq_10_gdp,namq_10_gdp.Q.CLV_PCH_SM.SCA.B1GQ,Quarterly real GDP growth YoY,https://ec.europa.eu/eurostat/databrowser/view/namq_10_gdp/default/table,2026-08-12T23:00:00+0200,final,2026-08-13 18:04:54,2026-08-12T23:00:00+0200
DE.GDP_REAL_GROWTH_YOY_Q.EUROSTAT,DE,DE,DEU,德国,Germany,GDP_REAL_GROWTH_YOY_Q,季度实际GDP同比增速,Quarterly real GDP growth YoY,2017-Q1,Q,%,SCA,YoY,2.4,Eurostat,namq_10_gdp,namq_10_gdp.Q.CLV_PCH_SM.SCA.B1GQ,Quarterly real GDP growth YoY,https://ec.europa.eu/eurostat/databrowser/view/namq_10_gdp/default/table,2026-08-12T23:00:00+0200,final,2026-08-13 18:04:54,2026-08-12T23:00:00+0200
DE.GDP_REAL_GROWTH_YOY_Q.EUROSTAT,DE,DE,DEU,德国,Germany,GDP_REAL_GROWTH_YOY_Q,季度实际GDP同比增速,Quarterly real GDP growth YoY,2017-Q2,Q,%,SCA,YoY,2.9,Eurostat,namq_10_gdp,namq_10_gdp.Q.CLV_PCH_SM.SCA.B1GQ,Quarterly real GDP growth YoY,https://ec.europa.eu/eurostat/databrowser/view/namq_10_gdp/default/table,2026-08-12T23:00:00+0200,final,2026-08-13 18:04:54,2026-08-12T23:00:00+0200
DE.GDP_REAL_GROWTH_YOY_Q.EUROSTAT,DE,DE,DEU,德国,Germany,GDP_REAL_GROWTH_YOY_Q,季度实际GDP同比增速,Quarterly real GDP growth YoY,2017-Q3,Q,%,SCA,YoY,3.4,Eurostat,namq_10_gdp,namq_10_gdp.Q.CLV_PCH_SM.SCA.B1GQ,Quarterly real GDP growth YoY,https://ec.europa.eu/eurostat/databrowser/view/namq_10_gdp/default/table,2026-08-12T23:00:00+0200,final,2026-08-13 18:04:54,2026-08-12T23:00:00+0200
DE.GDP_REAL_GROWTH_YOY_Q.EUROSTAT,DE,DE,DEU,德国,Germany,GDP_REAL_GROWTH_YOY_Q,季度实际GDP同比增速,Quarterly real GDP growth YoY,2017-Q4,Q,%,SCA,YoY,4.0,Eurostat,namq_10_gdp,namq_10_gdp.Q.CLV_PCH_SM.SCA.B1GQ,Quarterly real GDP growth YoY,https://ec.europa.eu/eurostat/databrowser/view/namq_10_gdp/default/table,2026-08-12T23:00:00+0200,final,2026-08-13 18:04:54,2026-08-12T23:00:00+0200
DE.GDP_REAL_GROWTH_YOY_Q.EUROSTAT,DE,DE,DEU,德国,Germany,GDP_REAL_GROWTH_YOY_Q,季度实际GDP同比增速,Quarterly real GDP growth YoY,2018-Q1,Q,%,SCA,YoY,2.2,Eurostat,namq_10_gdp,namq_10_gdp.Q.CLV_PCH_SM.SCA.B1GQ,Quarterly real GDP growth YoY,https://ec.europa.eu/eurostat/databrowser/view/namq_10_gdp/default/table,2026-08-12T23:00:00+0200,final,2026-08-13 18:04:54,2026-08-12T23:00:00+0200
DE.GDP_REAL_GROWTH_YOY_Q.EUROSTAT,DE,DE,DEU,德国,Germany,GDP_REAL_GROWTH_YOY_Q,季度实际GDP同比增速,Quarterly real GDP growth YoY,2018-Q2,Q,%,SCA,YoY,2.1,Eurostat,namq_10_gdp,namq_10_gdp.Q.CLV_PCH_SM.SCA.B1GQ,Quarterly real GDP growth YoY,https://ec.europa.eu/eurostat/databrowser/view/namq_10_gdp/default/table,2026-08-12T23:00:00+0200,final,2026-08-13 18:04:54,2026-08-12T23:00:00+0200
DE.GDP_REAL_GROWTH_YOY_Q.EUROSTAT,DE,DE,DEU,德国,Germany,GDP_REAL_GROWTH_YOY_Q,季度实际GDP同比增速,Quarterly real GDP growth YoY,2018-Q3,Q,%,SCA,YoY,0.8,Eurostat,namq_10_gdp,namq_10_gdp.Q.CLV_PCH_SM.SCA.B1GQ,Quarterly real GDP growth YoY,https://ec.europa.eu/eurostat/databrowser/view/namq_10_gdp/default/table,2026-08-12T23:00:00+0200,final,2026-08-13 18:04:54,2026-08-12T23:00:00+0200
DE.GDP_REAL_GROWTH_YOY_Q.EUROSTAT,DE,DE,DEU,德国,Germany,GDP_REAL_GROWTH_YOY_Q,季度实际GDP同比增速,Quarterly real GDP growth YoY,2018-Q4,Q,%,SCA,YoY,0.1,Eurostat,namq_10_gdp,namq_10_gdp.Q.CLV_PCH_SM.SCA.B1GQ,Quarterly real GDP growth YoY,https://ec.europa.eu/eurostat/databrowser/view/namq_10_gdp/default/table,2026-08-12T23:00:00+0200,final,2026-08-13 18:04:54,2026-08-12T23:00:00+0200
DE.GDP_REAL_GROWTH_YOY_Q.EUROSTAT,DE,DE,DEU,德国,Germany,GDP_REAL_GROWTH_YOY_Q,季度实际GDP同比增速,Quarterly real GDP growth YoY,2019-Q1,Q,%,SCA,YoY,1.4,Eurostat,namq_10_gdp,namq_10_gdp.Q.CLV_PCH_SM.SCA.B1GQ,Quarterly real GDP growth YoY,https://ec.europa.eu/eurostat/databrowser/view/namq_10_gdp/default/table,2026-08-12T23:00:00+0200,final,2026-08-13 18:04:54,2026-08-12T23:00:00+0200
DE.GDP_REAL_GROWTH_YOY_Q.EUROSTAT,DE,DE,DEU,德国,Germany,GDP_REAL_GROWTH_YOY_Q,季度实际GDP同比增速,Quarterly real GDP growth YoY,2019-Q2,Q,%,SCA,YoY,0.7,Eurostat,namq_10_gdp,namq_10_gdp.Q.CLV_PCH_SM.SCA.B1GQ,Quarterly real GDP growth YoY,https://ec.europa.eu/eurostat/databrowser/view/namq_10_gdp/default/table,2026-08-12T23:00:00+0200,final,2026-08-13 18:04:54,2026-08-12T23:00:00+0200
DE.GDP_REAL_GROWTH_YOY_Q.EUROSTAT,DE,DE,DEU,德国,Germany,GDP_REAL_GROWTH_YOY_Q,季度实际GDP同比增速,Quarterly real GDP growth YoY,2019-Q3,Q,%,SCA,YoY,1.7,Eurostat,namq_10_gdp,namq_10_gdp.Q.CLV_PCH_SM.SCA.B1GQ,Quarterly real GDP growth YoY,https://ec.europa.eu/eurostat/databrowser/view/namq_10_gdp/default/table,2026-08-12T23:00:00+0200,final,2026-08-13 18:04:54,2026-08-12T23:00:00+0200
DE.GDP_REAL_GROWTH_YOY_Q.EUROSTAT,DE,DE,DEU,德国,Germany,GDP_REAL_GROWTH_YOY_Q,季度实际GDP同比增速,Quarterly real GDP growth YoY,2019-Q4,Q,%,SCA,YoY,0.8,Eurostat,namq_10_gdp,namq_10_gdp.Q.CLV_PCH_SM.SCA.B1GQ,Quarterly real GDP growth YoY,https://ec.europa.eu/eurostat/databrowser/view/namq_10_gdp/default/table,2026-08-12T23:00:00+0200,final,2026-08-13 18:04:54,2026-08-12T23:00:00+0200
DE.GDP_REAL_GROWTH_YOY_Q.EUROSTAT,DE,DE,DEU,德国,Germany,GDP_REAL_GROWTH_YOY_Q,季度实际GDP同比增速,Quarterly real GDP growth YoY,2020-Q1,Q,%,SCA,YoY,-1.8,Eurostat,namq_10_gdp,namq_10_gdp.Q.CLV_PCH_SM.SCA.B1GQ,Quarterly real GDP growth YoY,https://ec.europa.eu/eurostat/databrowser/view/namq_10_gdp/default/table,2026-08-12T23:00:00+0200,final,2026-08-13 18:04:54,2026-08-12T23:00:00+0200
DE.GDP_REAL_GROWTH_YOY_Q.EUROSTAT,DE,DE,DEU,德国,Germany,GDP_REAL_GROWTH_YOY_Q,季度实际GDP同比增速,Quarterly real GDP growth YoY,2020-Q2,Q,%,SCA,YoY,-10.6,Eurostat,namq_10_gdp,namq_10_gdp.Q.CLV_PCH_SM.SCA.B1GQ,Quarterly real GDP growth YoY,https://ec.europa.eu/eurostat/databrowser/view/namq_10_gdp/default/table,2026-08-12T23:00:00+0200,final,2026-08-13 18:04:54,2026-08-12T23:00:00+0200
DE.GDP_REAL_GROWTH_YOY_Q.EUROSTAT,DE,DE,DEU,德国,Germany,GDP_REAL_GROWTH_YOY_Q,季度实际GDP同比增速,Quarterly real GDP growth YoY,2020-Q3,Q,%,SCA,YoY,-3.3,Eurostat,namq_10_gdp,namq_10_gdp.Q.CLV_PCH_SM.SCA.B1GQ,Quarterly real GDP growth YoY,https://ec.europa.eu/eurostat/databrowser/view/namq_10_gdp/default/table,2026-08-12T23:00:00+0200,final,2026-08-13 18:04:54,2026-08-12T23:00:00+0200
DE.GDP_REAL_GROWTH_YOY_Q.EUROSTAT,DE,DE,DEU,德国,Germany,GDP_REAL_GROWTH_YOY_Q,季度实际GDP同比增速,Quarterly real GDP growth YoY,2020-Q4,Q,%,SCA,YoY,-2.0,Eurostat,namq_10_gdp,namq_10_gdp.Q.CLV_PCH_SM.SCA.B1GQ,Quarterly real GDP growth YoY,https://ec.europa.eu/eurostat/databrowser/view/namq_10_gdp/default/table,2026-08-12T23:00:00+0200,final,2026-08-13 18:04:54,2026-08-12T23:00:00+0200
DE.GDP_REAL_GROWTH_YOY_Q.EUROSTAT,DE,DE,DEU,德国,Germany,GDP_REAL_GROWTH_YOY_Q,季度实际GDP同比增速,Quarterly real GDP growth YoY,2021-Q1,Q,%,SCA,YoY,-0.6,Eurostat,namq_10_gdp,namq_10_gdp.Q.CLV_PCH_SM.SCA.B1GQ,Quarterly real GDP growth YoY,https://ec.europa.eu/eurostat/databrowser/view/namq_10_gdp/default/table,2026-08-12T23:00:00+0200,final,2026-08-13 18:04:54,2026-08-12T23:00:00+0200
DE.GDP_REAL_GROWTH_YOY_Q.EUROSTAT,DE,DE,DEU,德国,Germany,GDP_REAL_GROWTH_YOY_Q,季度实际GDP同比增速,Quarterly real GDP growth YoY,2021-Q2,Q,%,SCA,YoY,11.6,Eurostat,namq_10_gdp,namq_10_gdp.Q.CLV_PCH_SM.SCA.B1GQ,Quarterly real GDP growth YoY,https://ec.europa.eu/eurostat/databrowser/view/namq_10_gdp/default/table,2026-08-12T23:00:00+0200,final,2026-08-13 18:04:54,2026-08-12T23:00:00+0200
DE.GDP_REAL_GROWTH_YOY_Q.EUROSTAT,DE,DE,DEU,德国,Germany,GDP_REAL_GROWTH_YOY_Q,季度实际GDP同比增速,Quarterly real GDP growth YoY,2021-Q3,Q,%,SCA,YoY,2.8,Eurostat,namq_10_gdp,namq_10_gdp.Q.CLV_PCH_SM.SCA.B1GQ,Quarterly real GDP growth YoY,https://ec.europa.eu/eurostat/databrowser/view/namq_10_gdp/default/table,2026-08-12T23:00:00+0200,final,2026-08-13 18:04:54,2026-08-12T23:00:00+0200
DE.GDP_REAL_GROWTH_YOY_Q.EUROSTAT,DE,DE,DEU,德国,Germany,GDP_REAL_GROWTH_YOY_Q,季度实际GDP同比增速,Quarterly real GDP growth YoY,2021-Q4,Q,%,SCA,YoY,2.4,Eurostat,namq_10_gdp,namq_10_gdp.Q.CLV_PCH_SM.SCA.B1GQ,Quarterly real GDP growth YoY,https://ec.europa.eu/eurostat/databrowser/view/namq_10_gdp/default/table,2026-08-12T23:00:00+0200,final,2026-08-13 18:04:54,2026-08-12T23:00:00+0200
DE.GDP_REAL_GROWTH_YOY_Q.EUROSTAT,DE,DE,DEU,德国,Germany,GDP_REAL_GROWTH_YOY_Q,季度实际GDP同比增速,Quarterly real GDP growth YoY,2022-Q1,Q,%,SCA,YoY,3.7,Eurostat,namq_10_gdp,namq_10_gdp.Q.CLV_PCH_SM.SCA.B1GQ,Quarterly real GDP growth YoY,https://ec.europa.eu/eurostat/databrowser/view/namq_10_gdp/default/table,2026-08-12T23:00:00+0200,final,2026-08-13 18:04:54,2026-08-12T23:00:00+0200
DE.GDP_REAL_GROWTH_YOY_Q.EUROSTAT,DE,DE,DEU,德国,Germany,GDP_REAL_GROWTH_YOY_Q,季度实际GDP同比增速,Quarterly real GDP growth YoY,2022-Q2,Q,%,SCA,YoY,1.5,Eurostat,namq_10_gdp,namq_10_gdp.Q.CLV_PCH_SM.SCA.B1GQ,Quarterly real GDP growth YoY,https://ec.europa.eu/eurostat/databrowser/view/namq_10_gdp/default/table,2026-08-12T23:00:00+0200,final,2026-08-13 18:04:54,2026-08-12T23:00:00+0200
DE.GDP_REAL_GROWTH_YOY_Q.EUROSTAT,DE,DE,DEU,德国,Germany,GDP_REAL_GROWTH_YOY_Q,季度实际GDP同比增速,Quarterly real GDP growth YoY,2022-Q3,Q,%,SCA,YoY,1.7,Eurostat,namq_10_gdp,namq_10_gdp.Q.CLV_PCH_SM.SCA.B1GQ,Quarterly real GDP growth YoY,https://ec.europa.eu/eurostat/databrowser/view/namq_10_gdp/default/table,2026-08-12T23:00:00+0200,final,2026-08-13 18:04:54,2026-08-12T23:00:00+0200
DE.GDP_REAL_GROWTH_YOY_Q.EUROSTAT,DE,DE,DEU,德国,Germany,GDP_REAL_GROWTH_YOY_Q,季度实际GDP同比增速,Quarterly real GDP growth YoY,2022-Q4,Q,%,SCA,YoY,0.9,Eurostat,namq_10_gdp,namq_10_gdp.Q.CLV_PCH_SM.SCA.B1GQ,Quarterly real GDP growth YoY,https://ec.europa.eu/eurostat/databrowser/view/namq_10_gdp/default/table,2026-08-12T23:00:00+0200,final,2026-08-13 18:04:54,2026-08-12T23:00:00+0200
DE.GDP_REAL_GROWTH_YOY_Q.EUROSTAT,DE,DE,DEU,德国,Germany,GDP_REAL_GROWTH_YOY_Q,季度实际GDP同比增速,Quarterly real GDP growth YoY,2023-Q1,Q,%,SCA,YoY,-0.6,Eurostat,namq_10_gdp,namq_10_gdp.Q.CLV_PCH_SM.SCA.B1GQ,Quarterly real GDP growth YoY,https://ec.europa.eu/eurostat/databrowser/view/namq_10_gdp/default/table,2026-08-12T23:00:00+0200,final,2026-08-13 18:04:54,2026-08-12T23:00:00+0200
DE.GDP_REAL_GROWTH_YOY_Q.EUROSTAT,DE,DE,DEU,德国,Germany,GDP_REAL_GROWTH_YOY_Q,季度实际GDP同比增速,Quarterly real GDP growth YoY,2023-Q2,Q,%,SCA,YoY,-0.8,Eurostat,namq_10_gdp,namq_10_gdp.Q.CLV_PCH_SM.SCA.B1GQ,Quarterly real GDP growth YoY,https://ec.europa.eu/eurostat/databrowser/view/namq_10_gdp/default/table,2026-08-12T23:00:00+0200,final,2026-08-13 18:04:54,2026-08-12T23:00:00+0200
DE.GDP_REAL_GROWTH_YOY_Q.EUROSTAT,DE,DE,DEU,德国,Germany,GDP_REAL_GROWTH_YOY_Q,季度实际GDP同比增速,Quarterly real GDP growth YoY,2023-Q3,Q,%,SCA,YoY,-1.0,Eurostat,namq_10_gdp,namq_10_gdp.Q.CLV_PCH_SM.SCA.B1GQ,Quarterly real GDP growth YoY,https://ec.europa.eu/eurostat/databrowser/view/namq_10_gdp/default/table,2026-08-12T23:00:00+0200,final,2026-08-13 18:04:54,2026-08-12T23:00:00+0200
DE.GDP_REAL_GROWTH_YOY_Q.EUROSTAT,DE,DE,DEU,德国,Germany,GDP_REAL_GROWTH_YOY_Q,季度实际GDP同比增速,Quarterly real GDP growth YoY,2023-Q4,Q,%,SCA,YoY,-0.9,Eurostat,namq_10_gdp,namq_10_gdp.Q.CLV_PCH_SM.SCA.B1GQ,Quarterly real GDP growth YoY,https://ec.europa.eu/eurostat/databrowser/view/namq_10_gdp/default/table,2026-08-12T23:00:00+0200,final,2026-08-13 18:04:54,2026-08-12T23:00:00+0200
DE.GDP_REAL_GROWTH_YOY_Q.EUROSTAT,DE,DE,DEU,德国,Germany,GDP_REAL_GROWTH_YOY_Q,季度实际GDP同比增速,Quarterly real GDP growth YoY,2024-Q1,Q,%,SCA,YoY,0.0,Eurostat,namq_10_gdp,namq_10_gdp.Q.CLV_PCH_SM.SCA.B1GQ,Quarterly real GDP growth YoY,https://ec.europa.eu/eurostat/databrowser/view/namq_10_gdp/default/table,2026-08-12T23:00:00+0200,final,2026-08-13 18:04:54,2026-08-12T23:00:00+0200
DE.GDP_REAL_GROWTH_YOY_Q.EUROSTAT,DE,DE,DEU,德国,Germany,GDP_REAL_GROWTH_YOY_Q,季度实际GDP同比增速,Quarterly real GDP growth YoY,2024-Q2,Q,%,SCA,YoY,-0.1,Eurostat,namq_10_gdp,namq_10_gdp.Q.CLV_PCH_SM.SCA.B1GQ,Quarterly real GDP growth YoY,https://ec.europa.eu/eurostat/databrowser/view/namq_10_gdp/default/table,2026-08-12T23:00:00+0200,final,2026-08-13 18:04:54,2026-08-12T23:00:00+0200
DE.GDP_REAL_GROWTH_YOY_Q.EUROSTAT,DE,DE,DEU,德国,Germany,GDP_REAL_GROWTH_YOY_Q,季度实际GDP同比增速,Quarterly real GDP growth YoY,2024-Q3,Q,%,SCA,YoY,-0.1,Eurostat,namq_10_gdp,namq_10_gdp.Q.CLV_PCH_SM.SCA.B1GQ,Quarterly real GDP growth YoY,https://ec.europa.eu/eurostat/databrowser/view/namq_10_gdp/default/table,2026-08-12T23:00:00+0200,final,2026-08-13 18:04:54,2026-08-12T23:00:00+0200
DE.GDP_REAL_GROWTH_YOY_Q.EUROSTAT,DE,DE,DEU,德国,Germany,GDP_REAL_GROWTH_YOY_Q,季度实际GDP同比增速,Quarterly real GDP growth YoY,2024-Q4,Q,%,SCA,YoY,0.4,Eurostat,namq_10_gdp,namq_10_gdp.Q.CLV_PCH_SM.SCA.B1GQ,Quarterly real GDP growth YoY,https://ec.europa.eu/eurostat/databrowser/view/namq_10_gdp/default/table,2026-08-12T23:00:00+0200,final,2026-08-13 18:04:54,2026-08-12T23:00:00+0200
DE.GDP_REAL_GROWTH_YOY_Q.EUROSTAT,DE,DE,DEU,德国,Germany,GDP_REAL_GROWTH_YOY_Q,季度实际GDP同比增速,Quarterly real GDP growth YoY,2025-Q1,Q,%,SCA,YoY,0.3,Eurostat,namq_10_gdp,namq_10_gdp.Q.CLV_PCH_SM.SCA.B1GQ,Quarterly real GDP growth YoY,https://ec.europa.eu/eurostat/databrowser/view/namq_10_gdp/default/table,2026-08-12T23:00:00+0200,final,2026-08-13 18:04:54,2026-08-12T23:00:00+0200
DE.GDP_REAL_GROWTH_YOY_Q.EUROSTAT,DE,DE,DEU,德国,Germany,GDP_REAL_GROWTH_YOY_Q,季度实际GDP同比增速,Quarterly real GDP growth YoY,2025-Q2,Q,%,SCA,YoY,0.4,Eurostat,namq_10_gdp,namq_10_gdp.Q.CLV_PCH_SM.SCA.B1GQ,Quarterly real GDP growth YoY,https://ec.europa.eu/eurostat/databrowser/view/namq_10_gdp/default/table,2026-08-12T23:00:00+0200,final,2026-08-13 18:04:54,2026-08-12T23:00:00+0200
DE.GDP_REAL_GROWTH_YOY_Q.EUROSTAT,DE,DE,DEU,德国,Germany,GDP_REAL_GROWTH_YOY_Q,季度实际GDP同比增速,Quarterly real GDP growth YoY,2025-Q3,Q,%,SCA,YoY,0.3,Eurostat,namq_10_gdp,namq_10_gdp.Q.CLV_PCH_SM.SCA.B1GQ,Quarterly real GDP growth YoY,https://ec.europa.eu/eurostat/databrowser/view/namq_10_gdp/default/table,2026-08-12T23:00:00+0200,final,2026-08-13 18:04:54,2026-08-12T23:00:00+0200
DE.GDP_REAL_GROWTH_YOY_Q.EUROSTAT,DE,DE,DEU,德国,Germany,GDP_REAL_GROWTH_YOY_Q,季度实际GDP同比增速,Quarterly real GDP growth YoY,2025-Q4,Q,%,SCA,YoY,0.3,Eurostat,namq_10_gdp,namq_10_gdp.Q.CLV_PCH_SM.SCA.B1GQ,Quarterly real GDP growth YoY,https://ec.europa.eu/eurostat/databrowser/view/namq_10_gdp/default/table,2026-08-12T23:00:00+0200,final,2026-08-13 18:04:54,2026-08-12T23:00:00+0200
DE.GDP_REAL_GROWTH_YOY_Q.EUROSTAT,DE,DE,DEU,德国,Germany,GDP_REAL_GROWTH_YOY_Q,季度实际GDP同比增速,Quarterly real GDP growth YoY,2026-Q1,Q,%,SCA,YoY,0.6,Eurostat,namq_10_gdp,namq_10_gdp.Q.CLV_PCH_SM.SCA.B1GQ,Quarterly real GDP growth YoY,https://ec.europa.eu/eurostat/databrowser/view/namq_10_gdp/default/table,2026-08-12T23:00:00+0200,final,2026-08-13 18:04:54,2026-08-12T23:00:00+0200
DE.GDP_REAL_GROWTH_YOY_Q.EUROSTAT,DE,DE,DEU,德国,Germany,GDP_REAL_GROWTH_YOY_Q,季度实际GDP同比增速,Quarterly real GDP growth YoY,2026-Q2,Q,%,SCA,YoY,0.9,Eurostat,namq_10_gdp,namq_10_gdp.Q.CLV_PCH_SM.SCA.B1GQ,Quarterly real GDP growth YoY,https://ec.europa.eu/eurostat/databrowser/view/namq_10_gdp/default/table,2026-08-12T23:00:00+0200,final,2026-08-13 18:04:54,2026-08-12T23:00:00+0200
ES.GDP_REAL_GROWTH_YOY_Q.EUROSTAT,ES,ES,ESP,西班牙,Spain,GDP_REAL_GROWTH_YOY_Q,季度实际GDP同比增速,Quarterly real GDP growth YoY,2015-Q1,Q,%,SCA,YoY,3.6,Eurostat,namq_10_gdp,namq_10_gdp.Q.CLV_PCH_SM.SCA.B1GQ,Quarterly real GDP growth YoY,https://ec.europa.eu/eurostat/databrowser/view/namq_10_gdp/default/table,2026-08-12T23:00:00+0200,final,2026-08-13 18:04:54,2026-08-12T23:00:00+0200
ES.GDP_REAL_GROWTH_YOY_Q.EUROSTAT,ES,ES,ESP,西班牙,Spain,GDP_REAL_GROWTH_YOY_Q,季度实际GDP同比增速,Quarterly real GDP growth YoY,2015-Q2,Q,%,SCA,YoY,4.2,Eurostat,namq_10_gdp,namq_10_gdp.Q.CLV_PCH_SM.SCA.B1GQ,Quarterly real GDP growth YoY,https://ec.europa.eu/eurostat/databrowser/view/namq_10_gdp/default/table,2026-08-12T23:00:00+0200,final,2026-08-13 18:04:54,2026-08-12T23:00:00+0200
ES.GDP_REAL_GROWTH_YOY_Q.EUROSTAT,ES,ES,ESP,西班牙,Spain,GDP_REAL_GROWTH_YOY_Q,季度实际GDP同比增速,Quarterly real GDP growth YoY,2015-Q3,Q,%,SCA,YoY,4.3,Eurostat,namq_10_gdp,namq_10_gdp.Q.CLV_PCH_SM.SCA.B1GQ,Quarterly real GDP growth YoY,https://ec.europa.eu/eurostat/databrowser/view/namq_10_gdp/default/table,2026-08-12T23:00:00+0200,final,2026-08-13 18:04:54,2026-08-12T23:00:00+0200
ES.GDP_REAL_GROWTH_YOY_Q.EUROSTAT,ES,ES,ESP,西班牙,Spain,GDP_REAL_GROWTH_YOY_Q,季度实际GDP同比增速,Quarterly real GDP growth YoY,2015-Q4,Q,%,SCA,YoY,4.2,Eurostat,namq_10_gdp,namq_10_gdp.Q.CLV_PCH_SM.SCA.B1GQ,Quarterly real GDP growth YoY,https://ec.europa.eu/eurostat/databrowser/view/namq_10_gdp/default/table,2026-08-12T23:00:00+0200,final,2026-08-13 18:04:54,2026-08-12T23:00:00+0200
ES.GDP_REAL_GROWTH_YOY_Q.EUROSTAT,ES,ES,ESP,西班牙,Spain,GDP_REAL_GROWTH_YOY_Q,季度实际GDP同比增速,Quarterly real GDP growth YoY,2016-Q1,Q,%,SCA,YoY,3.7,Eurostat,namq_10_gdp,namq_10_gdp.Q.CLV_PCH_SM.SCA.B1GQ,Quarterly real GDP growth YoY,https://ec.europa.eu/eurostat/databrowser/view/namq_10_gdp/default/table,2026-08-12T23:00:00+0200,final,2026-08-13 18:04:54,2026-08-12T23:00:00+0200
ES.GDP_REAL_GROWTH_YOY_Q.EUROSTAT,ES,ES,ESP,西班牙,Spain,GDP_REAL_GROWTH_YOY_Q,季度实际GDP同比增速,Quarterly real GDP growth YoY,2016-Q2,Q,%,SCA,YoY,2.9,Eurostat,namq_10_gdp,namq_10_gdp.Q.CLV_PCH_SM.SCA.B1GQ,Quarterly real GDP growth YoY,https://ec.europa.eu/eurostat/databrowser/view/namq_10_gdp/default/table,2026-08-12T23:00:00+0200,final,2026-08-13 18:04:54,2026-08-12T23:00:00+0200
ES.GDP_REAL_GROWTH_YOY_Q.EUROSTAT,ES,ES,ESP,西班牙,Spain,GDP_REAL_GROWTH_YOY_Q,季度实际GDP同比增速,Quarterly real GDP growth YoY,2016-Q3,Q,%,SCA,YoY,2.7,Eurostat,namq_10_gdp,namq_10_gdp.Q.CLV_PCH_SM.SCA.B1GQ,Quarterly real GDP growth YoY,https://ec.europa.eu/eurostat/databrowser/view/namq_10_gdp/default/table,2026-08-12T23:00:00+0200,final,2026-08-13 18:04:54,2026-08-12T23:00:00+0200
ES.GDP_REAL_GROWTH_YOY_Q.EUROSTAT,ES,ES,ESP,西班牙,Spain,GDP_REAL_GROWTH_YOY_Q,季度实际GDP同比增速,Quarterly real GDP growth YoY,2016-Q4,Q,%,SCA,YoY,2.4,Eurostat,namq_10_gdp,namq_10_gdp.Q.CLV_PCH_SM.SCA.B1GQ,Quarterly real GDP growth YoY,https://ec.europa.eu/eurostat/databrowser/view/namq_10_gdp/default/table,2026-08-12T23:00:00+0200,final,2026-08-13 18:04:54,2026-08-12T23:00:00+0200
ES.GDP_REAL_GROWTH_YOY_Q.EUROSTAT,ES,ES,ESP,西班牙,Spain,GDP_REAL_GROWTH_YOY_Q,季度实际GDP同比增速,Quarterly real GDP growth YoY,2017-Q1,Q,%,SCA,YoY,2.4,Eurostat,namq_10_gdp,namq_10_gdp.Q.CLV_PCH_SM.SCA.B1GQ,Quarterly real GDP growth YoY,https://ec.europa.eu/eurostat/databrowser/view/namq_10_gdp/default/table,2026-08-12T23:00:00+0200,final,2026-08-13 18:04:54,2026-08-12T23:00:00+0200
ES.GDP_REAL_GROWTH_YOY_Q.EUROSTAT,ES,ES,ESP,西班牙,Spain,GDP_REAL_GROWTH_YOY_Q,季度实际GDP同比增速,Quarterly real GDP growth YoY,2017-Q2,Q,%,SCA,YoY,3.1,Eurostat,namq_10_gdp,namq_10_gdp.Q.CLV_PCH_SM.SCA.B1GQ,Quarterly real GDP growth YoY,https://ec.europa.eu/eurostat/databrowser/view/namq_10_gdp/default/table,2026-08-12T23:00:00+0200,final,2026-08-13 18:04:54,2026-08-12T23:00:00+0200
ES.GDP_REAL_GROWTH_YOY_Q.EUROSTAT,ES,ES,ESP,西班牙,Spain,GDP_REAL_GROWTH_YOY_Q,季度实际GDP同比增速,Quarterly real GDP growth YoY,2017-Q3,Q,%,SCA,YoY,3.0,Eurostat,namq_10_gdp,namq_10_gdp.Q.CLV_PCH_SM.SCA.B1GQ,Quarterly real GDP growth YoY,https://ec.europa.eu/eurostat/databrowser/view/namq_10_gdp/default/table,2026-08-12T23:00:00+0200,final,2026-08-13 18:04:54,2026-08-12T23:00:00+0200
ES.GDP_REAL_GROWTH_YOY_Q.EUROSTAT,ES,ES,ESP,西班牙,Spain,GDP_REAL_GROWTH_YOY_Q,季度实际GDP同比增速,Quarterly real GDP growth YoY,2017-Q4,Q,%,SCA,YoY,3.0,Eurostat,namq_10_gdp,namq_10_gdp.Q.CLV_PCH_SM.SCA.B1GQ,Quarterly real GDP growth YoY,https://ec.europa.eu/eurostat/databrowser/view/namq_10_gdp/default/table,2026-08-12T23:00:00+0200,final,2026-08-13 18:04:54,2026-08-12T23:00:00+0200
ES.GDP_REAL_GROWTH_YOY_Q.EUROSTAT,ES,ES,ESP,西班牙,Spain,GDP_REAL_GROWTH_YOY_Q,季度实际GDP同比增速,Quarterly real GDP growth YoY,2018-Q1,Q,%,SCA,YoY,2.7,Eurostat,namq_10_gdp,namq_10_gdp.Q.CLV_PCH_SM.SCA.B1GQ,Quarterly real GDP growth YoY,https://ec.europa.eu/eurostat/databrowser/view/namq_10_gdp/default/table,2026-08-12T23:00:00+0200,final,2026-08-13 18:04:54,2026-08-12T23:00:00+0200
ES.GDP_REAL_GROWTH_YOY_Q.EUROSTAT,ES,ES,ESP,西班牙,Spain,GDP_REAL_GROWTH_YOY_Q,季度实际GDP同比增速,Quarterly real GDP growth YoY,2018-Q2,Q,%,SCA,YoY,2.3,Eurostat,namq_10_gdp,namq_10_gdp.Q.CLV_PCH_SM.SCA.B1GQ,Quarterly real GDP growth YoY,https://ec.europa.eu/eurostat/databrowser/view/namq_10_gdp/default/table,2026-08-12T23:00:00+0200,final,2026-08-13 18:04:54,2026-08-12T23:00:00+0200
ES.GDP_REAL_GROWTH_YOY_Q.EUROSTAT,ES,ES,ESP,西班牙,Spain,GDP_REAL_GROWTH_YOY_Q,季度实际GDP同比增速,Quarterly real GDP growth YoY,2018-Q3,Q,%,SCA,YoY,2.3,Eurostat,namq_10_gdp,namq_10_gdp.Q.CLV_PCH_SM.SCA.B1GQ,Quarterly real GDP growth YoY,https://ec.europa.eu/eurostat/databrowser/view/namq_10_gdp/default/table,2026-08-12T23:00:00+0200,final,2026-08-13 18:04:54,2026-08-12T23:00:00+0200
ES.GDP_REAL_GROWTH_YOY_Q.EUROSTAT,ES,ES,ESP,西班牙,Spain,GDP_REAL_GROWTH_YOY_Q,季度实际GDP同比增速,Quarterly real GDP growth YoY,2018-Q4,Q,%,SCA,YoY,2.2,Eurostat,namq_10_gdp,namq_10_gdp.Q.CLV_PCH_SM.SCA.B1GQ,Quarterly real GDP growth YoY,https://ec.europa.eu/eurostat/databrowser/view/namq_10_gdp/default/table,2026-08-12T23:00:00+0200,final,2026-08-13 18:04:54,2026-08-12T23:00:00+0200
ES.GDP_REAL_GROWTH_YOY_Q.EUROSTAT,ES,ES,ESP,西班牙,Spain,GDP_REAL_GROWTH_YOY_Q,季度实际GDP同比增速,Quarterly real GDP growth YoY,2019-Q1,Q,%,SCA,YoY,2.4,Eurostat,namq_10_gdp,namq_10_gdp.Q.CLV_PCH_SM.SCA.B1GQ,Quarterly real GDP growth YoY,https://ec.europa.eu/eurostat/databrowser/view/namq_10_gdp/default/table,2026-08-12T23:00:00+0200,final,2026-08-13 18:04:54,2026-08-12T23:00:00+0200
ES.GDP_REAL_GROWTH_YOY_Q.EUROSTAT,ES,ES,ESP,西班牙,Spain,GDP_REAL_GROWTH_YOY_Q,季度实际GDP同比增速,Quarterly real GDP growth YoY,2019-Q2,Q,%,SCA,YoY,2.1,Eurostat,namq_10_gdp,namq_10_gdp.Q.CLV_PCH_SM.SCA.B1GQ,Quarterly real GDP growth YoY,https://ec.europa.eu/eurostat/databrowser/view/namq_10_gdp/default/table,2026-08-12T23:00:00+0200,final,2026-08-13 18:04:54,2026-08-12T23:00:00+0200
ES.GDP_REAL_GROWTH_YOY_Q.EUROSTAT,ES,ES,ESP,西班牙,Spain,GDP_REAL_GROWTH_YOY_Q,季度实际GDP同比增速,Quarterly real GDP growth YoY,2019-Q3,Q,%,SCA,YoY,1.7,Eurostat,namq_10_gdp,namq_10_gdp.Q.CLV_PCH_SM.SCA.B1GQ,Quarterly real GDP growth YoY,https://ec.europa.eu/eurostat/databrowser/view/namq_10_gdp/default/table,2026-08-12T23:00:00+0200,final,2026-08-13 18:04:54,2026-08-12T23:00:00+0200
ES.GDP_REAL_GROWTH_YOY_Q.EUROSTAT,ES,ES,ESP,西班牙,Spain,GDP_REAL_GROWTH_YOY_Q,季度实际GDP同比增速,Quarterly real GDP growth YoY,2019-Q4,Q,%,SCA,YoY,1.7,Eurostat,namq_10_gdp,namq_10_gdp.Q.CLV_PCH_SM.SCA.B1GQ,Quarterly real GDP growth YoY,https://ec.europa.eu/eurostat/databrowser/view/namq_10_gdp/default/table,2026-08-12T23:00:00+0200,final,2026-08-13 18:04:54,2026-08-12T23:00:00+0200
ES.GDP_REAL_GROWTH_YOY_Q.EUROSTAT,ES,ES,ESP,西班牙,Spain,GDP_REAL_GROWTH_YOY_Q,季度实际GDP同比增速,Quarterly real GDP growth YoY,2020-Q1,Q,%,SCA,YoY,-4.2,Eurostat,namq_10_gdp,namq_10_gdp.Q.CLV_PCH_SM.SCA.B1GQ,Quarterly real GDP growth YoY,https://ec.europa.eu/eurostat/databrowser/view/namq_10_gdp/default/table,2026-08-12T23:00:00+0200,final,2026-08-13 18:04:54,2026-08-12T23:00:00+0200
ES.GDP_REAL_GROWTH_YOY_Q.EUROSTAT,ES,ES,ESP,西班牙,Spain,GDP_REAL_GROWTH_YOY_Q,季度实际GDP同比增速,Quarterly real GDP growth YoY,2020-Q2,Q,%,SCA,YoY,-21.5,Eurostat,namq_10_gdp,namq_10_gdp.Q.CLV_PCH_SM.SCA.B1GQ,Quarterly real GDP growth YoY,https://ec.europa.eu/eurostat/databrowser/view/namq_10_gdp/default/table,2026-08-12T23:00:00+0200,final,2026-08-13 18:04:54,2026-08-12T23:00:00+0200
ES.GDP_REAL_GROWTH_YOY_Q.EUROSTAT,ES,ES,ESP,西班牙,Spain,GDP_REAL_GROWTH_YOY_Q,季度实际GDP同比增速,Quarterly real GDP growth YoY,2020-Q3,Q,%,SCA,YoY,-9.1,Eurostat,namq_10_gdp,namq_10_gdp.Q.CLV_PCH_SM.SCA.B1GQ,Quarterly real GDP growth YoY,https://ec.europa.eu/eurostat/databrowser/view/namq_10_gdp/default/table,2026-08-12T23:00:00+0200,final,2026-08-13 18:04:54,2026-08-12T23:00:00+0200
ES.GDP_REAL_GROWTH_YOY_Q.EUROSTAT,ES,ES,ESP,西班牙,Spain,GDP_REAL_GROWTH_YOY_Q,季度实际GDP同比增速,Quarterly real GDP growth YoY,2020-Q4,Q,%,SCA,YoY,-9.0,Eurostat,namq_10_gdp,namq_10_gdp.Q.CLV_PCH_SM.SCA.B1GQ,Quarterly real GDP growth YoY,https://ec.europa.eu/eurostat/databrowser/view/namq_10_gdp/default/table,2026-08-12T23:00:00+0200,final,2026-08-13 18:04:54,2026-08-12T23:00:00+0200
ES.GDP_REAL_GROWTH_YOY_Q.EUROSTAT,ES,ES,ESP,西班牙,Spain,GDP_REAL_GROWTH_YOY_Q,季度实际GDP同比增速,Quarterly real GDP growth YoY,2021-Q1,Q,%,SCA,YoY,-2.9,Eurostat,namq_10_gdp,namq_10_gdp.Q.CLV_PCH_SM.SCA.B1GQ,Quarterly real GDP growth YoY,https://ec.europa.eu/eurostat/databrowser/view/namq_10_gdp/default/table,2026-08-12T23:00:00+0200,final,2026-08-13 18:04:54,2026-08-12T23:00:00+0200
ES.GDP_REAL_GROWTH_YOY_Q.EUROSTAT,ES,ES,ESP,西班牙,Spain,GDP_REAL_GROWTH_YOY_Q,季度实际GDP同比增速,Quarterly real GDP growth YoY,2021-Q2,Q,%,SCA,YoY,19.8,Eurostat,namq_10_gdp,namq_10_gdp.Q.CLV_PCH_SM.SCA.B1GQ,Quarterly real GDP growth YoY,https://ec.europa.eu/eurostat/databrowser/view/namq_10_gdp/default/table,2026-08-12T23:00:00+0200,final,2026-08-13 18:04:54,2026-08-12T23:00:00+0200
ES.GDP_REAL_GROWTH_YOY_Q.EUROSTAT,ES,ES,ESP,西班牙,Spain,GDP_REAL_GROWTH_YOY_Q,季度实际GDP同比增速,Quarterly real GDP growth YoY,2021-Q3,Q,%,SCA,YoY,5.4,Eurostat,namq_10_gdp,namq_10_gdp.Q.CLV_PCH_SM.SCA.B1GQ,Quarterly real GDP growth YoY,https://ec.europa.eu/eurostat/databrowser/view/namq_10_gdp/default/table,2026-08-12T23:00:00+0200,final,2026-08-13 18:04:54,2026-08-12T23:00:00+0200
ES.GDP_REAL_GROWTH_YOY_Q.EUROSTAT,ES,ES,ESP,西班牙,Spain,GDP_REAL_GROWTH_YOY_Q,季度实际GDP同比增速,Quarterly real GDP growth YoY,2021-Q4,Q,%,SCA,YoY,6.7,Eurostat,namq_10_gdp,namq_10_gdp.Q.CLV_PCH_SM.SCA.B1GQ,Quarterly real GDP growth YoY,https://ec.europa.eu/eurostat/databrowser/view/namq_10_gdp/default/table,2026-08-12T23:00:00+0200,final,2026-08-13 18:04:54,2026-08-12T23:00:00+0200
ES.GDP_REAL_GROWTH_YOY_Q.EUROSTAT,ES,ES,ESP,西班牙,Spain,GDP_REAL_GROWTH_YOY_Q,季度实际GDP同比增速,Quarterly real GDP growth YoY,2022-Q1,Q,%,SCA,YoY,7.1,Eurostat,namq_10_gdp,namq_10_gdp.Q.CLV_PCH_SM.SCA.B1GQ,Quarterly real GDP growth YoY,https://ec.europa.eu/eurostat/databrowser/view/namq_10_gdp/default/table,2026-08-12T23:00:00+0200,final,2026-08-13 18:04:54,2026-08-12T23:00:00+0200
ES.GDP_REAL_GROWTH_YOY_Q.EUROSTAT,ES,ES,ESP,西班牙,Spain,GDP_REAL_GROWTH_YOY_Q,季度实际GDP同比增速,Quarterly real GDP growth YoY,2022-Q2,Q,%,SCA,YoY,7.5,Eurostat,namq_10_gdp,namq_10_gdp.Q.CLV_PCH_SM.SCA.B1GQ,Quarterly real GDP growth YoY,https://ec.europa.eu/eurostat/databrowser/view/namq_10_gdp/default/table,2026-08-12T23:00:00+0200,final,2026-08-13 18:04:54,2026-08-12T23:00:00+0200
ES.GDP_REAL_GROWTH_YOY_Q.EUROSTAT,ES,ES,ESP,西班牙,Spain,GDP_REAL_GROWTH_YOY_Q,季度实际GDP同比增速,Quarterly real GDP growth YoY,2022-Q3,Q,%,SCA,YoY,6.3,Eurostat,namq_10_gdp,namq_10_gdp.Q.CLV_PCH_SM.SCA.B1GQ,Quarterly real GDP growth YoY,https://ec.europa.eu/eurostat/databrowser/view/namq_10_gdp/default/table,2026-08-12T23:00:00+0200,final,2026-08-13 18:04:54,2026-08-12T23:00:00+0200
ES.GDP_REAL_GROWTH_YOY_Q.EUROSTAT,ES,ES,ESP,西班牙,Spain,GDP_REAL_GROWTH_YOY_Q,季度实际GDP同比增速,Quarterly real GDP growth YoY,2022-Q4,Q,%,SCA,YoY,4.7,Eurostat,namq_10_gdp,namq_10_gdp.Q.CLV_PCH_SM.SCA.B1GQ,Quarterly real GDP growth YoY,https://ec.europa.eu/eurostat/databrowser/view/namq_10_gdp/default/table,2026-08-12T23:00:00+0200,final,2026-08-13 18:04:54,2026-08-12T23:00:00+0200
ES.GDP_REAL_GROWTH_YOY_Q.EUROSTAT,ES,ES,ESP,西班牙,Spain,GDP_REAL_GROWTH_YOY_Q,季度实际GDP同比增速,Quarterly real GDP growth YoY,2023-Q1,Q,%,SCA,YoY,3.6,Eurostat,namq_10_gdp,namq_10_gdp.Q.CLV_PCH_SM.SCA.B1GQ,Quarterly real GDP growth YoY,https://ec.europa.eu/eurostat/databrowser/view/namq_10_gdp/default/table,2026-08-12T23:00:00+0200,final,2026-08-13 18:04:54,2026-08-12T23:00:00+0200
ES.GDP_REAL_GROWTH_YOY_Q.EUROSTAT,ES,ES,ESP,西班牙,Spain,GDP_REAL_GROWTH_YOY_Q,季度实际GDP同比增速,Quarterly real GDP growth YoY,2023-Q2,Q,%,SCA,YoY,2.0,Eurostat,namq_10_gdp,namq_10_gdp.Q.CLV_PCH_SM.SCA.B1GQ,Quarterly real GDP growth YoY,https://ec.europa.eu/eurostat/databrowser/view/namq_10_gdp/default/table,2026-08-12T23:00:00+0200,final,2026-08-13 18:04:54,2026-08-12T23:00:00+0200
ES.GDP_REAL_GROWTH_YOY_Q.EUROSTAT,ES,ES,ESP,西班牙,Spain,GDP_REAL_GROWTH_YOY_Q,季度实际GDP同比增速,Quarterly real GDP growth YoY,2023-Q3,Q,%,SCA,YoY,2.0,Eurostat,namq_10_gdp,namq_10_gdp.Q.CLV_PCH_SM.SCA.B1GQ,Quarterly real GDP growth YoY,https://ec.europa.eu/eurostat/databrowser/view/namq_10_gdp/default/table,2026-08-12T23:00:00+0200,final,2026-08-13 18:04:54,2026-08-12T23:00:00+0200
ES.GDP_REAL_GROWTH_YOY_Q.EUROSTAT,ES,ES,ESP,西班牙,Spain,GDP_REAL_GROWTH_YOY_Q,季度实际GDP同比增速,Quarterly real GDP growth YoY,2023-Q4,Q,%,SCA,YoY,2.2,Eurostat,namq_10_gdp,namq_10_gdp.Q.CLV_PCH_SM.SCA.B1GQ,Quarterly real GDP growth YoY,https://ec.europa.eu/eurostat/databrowser/view/namq_10_gdp/default/table,2026-08-12T23:00:00+0200,final,2026-08-13 18:04:54,2026-08-12T23:00:00+0200
ES.GDP_REAL_GROWTH_YOY_Q.EUROSTAT,ES,ES,ESP,西班牙,Spain,GDP_REAL_GROWTH_YOY_Q,季度实际GDP同比增速,Quarterly real GDP growth YoY,2024-Q1,Q,%,SCA,YoY,2.9,Eurostat,namq_10_gdp,namq_10_gdp.Q.CLV_PCH_SM.SCA.B1GQ,Quarterly real GDP growth YoY,https://ec.europa.eu/eurostat/databrowser/view/namq_10_gdp/default/table,2026-08-12T23:00:00+0200,final,2026-08-13 18:04:54,2026-08-12T23:00:00+0200
ES.GDP_REAL_GROWTH_YOY_Q.EUROSTAT,ES,ES,ESP,西班牙,Spain,GDP_REAL_GROWTH_YOY_Q,季度实际GDP同比增速,Quarterly real GDP growth YoY,2024-Q2,Q,%,SCA,YoY,3.7,Eurostat,namq_10_gdp,namq_10_gdp.Q.CLV_PCH_SM.SCA.B1GQ,Quarterly real GDP growth YoY,https://ec.europa.eu/eurostat/databrowser/view/namq_10_gdp/default/table,2026-08-12T23:00:00+0200,final,2026-08-13 18:04:54,2026-08-12T23:00:00+0200
ES.GDP_REAL_GROWTH_YOY_Q.EUROSTAT,ES,ES,ESP,西班牙,Spain,GDP_REAL_GROWTH_YOY_Q,季度实际GDP同比增速,Quarterly real GDP growth YoY,2024-Q3,Q,%,SCA,YoY,3.6,Eurostat,namq_10_gdp,namq_10_gdp.Q.CLV_PCH_SM.SCA.B1GQ,Quarterly real GDP growth YoY,https://ec.europa.eu/eurostat/databrowser/view/namq_10_gdp/default/table,2026-08-12T23:00:00+0200,final,2026-08-13 18:04:54,2026-08-12T23:00:00+0200
ES.GDP_REAL_GROWTH_YOY_Q.EUROSTAT,ES,ES,ESP,西班牙,Spain,GDP_REAL_GROWTH_YOY_Q,季度实际GDP同比增速,Quarterly real GDP growth YoY,2024-Q4,Q,%,SCA,YoY,3.7,Eurostat,namq_10_gdp,namq_10_gdp.Q.CLV_PCH_SM.SCA.B1GQ,Quarterly real GDP growth YoY,https://ec.europa.eu/eurostat/databrowser/view/namq_10_gdp/default/table,2026-08-12T23:00:00+0200,final,2026-08-13 18:04:54,2026-08-12T23:00:00+0200
ES.GDP_REAL_GROWTH_YOY_Q.EUROSTAT,ES,ES,ESP,西班牙,Spain,GDP_REAL_GROWTH_YOY_Q,季度实际GDP同比增速,Quarterly real GDP growth YoY,2025-Q1,Q,%,SCA,YoY,3.1,Eurostat,namq_10_gdp,namq_10_gdp.Q.CLV_PCH_SM.SCA.B1GQ,Quarterly real GDP growth YoY,https://ec.europa.eu/eurostat/databrowser/view/namq_10_gdp/default/table,2026-08-12T23:00:00+0200,final,2026-08-13 18:04:54,2026-08-12T23:00:00+0200
ES.GDP_REAL_GROWTH_YOY_Q.EUROSTAT,ES,ES,ESP,西班牙,Spain,GDP_REAL_GROWTH_YOY_Q,季度实际GDP同比增速,Quarterly real GDP growth YoY,2025-Q2,Q,%,SCA,YoY,2.9,Eurostat,namq_10_gdp,namq_10_gdp.Q.CLV_PCH_SM.SCA.B1GQ,Quarterly real GDP growth YoY,https://ec.europa.eu/eurostat/databrowser/view/namq_10_gdp/default/table,2026-08-12T23:00:00+0200,final,2026-08-13 18:04:54,2026-08-12T23:00:00+0200
ES.GDP_REAL_GROWTH_YOY_Q.EUROSTAT,ES,ES,ESP,西班牙,Spain,GDP_REAL_GROWTH_YOY_Q,季度实际GDP同比增速,Quarterly real GDP growth YoY,2025-Q3,Q,%,SCA,YoY,2.7,Eurostat,namq_10_gdp,namq_10_gdp.Q.CLV_PCH_SM.SCA.B1GQ,Quarterly real GDP growth YoY,https://ec.europa.eu/eurostat/databrowser/view/namq_10_gdp/default/table,2026-08-12T23:00:00+0200,final,2026-08-13 18:04:54,2026-08-12T23:00:00+0200
ES.GDP_REAL_GROWTH_YOY_Q.EUROSTAT,ES,ES,ESP,西班牙,Spain,GDP_REAL_GROWTH_YOY_Q,季度实际GDP同比增速,Quarterly real GDP growth YoY,2025-Q4,Q,%,SCA,YoY,2.7,Eurostat,namq_10_gdp,namq_10_gdp.Q.CLV_PCH_SM.SCA.B1GQ,Quarterly real GDP growth YoY,https://ec.europa.eu/eurostat/databrowser/view/namq_10_gdp/default/table,2026-08-12T23:00:00+0200,final,2026-08-13 18:04:54,2026-08-12T23:00:00+0200
ES.GDP_REAL_GROWTH_YOY_Q.EUROSTAT,ES,ES,ESP,西班牙,Spain,GDP_REAL_GROWTH_YOY_Q,季度实际GDP同比增速,Quarterly real GDP growth YoY,2026-Q1,Q,%,SCA,YoY,2.7,Eurostat,namq_10_gdp,namq_10_gdp.Q.CLV_PCH_SM.SCA.B1GQ,Quarterly real GDP growth YoY,https://ec.europa.eu/eurostat/databrowser/view/namq_10_gdp/default/table,2026-08-12T23:00:00+0200,final,2026-08-13 18:04:54,2026-08-12T23:00:00+0200
ES.GDP_REAL_GROWTH_YOY_Q.EUROSTAT,ES,ES,ESP,西班牙,Spain,GDP_REAL_GROWTH_YOY_Q,季度实际GDP同比增速,Quarterly real GDP growth YoY,2026-Q2,Q,%,SCA,YoY,2.7,Eurostat,namq_10_gdp,namq_10_gdp.Q.CLV_PCH_SM.SCA.B1GQ,Quarterly real GDP growth YoY,https://ec.europa.eu/eurostat/databrowser/view/namq_10_gdp/default/table,2026-08-12T23:00:00+0200,final,2026-08-13 18:04:54,2026-08-12T23:00:00+0200
FR.GDP_REAL_GROWTH_YOY_Q.EUROSTAT,FR,FR,FRA,法国,France,GDP_REAL_GROWTH_YOY_Q,季度实际GDP同比增速,Quarterly real GDP growth YoY,2015-Q1,Q,%,SCA,YoY,1.2,Eurostat,namq_10_gdp,namq_10_gdp.Q.CLV_PCH_SM.SCA.B1GQ,Quarterly real GDP growth YoY,https://ec.europa.eu/eurostat/databrowser/view/namq_10_gdp/default/table,2026-08-12T23:00:00+0200,final,2026-08-13 18:04:54,2026-08-12T23:00:00+0200
FR.GDP_REAL_GROWTH_YOY_Q.EUROSTAT,FR,FR,FRA,法国,France,GDP_REAL_GROWTH_YOY_Q,季度实际GDP同比增速,Quarterly real GDP growth YoY,2015-Q2,Q,%,SCA,YoY,1.0,Eurostat,namq_10_gdp,namq_10_gdp.Q.CLV_PCH_SM.SCA.B1GQ,Quarterly real GDP growth YoY,https://ec.europa.eu/eurostat/databrowser/view/namq_10_gdp/default/table,2026-08-12T23:00:00+0200,final,2026-08-13 18:04:54,2026-08-12T23:00:00+0200
FR.GDP_REAL_GROWTH_YOY_Q.EUROSTAT,FR,FR,FRA,法国,France,GDP_REAL_GROWTH_YOY_Q,季度实际GDP同比增速,Quarterly real GDP growth YoY,2015-Q3,Q,%,SCA,YoY,0.6,Eurostat,namq_10_gdp,namq_10_gdp.Q.CLV_PCH_SM.SCA.B1GQ,Quarterly real GDP growth YoY,https://ec.europa.eu/eurostat/databrowser/view/namq_10_gdp/default/table,2026-08-12T23:00:00+0200,final,2026-08-13 18:04:54,2026-08-12T23:00:00+0200
FR.GDP_REAL_GROWTH_YOY_Q.EUROSTAT,FR,FR,FRA,法国,France,GDP_REAL_GROWTH_YOY_Q,季度实际GDP同比增速,Quarterly real GDP growth YoY,2015-Q4,Q,%,SCA,YoY,1.2,Eurostat,namq_10_gdp,namq_10_gdp.Q.CLV_PCH_SM.SCA.B1GQ,Quarterly real GDP growth YoY,https://ec.europa.eu/eurostat/databrowser/view/namq_10_gdp/default/table,2026-08-12T23:00:00+0200,final,2026-08-13 18:04:54,2026-08-12T23:00:00+0200
FR.GDP_REAL_GROWTH_YOY_Q.EUROSTAT,FR,FR,FRA,法国,France,GDP_REAL_GROWTH_YOY_Q,季度实际GDP同比增速,Quarterly real GDP growth YoY,2016-Q1,Q,%,SCA,YoY,0.9,Eurostat,namq_10_gdp,namq_10_gdp.Q.CLV_PCH_SM.SCA.B1GQ,Quarterly real GDP growth YoY,https://ec.europa.eu/eurostat/databrowser/view/namq_10_gdp/default/table,2026-08-12T23:00:00+0200,final,2026-08-13 18:04:54,2026-08-12T23:00:00+0200
FR.GDP_REAL_GROWTH_YOY_Q.EUROSTAT,FR,FR,FRA,法国,France,GDP_REAL_GROWTH_YOY_Q,季度实际GDP同比增速,Quarterly real GDP growth YoY,2016-Q2,Q,%,SCA,YoY,0.6,Eurostat,namq_10_gdp,namq_10_gdp.Q.CLV_PCH_SM.SCA.B1GQ,Quarterly real GDP growth YoY,https://ec.europa.eu/eurostat/databrowser/view/namq_10_gdp/default/table,2026-08-12T23:00:00+0200,final,2026-08-13 18:04:54,2026-08-12T23:00:00+0200
FR.GDP_REAL_GROWTH_YOY_Q.EUROSTAT,FR,FR,FRA,法国,France,GDP_REAL_GROWTH_YOY_Q,季度实际GDP同比增速,Quarterly real GDP growth YoY,2016-Q3,Q,%,SCA,YoY,0.5,Eurostat,namq_10_gdp,namq_10_gdp.Q.CLV_PCH_SM.SCA.B1GQ,Quarterly real GDP growth YoY,https://ec.europa.eu/eurostat/databrowser/view/namq_10_gdp/default/table,2026-08-12T23:00:00+0200,final,2026-08-13 18:04:54,2026-08-12T23:00:00+0200
FR.GDP_REAL_GROWTH_YOY_Q.EUROSTAT,FR,FR,FRA,法国,France,GDP_REAL_GROWTH_YOY_Q,季度实际GDP同比增速,Quarterly real GDP growth YoY,2016-Q4,Q,%,SCA,YoY,0.9,Eurostat,namq_10_gdp,namq_10_gdp.Q.CLV_PCH_SM.SCA.B1GQ,Quarterly real GDP growth YoY,https://ec.europa.eu/eurostat/databrowser/view/namq_10_gdp/default/table,2026-08-12T23:00:00+0200,final,2026-08-13 18:04:54,2026-08-12T23:00:00+0200
FR.GDP_REAL_GROWTH_YOY_Q.EUROSTAT,FR,FR,FRA,法国,France,GDP_REAL_GROWTH_YOY_Q,季度实际GDP同比增速,Quarterly real GDP growth YoY,2017-Q1,Q,%,SCA,YoY,1.2,Eurostat,namq_10_gdp,namq_10_gdp.Q.CLV_PCH_SM.SCA.B1GQ,Quarterly real GDP growth YoY,https://ec.europa.eu/eurostat/databrowser/view/namq_10_gdp/default/table,2026-08-12T23:00:00+0200,final,2026-08-13 18:04:54,2026-08-12T23:00:00+0200
FR.GDP_REAL_GROWTH_YOY_Q.EUROSTAT,FR,FR,FRA,法国,France,GDP_REAL_GROWTH_YOY_Q,季度实际GDP同比增速,Quarterly real GDP growth YoY,2017-Q2,Q,%,SCA,YoY,2.2,Eurostat,namq_10_gdp,namq_10_gdp.Q.CLV_PCH_SM.SCA.B1GQ,Quarterly real GDP growth YoY,https://ec.europa.eu/eurostat/databrowser/view/namq_10_gdp/default/table,2026-08-12T23:00:00+0200,final,2026-08-13 18:04:54,2026-08-12T23:00:00+0200
FR.GDP_REAL_GROWTH_YOY_Q.EUROSTAT,FR,FR,FRA,法国,France,GDP_REAL_GROWTH_YOY_Q,季度实际GDP同比增速,Quarterly real GDP growth YoY,2017-Q3,Q,%,SCA,YoY,2.8,Eurostat,namq_10_gdp,namq_10_gdp.Q.CLV_PCH_SM.SCA.B1GQ,Quarterly real GDP growth YoY,https://ec.europa.eu/eurostat/databrowser/view/namq_10_gdp/default/table,2026-08-12T23:00:00+0200,final,2026-08-13 18:04:54,2026-08-12T23:00:00+0200
FR.GDP_REAL_GROWTH_YOY_Q.EUROSTAT,FR,FR,FRA,法国,France,GDP_REAL_GROWTH_YOY_Q,季度实际GDP同比增速,Quarterly real GDP growth YoY,2017-Q4,Q,%,SCA,YoY,2.8,Eurostat,namq_10_gdp,namq_10_gdp.Q.CLV_PCH_SM.SCA.B1GQ,Quarterly real GDP growth YoY,https://ec.europa.eu/eurostat/databrowser/view/namq_10_gdp/default/table,2026-08-12T23:00:00+0200,final,2026-08-13 18:04:54,2026-08-12T23:00:00+0200
FR.GDP_REAL_GROWTH_YOY_Q.EUROSTAT,FR,FR,FRA,法国,France,GDP_REAL_GROWTH_YOY_Q,季度实际GDP同比增速,Quarterly real GDP growth YoY,2018-Q1,Q,%,SCA,YoY,2.0,Eurostat,namq_10_gdp,namq_10_gdp.Q.CLV_PCH_SM.SCA.B1GQ,Quarterly real GDP growth YoY,https://ec.europa.eu/eurostat/databrowser/view/namq_10_gdp/default/table,2026-08-12T23:00:00+0200,final,2026-08-13 18:04:54,2026-08-12T23:00:00+0200
FR.GDP_REAL_GROWTH_YOY_Q.EUROSTAT,FR,FR,FRA,法国,France,GDP_REAL_GROWTH_YOY_Q,季度实际GDP同比增速,Quarterly real GDP growth YoY,2018-Q2,Q,%,SCA,YoY,1.5,Eurostat,namq_10_gdp,namq_10_gdp.Q.CLV_PCH_SM.SCA.B1GQ,Quarterly real GDP growth YoY,https://ec.europa.eu/eurostat/databrowser/view/namq_10_gdp/default/table,2026-08-12T23:00:00+0200,final,2026-08-13 18:04:54,2026-08-12T23:00:00+0200
FR.GDP_REAL_GROWTH_YOY_Q.EUROSTAT,FR,FR,FRA,法国,France,GDP_REAL_GROWTH_YOY_Q,季度实际GDP同比增速,Quarterly real GDP growth YoY,2018-Q3,Q,%,SCA,YoY,1.3,Eurostat,namq_10_gdp,namq_10_gdp.Q.CLV_PCH_SM.SCA.B1GQ,Quarterly real GDP growth YoY,https://ec.europa.eu/eurostat/databrowser/view/namq_10_gdp/default/table,2026-08-12T23:00:00+0200,final,2026-08-13 18:04:54,2026-08-12T23:00:00+0200
FR.GDP_REAL_GROWTH_YOY_Q.EUROSTAT,FR,FR,FRA,法国,France,GDP_REAL_GROWTH_YOY_Q,季度实际GDP同比增速,Quarterly real GDP growth YoY,2018-Q4,Q,%,SCA,YoY,1.4,Eurostat,namq_10_gdp,namq_10_gdp.Q.CLV_PCH_SM.SCA.B1GQ,Quarterly real GDP growth YoY,https://ec.europa.eu/eurostat/databrowser/view/namq_10_gdp/default/table,2026-08-12T23:00:00+0200,final,2026-08-13 18:04:54,2026-08-12T23:00:00+0200
FR.GDP_REAL_GROWTH_YOY_Q.EUROSTAT,FR,FR,FRA,法国,France,GDP_REAL_GROWTH_YOY_Q,季度实际GDP同比增速,Quarterly real GDP growth YoY,2019-Q1,Q,%,SCA,YoY,2.5,Eurostat,namq_10_gdp,namq_10_gdp.Q.CLV_PCH_SM.SCA.B1GQ,Quarterly real GDP growth YoY,https://ec.europa.eu/eurostat/databrowser/view/namq_10_gdp/default/table,2026-08-12T23:00:00+0200,final,2026-08-13 18:04:54,2026-08-12T23:00:00+0200
FR.GDP_REAL_GROWTH_YOY_Q.EUROSTAT,FR,FR,FRA,法国,France,GDP_REAL_GROWTH_YOY_Q,季度实际GDP同比增速,Quarterly real GDP growth YoY,2019-Q2,Q,%,SCA,YoY,2.7,Eurostat,namq_10_gdp,namq_10_gdp.Q.CLV_PCH_SM.SCA.B1GQ,Quarterly real GDP growth YoY,https://ec.europa.eu/eurostat/databrowser/view/namq_10_gdp/default/table,2026-08-12T23:00:00+0200,final,2026-08-13 18:04:54,2026-08-12T23:00:00+0200
FR.GDP_REAL_GROWTH_YOY_Q.EUROSTAT,FR,FR,FRA,法国,France,GDP_REAL_GROWTH_YOY_Q,季度实际GDP同比增速,Quarterly real GDP growth YoY,2019-Q3,Q,%,SCA,YoY,2.2,Eurostat,namq_10_gdp,namq_10_gdp.Q.CLV_PCH_SM.SCA.B1GQ,Quarterly real GDP growth YoY,https://ec.europa.eu/eurostat/databrowser/view/namq_10_gdp/default/table,2026-08-12T23:00:00+0200,final,2026-08-13 18:04:54,2026-08-12T23:00:00+0200
FR.GDP_REAL_GROWTH_YOY_Q.EUROSTAT,FR,FR,FRA,法国,France,GDP_REAL_GROWTH_YOY_Q,季度实际GDP同比增速,Quarterly real GDP growth YoY,2019-Q4,Q,%,SCA,YoY,1.0,Eurostat,namq_10_gdp,namq_10_gdp.Q.CLV_PCH_SM.SCA.B1GQ,Quarterly real GDP growth YoY,https://ec.europa.eu/eurostat/databrowser/view/namq_10_gdp/default/table,2026-08-12T23:00:00+0200,final,2026-08-13 18:04:54,2026-08-12T23:00:00+0200
FR.GDP_REAL_GROWTH_YOY_Q.EUROSTAT,FR,FR,FRA,法国,France,GDP_REAL_GROWTH_YOY_Q,季度实际GDP同比增速,Quarterly real GDP growth YoY,2020-Q1,Q,%,SCA,YoY,-5.0,Eurostat,namq_10_gdp,namq_10_gdp.Q.CLV_PCH_SM.SCA.B1GQ,Quarterly real GDP growth YoY,https://ec.europa.eu/eurostat/databrowser/view/namq_10_gdp/default/table,2026-08-12T23:00:00+0200,final,2026-08-13 18:04:54,2026-08-12T23:00:00+0200
FR.GDP_REAL_GROWTH_YOY_Q.EUROSTAT,FR,FR,FRA,法国,France,GDP_REAL_GROWTH_YOY_Q,季度实际GDP同比增速,Quarterly real GDP growth YoY,2020-Q2,Q,%,SCA,YoY,-17.0,Eurostat,namq_10_gdp,namq_10_gdp.Q.CLV_PCH_SM.SCA.B1GQ,Quarterly real GDP growth YoY,https://ec.europa.eu/eurostat/databrowser/view/namq_10_gdp/default/table,2026-08-12T23:00:00+0200,final,2026-08-13 18:04:54,2026-08-12T23:00:00+0200
FR.GDP_REAL_GROWTH_YOY_Q.EUROSTAT,FR,FR,FRA,法国,France,GDP_REAL_GROWTH_YOY_Q,季度实际GDP同比增速,Quarterly real GDP growth YoY,2020-Q3,Q,%,SCA,YoY,-4.5,Eurostat,namq_10_gdp,namq_10_gdp.Q.CLV_PCH_SM.SCA.B1GQ,Quarterly real GDP growth YoY,https://ec.europa.eu/eurostat/databrowser/view/namq_10_gdp/default/table,2026-08-12T23:00:00+0200,final,2026-08-13 18:04:54,2026-08-12T23:00:00+0200
FR.GDP_REAL_GROWTH_YOY_Q.EUROSTAT,FR,FR,FRA,法国,France,GDP_REAL_GROWTH_YOY_Q,季度实际GDP同比增速,Quarterly real GDP growth YoY,2020-Q4,Q,%,SCA,YoY,-4.0,Eurostat,namq_10_gdp,namq_10_gdp.Q.CLV_PCH_SM.SCA.B1GQ,Quarterly real GDP growth YoY,https://ec.europa.eu/eurostat/databrowser/view/namq_10_gdp/default/table,2026-08-12T23:00:00+0200,final,2026-08-13 18:04:54,2026-08-12T23:00:00+0200
FR.GDP_REAL_GROWTH_YOY_Q.EUROSTAT,FR,FR,FRA,法国,France,GDP_REAL_GROWTH_YOY_Q,季度实际GDP同比增速,Quarterly real GDP growth YoY,2021-Q1,Q,%,SCA,YoY,1.5,Eurostat,namq_10_gdp,namq_10_gdp.Q.CLV_PCH_SM.SCA.B1GQ,Quarterly real GDP growth YoY,https://ec.europa.eu/eurostat/databrowser/view/namq_10_gdp/default/table,2026-08-12T23:00:00+0200,final,2026-08-13 18:04:54,2026-08-12T23:00:00+0200
FR.GDP_REAL_GROWTH_YOY_Q.EUROSTAT,FR,FR,FRA,法国,France,GDP_REAL_GROWTH_YOY_Q,季度实际GDP同比增速,Quarterly real GDP growth YoY,2021-Q2,Q,%,SCA,YoY,17.0,Eurostat,namq_10_gdp,namq_10_gdp.Q.CLV_PCH_SM.SCA.B1GQ,Quarterly real GDP growth YoY,https://ec.europa.eu/eurostat/databrowser/view/namq_10_gdp/default/table,2026-08-12T23:00:00+0200,final,2026-08-13 18:04:54,2026-08-12T23:00:00+0200
FR.GDP_REAL_GROWTH_YOY_Q.EUROSTAT,FR,FR,FRA,法国,France,GDP_REAL_GROWTH_YOY_Q,季度实际GDP同比增速,Quarterly real GDP growth YoY,2021-Q3,Q,%,SCA,YoY,4.7,Eurostat,namq_10_gdp,namq_10_gdp.Q.CLV_PCH_SM.SCA.B1GQ,Quarterly real GDP growth YoY,https://ec.europa.eu/eurostat/databrowser/view/namq_10_gdp/default/table,2026-08-12T23:00:00+0200,final,2026-08-13 18:04:54,2026-08-12T23:00:00+0200
FR.GDP_REAL_GROWTH_YOY_Q.EUROSTAT,FR,FR,FRA,法国,France,GDP_REAL_GROWTH_YOY_Q,季度实际GDP同比增速,Quarterly real GDP growth YoY,2021-Q4,Q,%,SCA,YoY,5.2,Eurostat,namq_10_gdp,namq_10_gdp.Q.CLV_PCH_SM.SCA.B1GQ,Quarterly real GDP growth YoY,https://ec.europa.eu/eurostat/databrowser/view/namq_10_gdp/default/table,2026-08-12T23:00:00+0200,final,2026-08-13 18:04:54,2026-08-12T23:00:00+0200
FR.GDP_REAL_GROWTH_YOY_Q.EUROSTAT,FR,FR,FRA,法国,France,GDP_REAL_GROWTH_YOY_Q,季度实际GDP同比增速,Quarterly real GDP growth YoY,2022-Q1,Q,%,SCA,YoY,4.7,Eurostat,namq_10_gdp,namq_10_gdp.Q.CLV_PCH_SM.SCA.B1GQ,Quarterly real GDP growth YoY,https://ec.europa.eu/eurostat/databrowser/view/namq_10_gdp/default/table,2026-08-12T23:00:00+0200,final,2026-08-13 18:04:54,2026-08-12T23:00:00+0200
FR.GDP_REAL_GROWTH_YOY_Q.EUROSTAT,FR,FR,FRA,法国,France,GDP_REAL_GROWTH_YOY_Q,季度实际GDP同比增速,Quarterly real GDP growth YoY,2022-Q2,Q,%,SCA,YoY,3.9,Eurostat,namq_10_gdp,namq_10_gdp.Q.CLV_PCH_SM.SCA.B1GQ,Quarterly real GDP growth YoY,https://ec.europa.eu/eurostat/databrowser/view/namq_10_gdp/default/table,2026-08-12T23:00:00+0200,final,2026-08-13 18:04:54,2026-08-12T23:00:00+0200
FR.GDP_REAL_GROWTH_YOY_Q.EUROSTAT,FR,FR,FRA,法国,France,GDP_REAL_GROWTH_YOY_Q,季度实际GDP同比增速,Quarterly real GDP growth YoY,2022-Q3,Q,%,SCA,YoY,1.4,Eurostat,namq_10_gdp,namq_10_gdp.Q.CLV_PCH_SM.SCA.B1GQ,Quarterly real GDP growth YoY,https://ec.europa.eu/eurostat/databrowser/view/namq_10_gdp/default/table,2026-08-12T23:00:00+0200,final,2026-08-13 18:04:54,2026-08-12T23:00:00+0200
FR.GDP_REAL_GROWTH_YOY_Q.EUROSTAT,FR,FR,FRA,法国,France,GDP_REAL_GROWTH_YOY_Q,季度实际GDP同比增速,Quarterly real GDP growth YoY,2022-Q4,Q,%,SCA,YoY,1.3,Eurostat,namq_10_gdp,namq_10_gdp.Q.CLV_PCH_SM.SCA.B1GQ,Quarterly real GDP growth YoY,https://ec.europa.eu/eurostat/databrowser/view/namq_10_gdp/default/table,2026-08-12T23:00:00+0200,final,2026-08-13 18:04:54,2026-08-12T23:00:00+0200
FR.GDP_REAL_GROWTH_YOY_Q.EUROSTAT,FR,FR,FRA,法国,France,GDP_REAL_GROWTH_YOY_Q,季度实际GDP同比增速,Quarterly real GDP growth YoY,2023-Q1,Q,%,SCA,YoY,1.4,Eurostat,namq_10_gdp,namq_10_gdp.Q.CLV_PCH_SM.SCA.B1GQ,Quarterly real GDP growth YoY,https://ec.europa.eu/eurostat/databrowser/view/namq_10_gdp/default/table,2026-08-12T23:00:00+0200,final,2026-08-13 18:04:54,2026-08-12T23:00:00+0200
FR.GDP_REAL_GROWTH_YOY_Q.EUROSTAT,FR,FR,FRA,法国,France,GDP_REAL_GROWTH_YOY_Q,季度实际GDP同比增速,Quarterly real GDP growth YoY,2023-Q2,Q,%,SCA,YoY,2.0,Eurostat,namq_10_gdp,namq_10_gdp.Q.CLV_PCH_SM.SCA.B1GQ,Quarterly real GDP growth YoY,https://ec.europa.eu/eurostat/databrowser/view/namq_10_gdp/default/table,2026-08-12T23:00:00+0200,final,2026-08-13 18:04:54,2026-08-12T23:00:00+0200
FR.GDP_REAL_GROWTH_YOY_Q.EUROSTAT,FR,FR,FRA,法国,France,GDP_REAL_GROWTH_YOY_Q,季度实际GDP同比增速,Quarterly real GDP growth YoY,2023-Q3,Q,%,SCA,YoY,1.9,Eurostat,namq_10_gdp,namq_10_gdp.Q.CLV_PCH_SM.SCA.B1GQ,Quarterly real GDP growth YoY,https://ec.europa.eu/eurostat/databrowser/view/namq_10_gdp/default/table,2026-08-12T23:00:00+0200,final,2026-08-13 18:04:54,2026-08-12T23:00:00+0200
FR.GDP_REAL_GROWTH_YOY_Q.EUROSTAT,FR,FR,FRA,法国,France,GDP_REAL_GROWTH_YOY_Q,季度实际GDP同比增速,Quarterly real GDP growth YoY,2023-Q4,Q,%,SCA,YoY,2.0,Eurostat,namq_10_gdp,namq_10_gdp.Q.CLV_PCH_SM.SCA.B1GQ,Quarterly real GDP growth YoY,https://ec.europa.eu/eurostat/databrowser/view/namq_10_gdp/default/table,2026-08-12T23:00:00+0200,final,2026-08-13 18:04:54,2026-08-12T23:00:00+0200
FR.GDP_REAL_GROWTH_YOY_Q.EUROSTAT,FR,FR,FRA,法国,France,GDP_REAL_GROWTH_YOY_Q,季度实际GDP同比增速,Quarterly real GDP growth YoY,2024-Q1,Q,%,SCA,YoY,2.1,Eurostat,namq_10_gdp,namq_10_gdp.Q.CLV_PCH_SM.SCA.B1GQ,Quarterly real GDP growth YoY,https://ec.europa.eu/eurostat/databrowser/view/namq_10_gdp/default/table,2026-08-12T23:00:00+0200,final,2026-08-13 18:04:54,2026-08-12T23:00:00+0200
FR.GDP_REAL_GROWTH_YOY_Q.EUROSTAT,FR,FR,FRA,法国,France,GDP_REAL_GROWTH_YOY_Q,季度实际GDP同比增速,Quarterly real GDP growth YoY,2024-Q2,Q,%,SCA,YoY,1.4,Eurostat,namq_10_gdp,namq_10_gdp.Q.CLV_PCH_SM.SCA.B1GQ,Quarterly real GDP growth YoY,https://ec.europa.eu/eurostat/databrowser/view/namq_10_gdp/default/table,2026-08-12T23:00:00+0200,final,2026-08-13 18:04:54,2026-08-12T23:00:00+0200
FR.GDP_REAL_GROWTH_YOY_Q.EUROSTAT,FR,FR,FRA,法国,France,GDP_REAL_GROWTH_YOY_Q,季度实际GDP同比增速,Quarterly real GDP growth YoY,2024-Q3,Q,%,SCA,YoY,1.4,Eurostat,namq_10_gdp,namq_10_gdp.Q.CLV_PCH_SM.SCA.B1GQ,Quarterly real GDP growth YoY,https://ec.europa.eu/eurostat/databrowser/view/namq_10_gdp/default/table,2026-08-12T23:00:00+0200,final,2026-08-13 18:04:54,2026-08-12T23:00:00+0200
FR.GDP_REAL_GROWTH_YOY_Q.EUROSTAT,FR,FR,FRA,法国,France,GDP_REAL_GROWTH_YOY_Q,季度实际GDP同比增速,Quarterly real GDP growth YoY,2024-Q4,Q,%,SCA,YoY,0.9,Eurostat,namq_10_gdp,namq_10_gdp.Q.CLV_PCH_SM.SCA.B1GQ,Quarterly real GDP growth YoY,https://ec.europa.eu/eurostat/databrowser/view/namq_10_gdp/default/table,2026-08-12T23:00:00+0200,final,2026-08-13 18:04:54,2026-08-12T23:00:00+0200
FR.GDP_REAL_GROWTH_YOY_Q.EUROSTAT,FR,FR,FRA,法国,France,GDP_REAL_GROWTH_YOY_Q,季度实际GDP同比增速,Quarterly real GDP growth YoY,2025-Q1,Q,%,SCA,YoY,0.8,Eurostat,namq_10_gdp,namq_10_gdp.Q.CLV_PCH_SM.SCA.B1GQ,Quarterly real GDP growth YoY,https://ec.europa.eu/eurostat/databrowser/view/namq_10_gdp/default/table,2026-08-12T23:00:00+0200,final,2026-08-13 18:04:54,2026-08-12T23:00:00+0200
FR.GDP_REAL_GROWTH_YOY_Q.EUROSTAT,FR,FR,FRA,法国,France,GDP_REAL_GROWTH_YOY_Q,季度实际GDP同比增速,Quarterly real GDP growth YoY,2025-Q2,Q,%,SCA,YoY,0.8,Eurostat,namq_10_gdp,namq_10_gdp.Q.CLV_PCH_SM.SCA.B1GQ,Quarterly real GDP growth YoY,https://ec.europa.eu/eurostat/databrowser/view/namq_10_gdp/default/table,2026-08-12T23:00:00+0200,final,2026-08-13 18:04:54,2026-08-12T23:00:00+0200
FR.GDP_REAL_GROWTH_YOY_Q.EUROSTAT,FR,FR,FRA,法国,France,GDP_REAL_GROWTH_YOY_Q,季度实际GDP同比增速,Quarterly real GDP growth YoY,2025-Q3,Q,%,SCA,YoY,0.8,Eurostat,namq_10_gdp,namq_10_gdp.Q.CLV_PCH_SM.SCA.B1GQ,Quarterly real GDP growth YoY,https://ec.europa.eu/eurostat/databrowser/view/namq_10_gdp/default/table,2026-08-12T23:00:00+0200,final,2026-08-13 18:04:54,2026-08-12T23:00:00+0200
FR.GDP_REAL_GROWTH_YOY_Q.EUROSTAT,FR,FR,FRA,法国,France,GDP_REAL_GROWTH_YOY_Q,季度实际GDP同比增速,Quarterly real GDP growth YoY,2025-Q4,Q,%,SCA,YoY,1.1,Eurostat,namq_10_gdp,namq_10_gdp.Q.CLV_PCH_SM.SCA.B1GQ,Quarterly real GDP growth YoY,https://ec.europa.eu/eurostat/databrowser/view/namq_10_gdp/default/table,2026-08-12T23:00:00+0200,final,2026-08-13 18:04:54,2026-08-12T23:00:00+0200
FR.GDP_REAL_GROWTH_YOY_Q.EUROSTAT,FR,FR,FRA,法国,France,GDP_REAL_GROWTH_YOY_Q,季度实际GDP同比增速,Quarterly real GDP growth YoY,2026-Q1,Q,%,SCA,YoY,0.8,Eurostat,namq_10_gdp,namq_10_gdp.Q.CLV_PCH_SM.SCA.B1GQ,Quarterly real GDP growth YoY,https://ec.europa.eu/eurostat/databrowser/view/namq_10_gdp/default/table,2026-08-12T23:00:00+0200,final,2026-08-13 18:04:54,2026-08-12T23:00:00+0200
FR.GDP_REAL_GROWTH_YOY_Q.EUROSTAT,FR,FR,FRA,法国,France,GDP_REAL_GROWTH_YOY_Q,季度实际GDP同比增速,Quarterly real GDP growth YoY,2026-Q2,Q,%,SCA,YoY,0.7,Eurostat,namq_10_gdp,namq_10_gdp.Q.CLV_PCH_SM.SCA.B1GQ,Quarterly real GDP growth YoY,https://ec.europa.eu/eurostat/databrowser/view/namq_10_gdp/default/table,2026-08-12T23:00:00+0200,final,2026-08-13 18:04:54,2026-08-12T23:00:00+0200
IT.GDP_REAL_GROWTH_YOY_Q.EUROSTAT,IT,IT,ITA,意大利,Italy,GDP_REAL_GROWTH_YOY_Q,季度实际GDP同比增速,Quarterly real GDP growth YoY,2015-Q1,Q,%,SCA,YoY,0.3,Eurostat,namq_10_gdp,namq_10_gdp.Q.CLV_PCH_SM.SCA.B1GQ,Quarterly real GDP growth YoY,https://ec.europa.eu/eurostat/databrowser/view/namq_10_gdp/default/table,2026-08-12T23:00:00+0200,final,2026-08-13 18:04:54,2026-08-12T23:00:00+0200
IT.GDP_REAL_GROWTH_YOY_Q.EUROSTAT,IT,IT,ITA,意大利,Italy,GDP_REAL_GROWTH_YOY_Q,季度实际GDP同比增速,Quarterly real GDP growth YoY,2015-Q2,Q,%,SCA,YoY,0.7,Eurostat,namq_10_gdp,namq_10_gdp.Q.CLV_PCH_SM.SCA.B1GQ,Quarterly real GDP growth YoY,https://ec.europa.eu/eurostat/databrowser/view/namq_10_gdp/default/table,2026-08-12T23:00:00+0200,final,2026-08-13 18:04:54,2026-08-12T23:00:00+0200
IT.GDP_REAL_GROWTH_YOY_Q.EUROSTAT,IT,IT,ITA,意大利,Italy,GDP_REAL_GROWTH_YOY_Q,季度实际GDP同比增速,Quarterly real GDP growth YoY,2015-Q3,Q,%,SCA,YoY,0.7,Eurostat,namq_10_gdp,namq_10_gdp.Q.CLV_PCH_SM.SCA.B1GQ,Quarterly real GDP growth YoY,https://ec.europa.eu/eurostat/databrowser/view/namq_10_gdp/default/table,2026-08-12T23:00:00+0200,final,2026-08-13 18:04:54,2026-08-12T23:00:00+0200
IT.GDP_REAL_GROWTH_YOY_Q.EUROSTAT,IT,IT,ITA,意大利,Italy,GDP_REAL_GROWTH_YOY_Q,季度实际GDP同比增速,Quarterly real GDP growth YoY,2015-Q4,Q,%,SCA,YoY,1.3,Eurostat,namq_10_gdp,namq_10_gdp.Q.CLV_PCH_SM.SCA.B1GQ,Quarterly real GDP growth YoY,https://ec.europa.eu/eurostat/databrowser/view/namq_10_gdp/default/table,2026-08-12T23:00:00+0200,final,2026-08-13 18:04:54,2026-08-12T23:00:00+0200
IT.GDP_REAL_GROWTH_YOY_Q.EUROSTAT,IT,IT,ITA,意大利,Italy,GDP_REAL_GROWTH_YOY_Q,季度实际GDP同比增速,Quarterly real GDP growth YoY,2016-Q1,Q,%,SCA,YoY,1.1,Eurostat,namq_10_gdp,namq_10_gdp.Q.CLV_PCH_SM.SCA.B1GQ,Quarterly real GDP growth YoY,https://ec.europa.eu/eurostat/databrowser/view/namq_10_gdp/default/table,2026-08-12T23:00:00+0200,final,2026-08-13 18:04:54,2026-08-12T23:00:00+0200
IT.GDP_REAL_GROWTH_YOY_Q.EUROSTAT,IT,IT,ITA,意大利,Italy,GDP_REAL_GROWTH_YOY_Q,季度实际GDP同比增速,Quarterly real GDP growth YoY,2016-Q2,Q,%,SCA,YoY,1.0,Eurostat,namq_10_gdp,namq_10_gdp.Q.CLV_PCH_SM.SCA.B1GQ,Quarterly real GDP growth YoY,https://ec.europa.eu/eurostat/databrowser/view/namq_10_gdp/default/table,2026-08-12T23:00:00+0200,final,2026-08-13 18:04:54,2026-08-12T23:00:00+0200
IT.GDP_REAL_GROWTH_YOY_Q.EUROSTAT,IT,IT,ITA,意大利,Italy,GDP_REAL_GROWTH_YOY_Q,季度实际GDP同比增速,Quarterly real GDP growth YoY,2016-Q3,Q,%,SCA,YoY,1.7,Eurostat,namq_10_gdp,namq_10_gdp.Q.CLV_PCH_SM.SCA.B1GQ,Quarterly real GDP growth YoY,https://ec.europa.eu/eurostat/databrowser/view/namq_10_gdp/default/table,2026-08-12T23:00:00+0200,final,2026-08-13 18:04:54,2026-08-12T23:00:00+0200
IT.GDP_REAL_GROWTH_YOY_Q.EUROSTAT,IT,IT,ITA,意大利,Italy,GDP_REAL_GROWTH_YOY_Q,季度实际GDP同比增速,Quarterly real GDP growth YoY,2016-Q4,Q,%,SCA,YoY,1.6,Eurostat,namq_10_gdp,namq_10_gdp.Q.CLV_PCH_SM.SCA.B1GQ,Quarterly real GDP growth YoY,https://ec.europa.eu/eurostat/databrowser/view/namq_10_gdp/default/table,2026-08-12T23:00:00+0200,final,2026-08-13 18:04:54,2026-08-12T23:00:00+0200
IT.GDP_REAL_GROWTH_YOY_Q.EUROSTAT,IT,IT,ITA,意大利,Italy,GDP_REAL_GROWTH_YOY_Q,季度实际GDP同比增速,Quarterly real GDP growth YoY,2017-Q1,Q,%,SCA,YoY,1.9,Eurostat,namq_10_gdp,namq_10_gdp.Q.CLV_PCH_SM.SCA.B1GQ,Quarterly real GDP growth YoY,https://ec.europa.eu/eurostat/databrowser/view/namq_10_gdp/default/table,2026-08-12T23:00:00+0200,final,2026-08-13 18:04:54,2026-08-12T23:00:00+0200
IT.GDP_REAL_GROWTH_YOY_Q.EUROSTAT,IT,IT,ITA,意大利,Italy,GDP_REAL_GROWTH_YOY_Q,季度实际GDP同比增速,Quarterly real GDP growth YoY,2017-Q2,Q,%,SCA,YoY,2.0,Eurostat,namq_10_gdp,namq_10_gdp.Q.CLV_PCH_SM.SCA.B1GQ,Quarterly real GDP growth YoY,https://ec.europa.eu/eurostat/databrowser/view/namq_10_gdp/default/table,2026-08-12T23:00:00+0200,final,2026-08-13 18:04:54,2026-08-12T23:00:00+0200
IT.GDP_REAL_GROWTH_YOY_Q.EUROSTAT,IT,IT,ITA,意大利,Italy,GDP_REAL_GROWTH_YOY_Q,季度实际GDP同比增速,Quarterly real GDP growth YoY,2017-Q3,Q,%,SCA,YoY,1.4,Eurostat,namq_10_gdp,namq_10_gdp.Q.CLV_PCH_SM.SCA.B1GQ,Quarterly real GDP growth YoY,https://ec.europa.eu/eurostat/databrowser/view/namq_10_gdp/default/table,2026-08-12T23:00:00+0200,final,2026-08-13 18:04:54,2026-08-12T23:00:00+0200
IT.GDP_REAL_GROWTH_YOY_Q.EUROSTAT,IT,IT,ITA,意大利,Italy,GDP_REAL_GROWTH_YOY_Q,季度实际GDP同比增速,Quarterly real GDP growth YoY,2017-Q4,Q,%,SCA,YoY,1.6,Eurostat,namq_10_gdp,namq_10_gdp.Q.CLV_PCH_SM.SCA.B1GQ,Quarterly real GDP growth YoY,https://ec.europa.eu/eurostat/databrowser/view/namq_10_gdp/default/table,2026-08-12T23:00:00+0200,final,2026-08-13 18:04:54,2026-08-12T23:00:00+0200
IT.GDP_REAL_GROWTH_YOY_Q.EUROSTAT,IT,IT,ITA,意大利,Italy,GDP_REAL_GROWTH_YOY_Q,季度实际GDP同比增速,Quarterly real GDP growth YoY,2018-Q1,Q,%,SCA,YoY,1.0,Eurostat,namq_10_gdp,namq_10_gdp.Q.CLV_PCH_SM.SCA.B1GQ,Quarterly real GDP growth YoY,https://ec.europa.eu/eurostat/databrowser/view/namq_10_gdp/default/table,2026-08-12T23:00:00+0200,final,2026-08-13 18:04:54,2026-08-12T23:00:00+0200
IT.GDP_REAL_GROWTH_YOY_Q.EUROSTAT,IT,IT,ITA,意大利,Italy,GDP_REAL_GROWTH_YOY_Q,季度实际GDP同比增速,Quarterly real GDP growth YoY,2018-Q2,Q,%,SCA,YoY,0.8,Eurostat,namq_10_gdp,namq_10_gdp.Q.CLV_PCH_SM.SCA.B1GQ,Quarterly real GDP growth YoY,https://ec.europa.eu/eurostat/databrowser/view/namq_10_gdp/default/table,2026-08-12T23:00:00+0200,final,2026-08-13 18:04:54,2026-08-12T23:00:00+0200
IT.GDP_REAL_GROWTH_YOY_Q.EUROSTAT,IT,IT,ITA,意大利,Italy,GDP_REAL_GROWTH_YOY_Q,季度实际GDP同比增速,Quarterly real GDP growth YoY,2018-Q3,Q,%,SCA,YoY,0.6,Eurostat,namq_10_gdp,namq_10_gdp.Q.CLV_PCH_SM.SCA.B1GQ,Quarterly real GDP growth YoY,https://ec.europa.eu/eurostat/databrowser/view/namq_10_gdp/default/table,2026-08-12T23:00:00+0200,final,2026-08-13 18:04:54,2026-08-12T23:00:00+0200
IT.GDP_REAL_GROWTH_YOY_Q.EUROSTAT,IT,IT,ITA,意大利,Italy,GDP_REAL_GROWTH_YOY_Q,季度实际GDP同比增速,Quarterly real GDP growth YoY,2018-Q4,Q,%,SCA,YoY,0.3,Eurostat,namq_10_gdp,namq_10_gdp.Q.CLV_PCH_SM.SCA.B1GQ,Quarterly real GDP growth YoY,https://ec.europa.eu/eurostat/databrowser/view/namq_10_gdp/default/table,2026-08-12T23:00:00+0200,final,2026-08-13 18:04:54,2026-08-12T23:00:00+0200
IT.GDP_REAL_GROWTH_YOY_Q.EUROSTAT,IT,IT,ITA,意大利,Italy,GDP_REAL_GROWTH_YOY_Q,季度实际GDP同比增速,Quarterly real GDP growth YoY,2019-Q1,Q,%,SCA,YoY,0.7,Eurostat,namq_10_gdp,namq_10_gdp.Q.CLV_PCH_SM.SCA.B1GQ,Quarterly real GDP growth YoY,https://ec.europa.eu/eurostat/databrowser/view/namq_10_gdp/default/table,2026-08-12T23:00:00+0200,final,2026-08-13 18:04:54,2026-08-12T23:00:00+0200
IT.GDP_REAL_GROWTH_YOY_Q.EUROSTAT,IT,IT,ITA,意大利,Italy,GDP_REAL_GROWTH_YOY_Q,季度实际GDP同比增速,Quarterly real GDP growth YoY,2019-Q2,Q,%,SCA,YoY,0.8,Eurostat,namq_10_gdp,namq_10_gdp.Q.CLV_PCH_SM.SCA.B1GQ,Quarterly real GDP growth YoY,https://ec.europa.eu/eurostat/databrowser/view/namq_10_gdp/default/table,2026-08-12T23:00:00+0200,final,2026-08-13 18:04:54,2026-08-12T23:00:00+0200
IT.GDP_REAL_GROWTH_YOY_Q.EUROSTAT,IT,IT,ITA,意大利,Italy,GDP_REAL_GROWTH_YOY_Q,季度实际GDP同比增速,Quarterly real GDP growth YoY,2019-Q3,Q,%,SCA,YoY,0.4,Eurostat,namq_10_gdp,namq_10_gdp.Q.CLV_PCH_SM.SCA.B1GQ,Quarterly real GDP growth YoY,https://ec.europa.eu/eurostat/databrowser/view/namq_10_gdp/default/table,2026-08-12T23:00:00+0200,final,2026-08-13 18:04:54,2026-08-12T23:00:00+0200
IT.GDP_REAL_GROWTH_YOY_Q.EUROSTAT,IT,IT,ITA,意大利,Italy,GDP_REAL_GROWTH_YOY_Q,季度实际GDP同比增速,Quarterly real GDP growth YoY,2019-Q4,Q,%,SCA,YoY,-0.2,Eurostat,namq_10_gdp,namq_10_gdp.Q.CLV_PCH_SM.SCA.B1GQ,Quarterly real GDP growth YoY,https://ec.europa.eu/eurostat/databrowser/view/namq_10_gdp/default/table,2026-08-12T23:00:00+0200,final,2026-08-13 18:04:54,2026-08-12T23:00:00+0200
IT.GDP_REAL_GROWTH_YOY_Q.EUROSTAT,IT,IT,ITA,意大利,Italy,GDP_REAL_GROWTH_YOY_Q,季度实际GDP同比增速,Quarterly real GDP growth YoY,2020-Q1,Q,%,SCA,YoY,-6.1,Eurostat,namq_10_gdp,namq_10_gdp.Q.CLV_PCH_SM.SCA.B1GQ,Quarterly real GDP growth YoY,https://ec.europa.eu/eurostat/databrowser/view/namq_10_gdp/default/table,2026-08-12T23:00:00+0200,final,2026-08-13 18:04:54,2026-08-12T23:00:00+0200
IT.GDP_REAL_GROWTH_YOY_Q.EUROSTAT,IT,IT,ITA,意大利,Italy,GDP_REAL_GROWTH_YOY_Q,季度实际GDP同比增速,Quarterly real GDP growth YoY,2020-Q2,Q,%,SCA,YoY,-18.1,Eurostat,namq_10_gdp,namq_10_gdp.Q.CLV_PCH_SM.SCA.B1GQ,Quarterly real GDP growth YoY,https://ec.europa.eu/eurostat/databrowser/view/namq_10_gdp/default/table,2026-08-12T23:00:00+0200,final,2026-08-13 18:04:54,2026-08-12T23:00:00+0200
IT.GDP_REAL_GROWTH_YOY_Q.EUROSTAT,IT,IT,ITA,意大利,Italy,GDP_REAL_GROWTH_YOY_Q,季度实际GDP同比增速,Quarterly real GDP growth YoY,2020-Q3,Q,%,SCA,YoY,-6.0,Eurostat,namq_10_gdp,namq_10_gdp.Q.CLV_PCH_SM.SCA.B1GQ,Quarterly real GDP growth YoY,https://ec.europa.eu/eurostat/databrowser/view/namq_10_gdp/default/table,2026-08-12T23:00:00+0200,final,2026-08-13 18:04:54,2026-08-12T23:00:00+0200
IT.GDP_REAL_GROWTH_YOY_Q.EUROSTAT,IT,IT,ITA,意大利,Italy,GDP_REAL_GROWTH_YOY_Q,季度实际GDP同比增速,Quarterly real GDP growth YoY,2020-Q4,Q,%,SCA,YoY,-5.5,Eurostat,namq_10_gdp,namq_10_gdp.Q.CLV_PCH_SM.SCA.B1GQ,Quarterly real GDP growth YoY,https://ec.europa.eu/eurostat/databrowser/view/namq_10_gdp/default/table,2026-08-12T23:00:00+0200,final,2026-08-13 18:04:54,2026-08-12T23:00:00+0200
IT.GDP_REAL_GROWTH_YOY_Q.EUROSTAT,IT,IT,ITA,意大利,Italy,GDP_REAL_GROWTH_YOY_Q,季度实际GDP同比增速,Quarterly real GDP growth YoY,2021-Q1,Q,%,SCA,YoY,1.8,Eurostat,namq_10_gdp,namq_10_gdp.Q.CLV_PCH_SM.SCA.B1GQ,Quarterly real GDP growth YoY,https://ec.europa.eu/eurostat/databrowser/view/namq_10_gdp/default/table,2026-08-12T23:00:00+0200,final,2026-08-13 18:04:54,2026-08-12T23:00:00+0200
IT.GDP_REAL_GROWTH_YOY_Q.EUROSTAT,IT,IT,ITA,意大利,Italy,GDP_REAL_GROWTH_YOY_Q,季度实际GDP同比增速,Quarterly real GDP growth YoY,2021-Q2,Q,%,SCA,YoY,19.3,Eurostat,namq_10_gdp,namq_10_gdp.Q.CLV_PCH_SM.SCA.B1GQ,Quarterly real GDP growth YoY,https://ec.europa.eu/eurostat/databrowser/view/namq_10_gdp/default/table,2026-08-12T23:00:00+0200,final,2026-08-13 18:04:54,2026-08-12T23:00:00+0200
IT.GDP_REAL_GROWTH_YOY_Q.EUROSTAT,IT,IT,ITA,意大利,Italy,GDP_REAL_GROWTH_YOY_Q,季度实际GDP同比增速,Quarterly real GDP growth YoY,2021-Q3,Q,%,SCA,YoY,7.0,Eurostat,namq_10_gdp,namq_10_gdp.Q.CLV_PCH_SM.SCA.B1GQ,Quarterly real GDP growth YoY,https://ec.europa.eu/eurostat/databrowser/view/namq_10_gdp/default/table,2026-08-12T23:00:00+0200,final,2026-08-13 18:04:54,2026-08-12T23:00:00+0200
IT.GDP_REAL_GROWTH_YOY_Q.EUROSTAT,IT,IT,ITA,意大利,Italy,GDP_REAL_GROWTH_YOY_Q,季度实际GDP同比增速,Quarterly real GDP growth YoY,2021-Q4,Q,%,SCA,YoY,8.4,Eurostat,namq_10_gdp,namq_10_gdp.Q.CLV_PCH_SM.SCA.B1GQ,Quarterly real GDP growth YoY,https://ec.europa.eu/eurostat/databrowser/view/namq_10_gdp/default/table,2026-08-12T23:00:00+0200,final,2026-08-13 18:04:54,2026-08-12T23:00:00+0200
IT.GDP_REAL_GROWTH_YOY_Q.EUROSTAT,IT,IT,ITA,意大利,Italy,GDP_REAL_GROWTH_YOY_Q,季度实际GDP同比增速,Quarterly real GDP growth YoY,2022-Q1,Q,%,SCA,YoY,7.4,Eurostat,namq_10_gdp,namq_10_gdp.Q.CLV_PCH_SM.SCA.B1GQ,Quarterly real GDP growth YoY,https://ec.europa.eu/eurostat/databrowser/view/namq_10_gdp/default/table,2026-08-12T23:00:00+0200,final,2026-08-13 18:04:54,2026-08-12T23:00:00+0200
IT.GDP_REAL_GROWTH_YOY_Q.EUROSTAT,IT,IT,ITA,意大利,Italy,GDP_REAL_GROWTH_YOY_Q,季度实际GDP同比增速,Quarterly real GDP growth YoY,2022-Q2,Q,%,SCA,YoY,6.4,Eurostat,namq_10_gdp,namq_10_gdp.Q.CLV_PCH_SM.SCA.B1GQ,Quarterly real GDP growth YoY,https://ec.europa.eu/eurostat/databrowser/view/namq_10_gdp/default/table,2026-08-12T23:00:00+0200,final,2026-08-13 18:04:54,2026-08-12T23:00:00+0200
IT.GDP_REAL_GROWTH_YOY_Q.EUROSTAT,IT,IT,ITA,意大利,Italy,GDP_REAL_GROWTH_YOY_Q,季度实际GDP同比增速,Quarterly real GDP growth YoY,2022-Q3,Q,%,SCA,YoY,4.1,Eurostat,namq_10_gdp,namq_10_gdp.Q.CLV_PCH_SM.SCA.B1GQ,Quarterly real GDP growth YoY,https://ec.europa.eu/eurostat/databrowser/view/namq_10_gdp/default/table,2026-08-12T23:00:00+0200,final,2026-08-13 18:04:54,2026-08-12T23:00:00+0200
IT.GDP_REAL_GROWTH_YOY_Q.EUROSTAT,IT,IT,ITA,意大利,Italy,GDP_REAL_GROWTH_YOY_Q,季度实际GDP同比增速,Quarterly real GDP growth YoY,2022-Q4,Q,%,SCA,YoY,2.2,Eurostat,namq_10_gdp,namq_10_gdp.Q.CLV_PCH_SM.SCA.B1GQ,Quarterly real GDP growth YoY,https://ec.europa.eu/eurostat/databrowser/view/namq_10_gdp/default/table,2026-08-12T23:00:00+0200,final,2026-08-13 18:04:54,2026-08-12T23:00:00+0200
IT.GDP_REAL_GROWTH_YOY_Q.EUROSTAT,IT,IT,ITA,意大利,Italy,GDP_REAL_GROWTH_YOY_Q,季度实际GDP同比增速,Quarterly real GDP growth YoY,2023-Q1,Q,%,SCA,YoY,2.1,Eurostat,namq_10_gdp,namq_10_gdp.Q.CLV_PCH_SM.SCA.B1GQ,Quarterly real GDP growth YoY,https://ec.europa.eu/eurostat/databrowser/view/namq_10_gdp/default/table,2026-08-12T23:00:00+0200,final,2026-08-13 18:04:54,2026-08-12T23:00:00+0200
IT.GDP_REAL_GROWTH_YOY_Q.EUROSTAT,IT,IT,ITA,意大利,Italy,GDP_REAL_GROWTH_YOY_Q,季度实际GDP同比增速,Quarterly real GDP growth YoY,2023-Q2,Q,%,SCA,YoY,0.5,Eurostat,namq_10_gdp,namq_10_gdp.Q.CLV_PCH_SM.SCA.B1GQ,Quarterly real GDP growth YoY,https://ec.europa.eu/eurostat/databrowser/view/namq_10_gdp/default/table,2026-08-12T23:00:00+0200,final,2026-08-13 18:04:54,2026-08-12T23:00:00+0200
IT.GDP_REAL_GROWTH_YOY_Q.EUROSTAT,IT,IT,ITA,意大利,Italy,GDP_REAL_GROWTH_YOY_Q,季度实际GDP同比增速,Quarterly real GDP growth YoY,2023-Q3,Q,%,SCA,YoY,0.5,Eurostat,namq_10_gdp,namq_10_gdp.Q.CLV_PCH_SM.SCA.B1GQ,Quarterly real GDP growth YoY,https://ec.europa.eu/eurostat/databrowser/view/namq_10_gdp/default/table,2026-08-12T23:00:00+0200,final,2026-08-13 18:04:54,2026-08-12T23:00:00+0200
IT.GDP_REAL_GROWTH_YOY_Q.EUROSTAT,IT,IT,ITA,意大利,Italy,GDP_REAL_GROWTH_YOY_Q,季度实际GDP同比增速,Quarterly real GDP growth YoY,2023-Q4,Q,%,SCA,YoY,1.1,Eurostat,namq_10_gdp,namq_10_gdp.Q.CLV_PCH_SM.SCA.B1GQ,Quarterly real GDP growth YoY,https://ec.europa.eu/eurostat/databrowser/view/namq_10_gdp/default/table,2026-08-12T23:00:00+0200,final,2026-08-13 18:04:54,2026-08-12T23:00:00+0200
IT.GDP_REAL_GROWTH_YOY_Q.EUROSTAT,IT,IT,ITA,意大利,Italy,GDP_REAL_GROWTH_YOY_Q,季度实际GDP同比增速,Quarterly real GDP growth YoY,2024-Q1,Q,%,SCA,YoY,0.6,Eurostat,namq_10_gdp,namq_10_gdp.Q.CLV_PCH_SM.SCA.B1GQ,Quarterly real GDP growth YoY,https://ec.europa.eu/eurostat/databrowser/view/namq_10_gdp/default/table,2026-08-12T23:00:00+0200,final,2026-08-13 18:04:54,2026-08-12T23:00:00+0200
IT.GDP_REAL_GROWTH_YOY_Q.EUROSTAT,IT,IT,ITA,意大利,Italy,GDP_REAL_GROWTH_YOY_Q,季度实际GDP同比增速,Quarterly real GDP growth YoY,2024-Q2,Q,%,SCA,YoY,0.7,Eurostat,namq_10_gdp,namq_10_gdp.Q.CLV_PCH_SM.SCA.B1GQ,Quarterly real GDP growth YoY,https://ec.europa.eu/eurostat/databrowser/view/namq_10_gdp/default/table,2026-08-12T23:00:00+0200,final,2026-08-13 18:04:54,2026-08-12T23:00:00+0200
IT.GDP_REAL_GROWTH_YOY_Q.EUROSTAT,IT,IT,ITA,意大利,Italy,GDP_REAL_GROWTH_YOY_Q,季度实际GDP同比增速,Quarterly real GDP growth YoY,2024-Q3,Q,%,SCA,YoY,0.6,Eurostat,namq_10_gdp,namq_10_gdp.Q.CLV_PCH_SM.SCA.B1GQ,Quarterly real GDP growth YoY,https://ec.europa.eu/eurostat/databrowser/view/namq_10_gdp/default/table,2026-08-12T23:00:00+0200,final,2026-08-13 18:04:54,2026-08-12T23:00:00+0200
IT.GDP_REAL_GROWTH_YOY_Q.EUROSTAT,IT,IT,ITA,意大利,Italy,GDP_REAL_GROWTH_YOY_Q,季度实际GDP同比增速,Quarterly real GDP growth YoY,2024-Q4,Q,%,SCA,YoY,0.4,Eurostat,namq_10_gdp,namq_10_gdp.Q.CLV_PCH_SM.SCA.B1GQ,Quarterly real GDP growth YoY,https://ec.europa.eu/eurostat/databrowser/view/namq_10_gdp/default/table,2026-08-12T23:00:00+0200,final,2026-08-13 18:04:54,2026-08-12T23:00:00+0200
IT.GDP_REAL_GROWTH_YOY_Q.EUROSTAT,IT,IT,ITA,意大利,Italy,GDP_REAL_GROWTH_YOY_Q,季度实际GDP同比增速,Quarterly real GDP growth YoY,2025-Q1,Q,%,SCA,YoY,0.7,Eurostat,namq_10_gdp,namq_10_gdp.Q.CLV_PCH_SM.SCA.B1GQ,Quarterly real GDP growth YoY,https://ec.europa.eu/eurostat/databrowser/view/namq_10_gdp/default/table,2026-08-12T23:00:00+0200,final,2026-08-13 18:04:54,2026-08-12T23:00:00+0200
IT.GDP_REAL_GROWTH_YOY_Q.EUROSTAT,IT,IT,ITA,意大利,Italy,GDP_REAL_GROWTH_YOY_Q,季度实际GDP同比增速,Quarterly real GDP growth YoY,2025-Q2,Q,%,SCA,YoY,0.5,Eurostat,namq_10_gdp,namq_10_gdp.Q.CLV_PCH_SM.SCA.B1GQ,Quarterly real GDP growth YoY,https://ec.europa.eu/eurostat/databrowser/view/namq_10_gdp/default/table,2026-08-12T23:00:00+0200,final,2026-08-13 18:04:54,2026-08-12T23:00:00+0200
IT.GDP_REAL_GROWTH_YOY_Q.EUROSTAT,IT,IT,ITA,意大利,Italy,GDP_REAL_GROWTH_YOY_Q,季度实际GDP同比增速,Quarterly real GDP growth YoY,2025-Q3,Q,%,SCA,YoY,0.7,Eurostat,namq_10_gdp,namq_10_gdp.Q.CLV_PCH_SM.SCA.B1GQ,Quarterly real GDP growth YoY,https://ec.europa.eu/eurostat/databrowser/view/namq_10_gdp/default/table,2026-08-12T23:00:00+0200,final,2026-08-13 18:04:54,2026-08-12T23:00:00+0200
IT.GDP_REAL_GROWTH_YOY_Q.EUROSTAT,IT,IT,ITA,意大利,Italy,GDP_REAL_GROWTH_YOY_Q,季度实际GDP同比增速,Quarterly real GDP growth YoY,2025-Q4,Q,%,SCA,YoY,0.8,Eurostat,namq_10_gdp,namq_10_gdp.Q.CLV_PCH_SM.SCA.B1GQ,Quarterly real GDP growth YoY,https://ec.europa.eu/eurostat/databrowser/view/namq_10_gdp/default/table,2026-08-12T23:00:00+0200,final,2026-08-13 18:04:54,2026-08-12T23:00:00+0200
IT.GDP_REAL_GROWTH_YOY_Q.EUROSTAT,IT,IT,ITA,意大利,Italy,GDP_REAL_GROWTH_YOY_Q,季度实际GDP同比增速,Quarterly real GDP growth YoY,2026-Q1,Q,%,SCA,YoY,0.8,Eurostat,namq_10_gdp,namq_10_gdp.Q.CLV_PCH_SM.SCA.B1GQ,Quarterly real GDP growth YoY,https://ec.europa.eu/eurostat/databrowser/view/namq_10_gdp/default/table,2026-08-12T23:00:00+0200,final,2026-08-13 18:04:54,2026-08-12T23:00:00+0200
IT.GDP_REAL_GROWTH_YOY_Q.EUROSTAT,IT,IT,ITA,意大利,Italy,GDP_REAL_GROWTH_YOY_Q,季度实际GDP同比增速,Quarterly real GDP growth YoY,2026-Q2,Q,%,SCA,YoY,1.0,Eurostat,namq_10_gdp,namq_10_gdp.Q.CLV_PCH_SM.SCA.B1GQ,Quarterly real GDP growth YoY,https://ec.europa.eu/eurostat/databrowser/view/namq_10_gdp/default/table,2026-08-12T23:00:00+0200,final,2026-08-13 18:04:54,2026-08-12T23:00:00+0200
